[2026-06-20 19:27:02] BLOCKED: Outlook COM requires an interactive desktop session.
[2026-06-20 19:27:02] SESSIONNAME=(unset) - not an interactive user session.
[2026-06-20 19:27:02] Run sync_mfp_flagged.vbs from Startup folder instead, or run this script from a Windows terminal while logged in.
[2026-06-20 19:42:57] BLOCKED: Outlook COM requires an interactive desktop session.
[2026-06-20 19:42:57] SESSIONNAME=(unset) - not an interactive user session.
[2026-06-20 19:42:57] Run sync_mfp_flagged.vbs from Startup folder instead, or run this script from a Windows terminal while logged in.
[2026-06-20 19:58:57] BLOCKED: Outlook COM requires an interactive desktop session.
[2026-06-20 19:58:57] SESSIONNAME=(unset) - not an interactive user session.
[2026-06-20 19:58:57] Run sync_mfp_flagged.vbs from Startup folder instead, or run this script from a Windows terminal while logged in.
[2026-06-20 20:14:58] BLOCKED: Outlook COM requires an interactive desktop session.
[2026-06-20 20:14:58] SESSIONNAME=(unset) - not an interactive user session.
[2026-06-20 20:14:58] Run sync_mfp_flagged.vbs from Startup folder instead, or run this script from a Windows terminal while logged in.
[2026-06-20 20:31:00] BLOCKED: Outlook COM requires an interactive desktop session.
[2026-06-20 20:31:00] SESSIONNAME=(unset) - not an interactive user session.
[2026-06-20 20:31:00] Run sync_mfp_flagged.vbs from Startup folder instead, or run this script from a Windows terminal while logged in.
[2026-06-20 20:47:02] BLOCKED: Outlook COM requires an interactive desktop session.
[2026-06-20 20:47:02] SESSIONNAME=(unset) - not an interactive user session.
[2026-06-20 20:47:02] Run sync_mfp_flagged.vbs from Startup folder instead, or run this script from a Windows terminal while logged in.
[2026-06-20 21:03:00] BLOCKED: Outlook COM requires an interactive desktop session.
[2026-06-20 21:03:00] SESSIONNAME=(unset) - not an interactive user session.
[2026-06-20 21:03:00] Run sync_mfp_flagged.vbs from Startup folder instead, or run this script from a Windows terminal while logged in.
[2026-06-20 21:03:50] ============================================================
[2026-06-20 21:03:50] MFP Flagged Email Sync starting (direct mode)
[2026-06-20 21:06:30] BLOCKED: Outlook COM requires an interactive desktop session.
[2026-06-20 21:06:30] SESSIONNAME=(unset) - not an interactive user session.
[2026-06-20 21:06:30] Run sync_mfp_flagged.vbs from Startup folder instead, or run this script from a Windows terminal while logged in.
[2026-06-20 21:06:51] ERROR: Outlook COM dispatch failed: (-2147418111, 'Call was rejected by callee.', None, None)
[2026-06-20 21:18:06] BLOCKED: Outlook COM requires an interactive desktop session.
[2026-06-20 21:18:06] SESSIONNAME=(unset) - not an interactive user session.
[2026-06-20 21:18:06] Run sync_mfp_flagged.vbs from Startup folder instead, or run this script from a Windows terminal while logged in.
[2026-06-20 21:24:05] BLOCKED: Session 0 (use VBS startup script)
[2026-06-21 08:18:26] BLOCKED: Session 0 (use VBS startup script)
[2026-06-21 09:22:27] BLOCKED: Session 0 (use VBS startup script)
[2026-06-21 10:27:33] BLOCKED: Session 0 (use VBS startup script)
[2026-06-21 11:01:06] ============================================================
[2026-06-21 11:01:06] MFP cron fallback starting
[2026-06-21 11:01:06] Cache: flagged-local.json (created 2026-06-12 07:04), 25 actions
[2026-06-21 11:01:06] Posting 25 actions to Playbook API...
[2026-06-21 11:01:07] CRON FALLBACK: Pushed cached local backup (25 actions) to Playbook API
[2026-06-21 11:01:07] Playbook API response: status=ok, count=25, stored_at=2026-06-21T15:01:10.479Z
[2026-06-21 11:01:07] Result: 25 actions synced to Playbook
[2026-06-21 11:01:07] ============================================================
[2026-06-21 11:18:35] ============================================================
[2026-06-21 11:18:35] MFP cron fallback starting
[2026-06-21 11:18:35] Fallback already ran today (25 actions). Suppressing.
[2026-06-21 11:34:35] BLOCKED: Session 0 (use VBS startup script)
[2026-06-21 11:54:29] ============================================================
[2026-06-21 11:54:29] MFP cron fallback starting
[2026-06-21 11:54:29] Fallback already ran today (25 actions). Suppressing.
[2026-06-21 12:11:33] ============================================================
[2026-06-21 12:11:33] MFP cron fallback starting
[2026-06-21 12:11:33] Fallback already ran today (25 actions). Suppressing.
[2026-06-21 12:28:55] ============================================================
[2026-06-21 12:28:55] MFP cron fallback starting
[2026-06-21 12:28:55] Fallback already ran today (25 actions). Suppressing.
[2026-06-21 12:44:41] BLOCKED: Session 0 (use VBS startup script)
[2026-06-21 13:01:55] ============================================================
[2026-06-21 13:01:55] MFP cron fallback starting
[2026-06-21 13:01:55] Fallback already ran today (25 actions). Suppressing.
[2026-06-21 13:49:47] BLOCKED: Session 0 (use VBS startup script)
[2026-06-21 13:50:15] ============================================================
[2026-06-21 13:50:15] MFP Flagged Email Sync starting (direct mode)
[2026-06-21 13:53:17] ERROR: Outlook COM dispatch failed: (-2147418111, 'Call was rejected by callee.', None, None)
[2026-06-21 14:42:22] ============================================================
[2026-06-21 14:42:22] MFP Flagged Email Sync starting (direct mode)
[2026-06-21 14:45:23] ERROR: Outlook COM dispatch failed: (-2147418111, 'Call was rejected by callee.', None, None)
[2026-06-21 14:58:55] BLOCKED: Session 0 (use VBS startup script)
[2026-06-21 15:00:07] ============================================================
[2026-06-21 15:00:07] MFP cron fallback starting
[2026-06-21 15:00:07] Fallback already ran today (25 actions). Suppressing.
[2026-06-21 16:06:58] BLOCKED: Session 0 (use VBS startup script)
[2026-06-21 16:07:57] ============================================================
[2026-06-21 16:07:57] MFP cron fallback starting
[2026-06-21 16:07:57] Fallback already ran today (25 actions). Suppressing.
[2026-06-21 16:24:22] ============================================================
[2026-06-21 16:24:22] MFP cron fallback starting
[2026-06-21 16:24:22] Fallback already ran today (25 actions). Suppressing.
[2026-06-21 16:41:03] ============================================================
[2026-06-21 16:41:03] MFP cron fallback starting
[2026-06-21 16:41:03] Fallback already ran today (25 actions). Suppressing.
[2026-06-21 17:13:01] BLOCKED: Session 0 (use VBS startup script)
[2026-06-21 18:13:20] BLOCKED: Session 0 (use VBS startup script)
[2026-06-21 18:13:36] ============================================================
[2026-06-21 18:13:36] MFP cron fallback starting
[2026-06-21 18:13:36] Fallback already ran today (25 actions). Suppressing.
[2026-06-21 18:46:08] ============================================================
[2026-06-21 18:46:08] MFP cron fallback starting
[2026-06-21 18:46:08] Fallback already ran today (25 actions). Suppressing.
[2026-06-21 19:02:46] ============================================================
[2026-06-21 19:02:46] MFP cron fallback starting
[2026-06-21 19:02:46] Fallback already ran today (25 actions). Suppressing.
[2026-06-21 19:18:22] BLOCKED: Session 0 (use VBS startup script)
[2026-06-21 19:35:09] ============================================================
[2026-06-21 19:35:09] MFP cron fallback starting
[2026-06-21 19:35:09] Fallback already ran today (25 actions). Suppressing.
[2026-06-21 20:24:30] BLOCKED: Session 0 (use VBS startup script)
[2026-06-21 21:30:17] BLOCKED: Session 0 (use VBS startup script)
[2026-06-21 22:19:21] ============================================================
[2026-06-21 22:19:21] MFP cron fallback starting
[2026-06-21 22:19:21] Fallback already ran today (25 actions). Suppressing.
[2026-06-21 22:35:28] BLOCKED: Session 0 (use VBS startup script)
[2026-06-21 22:35:38] ============================================================
[2026-06-21 22:35:38] MFP cron fallback starting
[2026-06-21 22:35:38] Fallback already ran today (25 actions). Suppressing.
[2026-06-21 23:24:34] ============================================================
[2026-06-21 23:24:34] MFP cron fallback starting
[2026-06-21 23:24:34] Fallback already ran today (25 actions). Suppressing.
[2026-06-21 23:40:22] BLOCKED: Session 0 (use VBS startup script)
[2026-06-21 23:43:16] ============================================================
[2026-06-21 23:43:16] MFP cron fallback starting
[2026-06-21 23:43:16] Fallback already ran today (25 actions). Suppressing.
[2026-06-22 00:31:46] ============================================================
[2026-06-22 00:31:46] MFP cron fallback starting
[2026-06-22 00:31:46] Cache: flagged-local.json (created 2026-06-12 07:04), 25 actions
[2026-06-22 00:31:46] Posting 25 actions to Playbook API...
[2026-06-22 00:31:48] CRON FALLBACK: Pushed cached local backup (25 actions) to Playbook API
[2026-06-22 00:31:48] Playbook API response: status=ok, count=25, stored_at=2026-06-22T04:31:48.140Z
[2026-06-22 00:31:48] Result: 25 actions synced to Playbook
[2026-06-22 00:31:48] ============================================================
[2026-06-22 00:47:26] BLOCKED: Session 0 (use VBS startup script)
[2026-06-22 01:05:09] ============================================================
[2026-06-22 01:05:09] MFP cron fallback starting
[2026-06-22 01:05:09] Fallback already ran today (25 actions). Suppressing.
[2026-06-22 02:26:55] ============================================================
[2026-06-22 02:26:55] MFP cron fallback starting
[2026-06-22 02:26:55] Fallback already ran today (25 actions). Suppressing.
[2026-06-22 02:42:40] BLOCKED: Session 0 (use VBS startup script)
[2026-06-22 02:59:33] ============================================================
[2026-06-22 02:59:33] MFP cron fallback starting
[2026-06-22 02:59:33] Fallback already ran today (25 actions). Suppressing.
[2026-06-22 03:17:33] ============================================================
[2026-06-22 03:17:33] MFP cron fallback starting
[2026-06-22 03:17:33] Fallback already ran today (25 actions). Suppressing.
[2026-06-22 03:37:45] ============================================================
[2026-06-22 03:37:45] MFP cron fallback starting
[2026-06-22 03:37:45] Fallback already ran today (25 actions). Suppressing.
[2026-06-22 03:53:43] ============================================================
[2026-06-22 03:53:43] MFP cron fallback starting
[2026-06-22 03:53:43] Fallback already ran today (25 actions). Suppressing.
[2026-06-22 04:09:43] BLOCKED: Session 0 (use VBS startup script)
[2026-06-22 04:11:59] ============================================================
[2026-06-22 04:11:59] MFP cron fallback starting
[2026-06-22 04:11:59] Fallback already ran today (25 actions). Suppressing.
[2026-06-22 05:02:42] ============================================================
[2026-06-22 05:02:42] MFP Flagged Email Sync starting (direct mode)
[2026-06-22 05:05:43] ERROR: Outlook COM dispatch failed: (-2147418111, 'Call was rejected by callee.', None, None)
[2026-06-22 05:21:43] BLOCKED: Session 0 (use VBS startup script)
[2026-06-22 05:37:56] ============================================================
[2026-06-22 05:37:56] MFP cron fallback starting
[2026-06-22 05:37:56] Fallback already ran today (25 actions). Suppressing.
[2026-06-22 05:54:08] ============================================================
[2026-06-22 05:54:08] MFP cron fallback starting
[2026-06-22 05:54:08] Fallback already ran today (25 actions). Suppressing.
[2026-06-22 06:11:12] ============================================================
[2026-06-22 06:11:12] MFP cron fallback starting
[2026-06-22 06:11:12] Fallback already ran today (25 actions). Suppressing.
[2026-06-22 06:26:51] BLOCKED: Session 0 (use VBS startup script)
[2026-06-22 06:27:50] ============================================================
[2026-06-22 06:27:50] MFP cron fallback starting
[2026-06-22 06:27:50] Fallback already ran today (25 actions). Suppressing.
[2026-06-22 06:44:53] ============================================================
[2026-06-22 06:44:53] MFP cron fallback starting
[2026-06-22 06:44:53] Fallback already ran today (25 actions). Suppressing.
[2026-06-22 07:02:08] ============================================================
[2026-06-22 07:02:08] MFP cron fallback starting
[2026-06-22 07:02:08] Fallback already ran today (25 actions). Suppressing.
[2026-06-22 07:19:28] ============================================================
[2026-06-22 07:19:28] MFP Flagged Email Sync starting (direct mode)
[2026-06-22 07:22:10] ============================================================
[2026-06-22 07:22:10] MFP cron fallback starting
[2026-06-22 07:22:10] Fallback already ran today (25 actions). Suppressing.
[2026-06-22 07:22:29] ERROR: Outlook COM dispatch failed: (-2147418111, 'Call was rejected by callee.', None, None)
[2026-06-22 10:29:31] BLOCKED: Session 0 (use VBS startup script)
[2026-06-22 11:02:39] ============================================================
[2026-06-22 11:02:39] MFP cron fallback starting
[2026-06-22 11:02:39] Fallback already ran today (25 actions). Suppressing.
[2026-06-22 11:35:56] ============================================================
[2026-06-22 11:35:56] MFP cron fallback starting
[2026-06-22 11:35:56] Fallback already ran today (25 actions). Suppressing.
[2026-06-22 11:51:48] ============================================================
[2026-06-22 11:51:48] MFP cron fallback starting
[2026-06-22 11:51:48] Fallback already ran today (25 actions). Suppressing.
[2026-06-22 12:08:45] BLOCKED: Session 0 (use VBS startup script)
[2026-06-22 12:26:36] ============================================================
[2026-06-22 12:26:36] MFP cron fallback starting
[2026-06-22 12:26:36] Fallback already ran today (25 actions). Suppressing.
[2026-06-22 12:42:59] ============================================================
[2026-06-22 12:42:59] MFP cron fallback starting
[2026-06-22 12:42:59] Fallback already ran today (25 actions). Suppressing.
[2026-06-22 13:16:34] BLOCKED: Session 0 (use VBS startup script)
[2026-06-22 13:17:53] ============================================================
[2026-06-22 13:17:53] MFP Flagged Email Sync starting (direct mode)
[2026-06-22 13:20:54] ERROR: Outlook COM dispatch failed: (-2147418111, 'Call was rejected by callee.', None, None)
[2026-06-22 13:21:41] ============================================================
[2026-06-22 13:21:41] MFP cron fallback starting
[2026-06-22 13:21:41] Cache: flagged-local.json (created 2026-06-12 07:04:49), 25 actions
[2026-06-22 13:21:41] Posting 25 actions to Playbook API...
[2026-06-22 13:21:41] CRON FALLBACK: Pushed cached local backup (25 actions) to Playbook API
[2026-06-22 13:21:41] Playbook API response: status=ok, count=25, stored_at=2026-06-22T17:21:42.044Z
[2026-06-22 13:21:41] Result: 25 actions synced to Playbook
[2026-06-22 13:21:41] ============================================================
[2026-06-22 13:38:13] ============================================================
[2026-06-22 13:38:13] MFP cron fallback starting
[2026-06-22 13:38:13] Fallback already ran today (25 actions). Suppressing.
[2026-06-22 14:12:32] ============================================================
[2026-06-22 14:12:32] MFP cron fallback starting
[2026-06-22 14:12:32] Cache: flagged-local.json (created 2026-06-12 07:04:49), 25 actions
[2026-06-22 14:12:32] Fallback already ran today (25 actions). Suppressing.
[2026-06-22 14:28:45] BLOCKED: Session 0 (use VBS startup script)
[2026-06-22 14:45:47] ============================================================
[2026-06-22 14:45:47] MFP cron fallback starting
[2026-06-22 14:45:47] Fallback already ran today (25 actions). Suppressing.
[2026-06-22 15:02:34] ============================================================
[2026-06-22 15:02:34] MFP cron fallback starting
[2026-06-22 15:02:34] Fallback already ran today (25 actions). Suppressing.
[2026-06-22 16:14:47] BLOCKED: Session 0 (use VBS startup script)
[2026-06-22 16:15:44] ============================================================
[2026-06-22 16:15:44] MFP cron fallback starting
[2026-06-22 16:15:44] Fallback already ran today (25 actions). Suppressing.
[2026-06-22 17:08:07] ============================================================
[2026-06-22 17:08:07] MFP cron fallback starting
[2026-06-22 17:08:07] Fallback already ran today (25 actions). Suppressing.
[2026-06-22 17:24:05] BLOCKED: Session 0 (use VBS startup script)
[2026-06-22 17:44:24] ============================================================
[2026-06-22 17:44:24] MFP cron fallback starting
[2026-06-22 17:44:24] Fallback already ran today (25 actions). Suppressing.
[2026-06-22 18:17:59] ============================================================
[2026-06-22 18:17:59] MFP cron fallback starting
[2026-06-22 18:17:59] Cache: flagged-local.json (created 2026-06-12 07:04:49), 25 actions
[2026-06-22 18:17:59] Fallback already ran today (25 actions). Suppressing.
[2026-06-22 18:33:50] BLOCKED: Session 0 (use VBS startup script)
[2026-06-22 18:34:09] ============================================================
[2026-06-22 18:34:09] MFP cron fallback starting
[2026-06-22 18:34:09] Fallback already ran today (25 actions). Suppressing.
[2026-06-23 11:42:00] ============================================================
[2026-06-23 11:42:00] MFP cron fallback starting
[2026-06-23 11:42:00] Cache: flagged-local.json (created 2026-06-12 07:04), 25 actions
[2026-06-23 11:42:00] Posting 25 actions to Playbook API...
[2026-06-23 11:42:00] CRON FALLBACK: Pushed cached local backup (25 actions) to Playbook API
[2026-06-23 11:42:00] Playbook API response: status=ok, count=25, stored_at=2026-06-23T15:42:03.261Z
[2026-06-23 11:42:00] Result: 25 actions synced to Playbook
[2026-06-23 11:42:00] ============================================================
[2026-06-23 11:58:38] BLOCKED: Session 0 (use VBS startup script)
[2026-06-23 12:00:39] ============================================================
[2026-06-23 12:00:39] MFP cron fallback starting
[2026-06-23 12:00:39] Fallback already ran today (25 actions). Suppressing.
[2026-06-23 12:53:22] ============================================================
[2026-06-23 12:53:22] MFP cron fallback starting
[2026-06-23 12:53:22] Cache: flagged-local.json (created 2026-06-12 07:04:49), 25 actions
[2026-06-23 12:53:22] Posting 25 actions to Playbook API...
[2026-06-23 12:53:22] CRON FALLBACK: Pushed cached local backup (25 actions) to Playbook API
[2026-06-23 12:53:22] Playbook API response: status=ok, count=25, stored_at=2026-06-23T16:53:25.214Z
[2026-06-23 12:53:22] Result: 25 actions synced to Playbook
[2026-06-23 12:53:22] ============================================================
[2026-06-23 13:09:35] BLOCKED: Session 0 (use VBS startup script)
[2026-06-23 13:10:06] ============================================================
[2026-06-23 13:10:06] MFP cron fallback starting
[2026-06-23 13:10:06] Cache: flagged-local.json (created 2026-06-12 07:04:49), 25 actions
[2026-06-23 13:10:06] Fallback already ran today (25 actions). Suppressing.
[2026-06-23 20:55:16] BLOCKED: Session 0 (use VBS startup script)
[2026-06-23 20:56:09] ============================================================
[2026-06-23 20:56:09] MFP cron fallback starting
[2026-06-23 20:56:09] Cache: flagged-local.json (created 2026-06-12 07:04:49), 25 actions
[2026-06-23 20:56:09] Fallback already ran today (25 actions). Suppressing.
[2026-06-23 21:13:57] ============================================================
[2026-06-23 21:13:57] MFP cron fallback starting
[2026-06-23 21:13:57] Fallback already ran today (25 actions). Suppressing.
[2026-06-24 10:16:59] BLOCKED: Session 0 (use VBS startup script)
[2026-06-24 10:33:30] ============================================================
[2026-06-24 10:33:30] MFP cron fallback starting
[2026-06-24 10:33:30] Cache: flagged-local.json (created 2026-06-12 07:04:49), 25 actions
[2026-06-24 10:33:30] Posting 25 actions to Playbook API...
[2026-06-24 10:33:31] CRON FALLBACK: Pushed cached local backup (25 actions) to Playbook API
[2026-06-24 10:33:31] Playbook API response: status=ok, count=25, stored_at=2026-06-24T14:33:35.799Z
[2026-06-24 10:33:31] Result: 25 actions synced to Playbook
[2026-06-24 10:33:31] ============================================================
[2026-06-24 11:06:59] ============================================================
[2026-06-24 11:06:59] MFP cron fallback starting
[2026-06-24 11:06:59] Cache: flagged-local.json (created 2026-06-12 07:04:49), 25 actions
[2026-06-24 11:06:59] Fallback already ran today (25 actions). Suppressing.
[2026-06-24 11:23:14] BLOCKED: Session 0 (use VBS startup script)
[2026-06-24 11:39:14] ============================================================
[2026-06-24 11:39:14] MFP cron fallback starting
[2026-06-24 11:39:14] Cache: flagged-local.json (created 2026-06-12 07:04:49), 25 actions
[2026-06-24 11:39:14] Fallback already ran today (25 actions). Suppressing.
[2026-06-24 11:55:29] ============================================================
[2026-06-24 11:55:29] MFP Flagged Email Sync starting (direct mode)
[2026-06-24 11:55:34] Outlook Dispatch OK
[2026-06-24 11:55:34] MAPI namespace OK
[2026-06-24 11:56:22] ============================================================
[2026-06-24 11:56:22] MFP cron fallback starting
[2026-06-24 11:56:22] Fallback already ran today (25 actions). Suppressing.
[2026-06-24 12:14:44] ============================================================
[2026-06-24 12:14:44] MFP cron fallback starting
[2026-06-24 12:14:44] Cache: flagged-local.json (created 2026-06-12 07:04:49), 25 actions
[2026-06-24 12:14:44] Fallback already ran today (25 actions). Suppressing.
[2026-06-24 12:31:31] BLOCKED: Session 0 (use VBS startup script)
[2026-06-24 12:31:57] ============================================================
[2026-06-24 12:31:57] MFP cron fallback starting
[2026-06-24 12:31:57] Cache: flagged-local.json (created 2026-06-12 07:04:49), 25 actions
[2026-06-24 12:31:57] Fallback already ran today (25 actions). Suppressing.
[2026-06-24 13:40:14] BLOCKED: Session 0 (use VBS startup script)
[2026-06-24 14:13:28] ============================================================
[2026-06-24 14:13:28] MFP cron fallback starting
[2026-06-24 14:13:28] Fallback already ran today (25 actions). Suppressing.
[2026-06-24 14:30:37] ============================================================
[2026-06-24 14:30:37] MFP cron fallback starting
[2026-06-24 14:30:37] Fallback already ran today (25 actions). Suppressing.
[2026-06-24 14:47:27] BLOCKED: Session 0 (use VBS startup script)
[2026-06-24 15:07:54] ============================================================
[2026-06-24 15:07:54] MFP cron fallback starting
[2026-06-24 15:07:54] Fallback already ran today (25 actions). Suppressing.
[2026-06-24 15:40:46] ============================================================
[2026-06-24 15:40:46] MFP cron fallback starting
[2026-06-24 15:40:46] Fallback already ran today (25 actions). Suppressing.
[2026-06-24 15:57:27] BLOCKED: Session 0 (use VBS startup script)
[2026-06-24 16:31:31] ============================================================
[2026-06-24 16:31:31] MFP Flagged Email Sync starting (direct mode)
[2026-06-24 16:31:33] Outlook Dispatch OK
[2026-06-24 16:31:33] MAPI namespace OK
[2026-06-24 16:34:29] ============================================================
[2026-06-24 16:34:29] MFP Flagged Email Sync starting (direct mode)
[2026-06-24 17:07:37] BLOCKED: Session 0 (use VBS startup script)
[2026-06-24 17:07:57] ============================================================
[2026-06-24 17:07:57] MFP cron fallback starting
[2026-06-24 17:07:57] Cache: flagged-local.json (created 2026-06-12 07:04:49), 25 actions
[2026-06-24 17:07:57] Fallback already ran today (25 actions). Suppressing.
[2026-06-24 17:26:05] ============================================================
[2026-06-24 17:26:05] MFP cron fallback starting
[2026-06-24 17:26:05] Fallback already ran today (25 actions). Suppressing.
[2026-06-25 22:58:15] BLOCKED: Session 0 (use VBS startup script)
[2026-06-25 23:16:07] ============================================================
[2026-06-25 23:16:07] MFP cron fallback starting
[2026-06-25 23:16:07] Cache: flagged-local.json (created 2026-06-12 07:04), 25 actions
[2026-06-25 23:16:07] Posting 25 actions to Playbook API...
[2026-06-25 23:16:08] CRON FALLBACK: Pushed cached local backup (25 actions) to Playbook API
[2026-06-25 23:16:08] Playbook API response: status=ok, count=25, stored_at=2026-06-26T03:16:10.971Z
[2026-06-25 23:16:08] Result: 25 actions synced to Playbook
[2026-06-25 23:16:08] ============================================================
[2026-06-25 23:49:58] ============================================================
[2026-06-25 23:49:58] MFP Flagged Email Sync starting (direct mode)
[2026-06-25 23:52:59] ERROR: Outlook COM dispatch failed: (-2147418111, 'Call was rejected by callee.', None, None)
[2026-06-26 00:07:38] BLOCKED: Session 0 (use VBS startup script)
[2026-06-26 01:12:44] BLOCKED: Session 0 (use VBS startup script)
[2026-06-26 01:13:34] ============================================================
[2026-06-26 01:13:34] MFP cron fallback starting
[2026-06-26 01:13:34] Cache: flagged-local.json (created 2026-06-12 07:04), 25 actions
[2026-06-26 01:13:34] Posting 25 actions to Playbook API...
[2026-06-26 01:13:35] CRON FALLBACK: Pushed cached local backup (25 actions) to Playbook API
[2026-06-26 01:13:35] Playbook API response: status=ok, count=25, stored_at=2026-06-26T05:13:37.848Z
[2026-06-26 01:13:35] Result: 25 actions synced to Playbook
[2026-06-26 01:13:35] ============================================================
[2026-06-26 01:30:45] ============================================================
[2026-06-26 01:30:45] MFP cron fallback starting
[2026-06-26 01:30:45] Fallback already ran today (25 actions). Suppressing.
[2026-06-26 01:47:02] ============================================================
[2026-06-26 01:47:02] MFP cron fallback starting
[2026-06-26 01:47:02] Fallback already ran today (25 actions). Suppressing.
[2026-06-26 02:19:40] BLOCKED: Session 0 (use VBS startup script)
[2026-06-26 02:22:21] ============================================================
[2026-06-26 02:22:21] MFP cron fallback starting
[2026-06-26 02:22:21] Cache: flagged-local.json (created 2026-06-12 07:04:49), 25 actions
[2026-06-26 02:22:21] Posting 25 actions to Playbook API...
[2026-06-26 02:22:22] CRON FALLBACK: Pushed cached local backup (25 actions) to Playbook API
[2026-06-26 02:22:22] Playbook API response: status=ok, count=25, stored_at=2026-06-26T06:22:25.035Z
[2026-06-26 02:22:22] Result: 25 actions synced to Playbook
[2026-06-26 02:22:22] ============================================================
[2026-06-26 02:40:00] ============================================================
[2026-06-26 02:40:00] MFP cron fallback starting
[2026-06-26 02:40:00] Cache: flagged-local.json (created 2026-06-12 07:04:49), 25 actions
[2026-06-26 02:40:00] Fallback already ran today (25 actions). Suppressing.
[2026-06-26 02:55:42] ============================================================
[2026-06-26 02:55:42] MFP cron fallback starting
[2026-06-26 02:55:42] Fallback already ran today (25 actions). Suppressing.
[2026-06-26 03:14:15] ============================================================
[2026-06-26 03:14:15] MFP cron fallback starting
[2026-06-26 03:14:15] Fallback already ran today (25 actions). Suppressing.
[2026-06-26 03:30:56] BLOCKED: Session 0 (use VBS startup script)
[2026-06-26 03:31:21] ============================================================
[2026-06-26 03:31:21] MFP cron fallback starting
[2026-06-26 03:31:21] Cache: flagged-local.json (created 2026-06-12 07:04:49), 25 actions
[2026-06-26 03:31:21] Fallback already ran today (25 actions). Suppressing.
[2026-06-26 03:48:11] ============================================================
[2026-06-26 03:48:11] MFP cron fallback starting
[2026-06-26 03:48:11] Fallback already ran today (25 actions). Suppressing.
[2026-06-26 04:05:12] ============================================================
[2026-06-26 04:05:12] MFP cron fallback starting
[2026-06-26 04:05:12] Fallback already ran today (25 actions). Suppressing.
[2026-06-26 04:21:35] ============================================================
[2026-06-26 04:21:35] MFP cron fallback starting
[2026-06-26 04:21:35] Fallback already ran today (25 actions). Suppressing.
[2026-06-26 04:38:18] ============================================================
[2026-06-26 04:38:18] MFP cron fallback starting
[2026-06-26 04:38:18] Fallback already ran today (25 actions). Suppressing.
[2026-06-26 09:58:17] BLOCKED: Session 0 (use VBS startup script)
[2026-06-26 09:58:46] ============================================================
[2026-06-26 09:58:46] MFP cron fallback starting
[2026-06-26 09:58:46] Fallback already ran today (25 actions). Suppressing.
[2026-06-26 10:17:07] ============================================================
[2026-06-26 10:17:07] MFP cron fallback starting
[2026-06-26 10:17:07] Fallback already ran today (25 actions). Suppressing.
[2026-06-26 10:49:32] ============================================================
[2026-06-26 10:49:32] MFP Flagged Email Sync starting (direct mode)
[2026-06-26 10:50:52] ============================================================
[2026-06-26 10:50:52] MFP cron fallback starting
[2026-06-26 10:50:52] Cache: flagged-local.json (created 2026-06-12 07:04:49), 25 actions
[2026-06-26 10:50:52] Fallback already ran today (25 actions). Suppressing.
[2026-06-26 10:52:33] ERROR: Outlook COM dispatch failed: (-2147418111, 'Call was rejected by callee.', None, None)
[2026-06-26 11:07:35] BLOCKED: Session 0 (use VBS startup script)
[2026-06-26 11:07:55] ============================================================
[2026-06-26 11:07:55] MFP cron fallback starting
[2026-06-26 11:07:55] Fallback already ran today (25 actions). Suppressing.
[2026-06-26 11:41:28] ============================================================
[2026-06-26 11:41:28] MFP cron fallback starting
[2026-06-26 11:41:28] Fallback already ran today (25 actions). Suppressing.
[2026-06-26 11:58:29] ============================================================
[2026-06-26 11:58:29] MFP cron fallback starting
[2026-06-26 11:58:29] Cache: flagged-local.json (created 2026-06-12 07:04:49), 25 actions
[2026-06-26 11:58:29] Fallback already ran today (25 actions). Suppressing.
[2026-06-26 12:15:02] BLOCKED: Session 0 (use VBS startup script)
[2026-06-26 12:15:06] ============================================================
[2026-06-26 12:15:06] MFP Flagged Email Sync starting (direct mode)
[2026-06-26 12:17:27] ============================================================
[2026-06-26 12:17:27] MFP cron fallback starting
[2026-06-26 12:17:27] Cache: flagged-local.json (created 2026-06-12 07:04:49), 25 actions
[2026-06-26 12:17:27] Fallback already ran today (25 actions). Suppressing.
[2026-06-26 12:18:07] ERROR: Outlook COM dispatch failed: (-2147418111, 'Call was rejected by callee.', None, None)
[2026-06-26 12:34:38] ============================================================
[2026-06-26 12:34:38] MFP cron fallback starting
[2026-06-26 12:34:38] Fallback already ran today (25 actions). Suppressing.
[2026-06-26 13:10:11] ============================================================
[2026-06-26 13:10:11] MFP cron fallback starting
[2026-06-26 13:10:11] Cache: flagged-local.json (created 2026-06-12 07:04:49), 25 actions
[2026-06-26 13:10:11] Fallback already ran today (25 actions). Suppressing.
[2026-06-26 13:26:38] BLOCKED: Session 0 (use VBS startup script)
[2026-06-26 14:01:27] ============================================================
[2026-06-26 14:01:27] MFP Flagged Email Sync starting (direct mode)
[2026-06-26 14:04:28] ERROR: Outlook COM dispatch failed: (-2147418111, 'Call was rejected by callee.', None, None)
[2026-06-26 14:05:50] ============================================================
[2026-06-26 14:05:50] MFP cron fallback starting
[2026-06-26 14:05:50] Cache: flagged-local.json (created 2026-06-12 07:04:49), 25 actions
[2026-06-26 14:05:50] Fallback already ran today (25 actions). Suppressing.
[2026-06-26 14:40:01] BLOCKED: Session 0 (use VBS startup script)
[2026-06-26 14:57:53] ============================================================
[2026-06-26 14:57:53] MFP cron fallback starting
[2026-06-26 14:57:53] Fallback already ran today (25 actions). Suppressing.
[2026-06-26 15:14:39] ============================================================
[2026-06-26 15:14:39] MFP cron fallback starting
[2026-06-26 15:14:39] Fallback already ran today (25 actions). Suppressing.
[2026-06-27 16:07:44] BLOCKED: Session 0 (use VBS startup script)
[2026-06-27 16:08:13] ============================================================
[2026-06-27 16:08:13] MFP cron fallback starting
[2026-06-27 16:08:13] Cache: flagged-local.json (created 2026-06-12 07:04), 25 actions
[2026-06-27 16:08:13] Posting 25 actions to Playbook API...
[2026-06-27 16:08:13] CRON FALLBACK: Pushed cached local backup (25 actions) to Playbook API
[2026-06-27 16:08:13] Playbook API response: status=ok, count=25, stored_at=2026-06-27T20:08:15.761Z
[2026-06-27 16:08:13] Result: 25 actions synced to Playbook
[2026-06-27 16:08:13] ============================================================
[2026-06-27 16:24:21] ============================================================
[2026-06-27 16:24:21] MFP cron fallback starting
[2026-06-27 16:24:21] Fallback already ran today (25 actions). Suppressing.
[2026-06-27 17:10:49] BLOCKED: Session 0 (use VBS startup script)
[2026-06-27 17:43:44] ============================================================
[2026-06-27 17:43:44] MFP cron fallback starting
[2026-06-27 17:43:44] Fallback already ran today (25 actions). Suppressing.
[2026-06-27 18:01:09] ============================================================
[2026-06-27 18:01:09] MFP cron fallback starting
[2026-06-27 18:01:09] Fallback already ran today (25 actions). Suppressing.
[2026-06-27 18:16:54] BLOCKED: Session 0 (use VBS startup script)
[2026-06-27 19:22:59] BLOCKED: Session 0 (use VBS startup script)
[2026-06-27 19:39:39] ============================================================
[2026-06-27 19:39:39] MFP cron fallback starting
[2026-06-27 19:39:39] Fallback already ran today (25 actions). Suppressing.
[2026-06-27 19:55:29] ============================================================
[2026-06-27 19:55:29] MFP cron fallback starting
[2026-06-27 19:55:29] Fallback already ran today (25 actions). Suppressing.
[2026-06-27 20:11:34] ============================================================
[2026-06-27 20:11:34] MFP cron fallback starting
[2026-06-27 20:11:34] Cache: flagged-local.json (created 2026-06-12 07:04:49), 25 actions
[2026-06-27 20:11:34] Posting 25 actions to Playbook API...
[2026-06-27 20:11:34] CRON FALLBACK: Pushed cached local backup (25 actions) to Playbook API
[2026-06-27 20:11:34] Playbook API response: status=ok, count=25, stored_at=2026-06-28T00:11:34.933Z
[2026-06-27 20:11:34] Result: 25 actions synced to Playbook
[2026-06-27 20:11:34] ============================================================
[2026-06-27 20:27:03] BLOCKED: Session 0 (use VBS startup script)
[2026-06-27 20:30:41] ============================================================
[2026-06-27 20:30:41] MFP cron fallback starting
[2026-06-27 20:30:41] Cache: flagged-local.json (created 2026-06-12 07:04:49), 25 actions
[2026-06-27 20:30:41] Fallback already ran today (25 actions). Suppressing.
[2026-06-27 21:36:08] BLOCKED: Session 0 (use VBS startup script)
[2026-06-27 21:36:56] ============================================================
[2026-06-27 21:36:56] MFP cron fallback starting
[2026-06-27 21:36:56] Fallback already ran today (25 actions). Suppressing.
[2026-06-27 22:11:23] ============================================================
[2026-06-27 22:11:23] MFP cron fallback starting
[2026-06-27 22:11:23] Fallback already ran today (25 actions). Suppressing.
[2026-06-27 22:27:35] ============================================================
[2026-06-27 22:27:35] MFP cron fallback starting
[2026-06-27 22:27:35] Fallback already ran today (25 actions). Suppressing.
[2026-06-27 22:43:09] BLOCKED: Session 0 (use VBS startup script)
[2026-06-27 23:00:56] ============================================================
[2026-06-27 23:00:56] MFP cron fallback starting
[2026-06-27 23:00:56] Fallback already ran today (25 actions). Suppressing.
[2026-06-27 23:17:37] ============================================================
[2026-06-27 23:17:37] MFP cron fallback starting
[2026-06-27 23:17:37] Fallback already ran today (25 actions). Suppressing.
[2026-06-27 23:33:41] ============================================================
[2026-06-27 23:33:41] MFP cron fallback starting
[2026-06-27 23:33:41] Fallback already ran today (25 actions). Suppressing.
[2026-06-27 23:49:15] BLOCKED: Session 0 (use VBS startup script)
[2026-06-28 00:07:36] ============================================================
[2026-06-28 00:07:36] MFP cron fallback starting
[2026-06-28 00:07:36] Cache: flagged-local.json (created 2026-06-12 07:04), 25 actions
[2026-06-28 00:07:36] Posting 25 actions to Playbook API...
[2026-06-28 00:07:37] CRON FALLBACK: Pushed cached local backup (25 actions) to Playbook API
[2026-06-28 00:07:37] Playbook API response: status=ok, count=25, stored_at=2026-06-28T04:07:37.307Z
[2026-06-28 00:07:37] Result: 25 actions synced to Playbook
[2026-06-28 00:07:37] ============================================================
[2026-06-28 00:23:52] ============================================================
[2026-06-28 00:23:52] MFP cron fallback starting
[2026-06-28 00:23:52] Fallback already ran today (25 actions). Suppressing.
[2026-06-28 00:56:15] BLOCKED: Session 0 (use VBS startup script)
[2026-06-28 00:56:28] ============================================================
[2026-06-28 00:56:28] MFP cron fallback starting
[2026-06-28 00:56:28] Fallback already ran today (25 actions). Suppressing.
[2026-06-28 01:13:38] ============================================================
[2026-06-28 01:13:38] MFP cron fallback starting
[2026-06-28 01:13:38] Cache: flagged-local.json (created 2026-06-12 07:04:49), 25 actions
[2026-06-28 01:13:38] Posting 25 actions to Playbook API...
[2026-06-28 01:13:39] CRON FALLBACK: Pushed cached local backup (25 actions) to Playbook API
[2026-06-28 01:13:39] Playbook API response: status=ok, count=25, stored_at=2026-06-28T05:13:39.194Z
[2026-06-28 01:13:39] Result: 25 actions synced to Playbook
[2026-06-28 01:13:39] ============================================================
[2026-06-28 01:29:42] ============================================================
[2026-06-28 01:29:42] MFP cron fallback starting
[2026-06-28 01:29:42] Fallback already ran today (25 actions). Suppressing.
[2026-06-28 01:45:51] ============================================================
[2026-06-28 01:45:51] MFP cron fallback starting
[2026-06-28 01:45:51] Fallback already ran today (25 actions). Suppressing.
[2026-06-28 02:02:18] BLOCKED: Session 0 (use VBS startup script)
[2026-06-28 02:19:29] ============================================================
[2026-06-28 02:19:29] MFP cron fallback starting
[2026-06-28 02:19:29] Fallback already ran today (25 actions). Suppressing.
[2026-06-28 02:35:48] ============================================================
[2026-06-28 02:35:48] MFP cron fallback starting
[2026-06-28 02:35:48] Fallback already ran today (25 actions). Suppressing.
[2026-06-28 02:52:48] ============================================================
[2026-06-28 02:52:48] MFP cron fallback starting
[2026-06-28 02:52:48] Cache: flagged-local.json (created 2026-06-12 07:04:49), 25 actions
[2026-06-28 02:52:48] Fallback already ran today (25 actions). Suppressing.
[2026-06-28 03:08:43] ============================================================
[2026-06-28 03:08:43] MFP cron fallback starting
[2026-06-28 03:08:43] Fallback already ran today (25 actions). Suppressing.
[2026-06-28 03:24:35] ============================================================
[2026-06-28 03:24:35] MFP cron fallback starting
[2026-06-28 03:24:35] Fallback already ran today (25 actions). Suppressing.
[2026-06-28 03:40:18] BLOCKED: Session 0 (use VBS startup script)
[2026-06-28 04:48:24] BLOCKED: Session 0 (use VBS startup script)
[2026-06-28 04:48:42] ============================================================
[2026-06-28 04:48:42] MFP cron fallback starting
[2026-06-28 04:48:42] Fallback already ran today (25 actions). Suppressing.
[2026-06-28 05:21:53] ============================================================
[2026-06-28 05:21:53] MFP cron fallback starting
[2026-06-28 05:21:53] Fallback already ran today (25 actions). Suppressing.
[2026-06-28 05:37:45] ============================================================
[2026-06-28 05:37:45] MFP cron fallback starting
[2026-06-28 05:37:45] Fallback already ran today (25 actions). Suppressing.
[2026-06-28 05:54:18] ============================================================
[2026-06-28 05:54:18] MFP cron fallback starting
[2026-06-28 05:54:18] Fallback already ran today (25 actions). Suppressing.
[2026-06-28 05:54:22] BLOCKED: Session 0 (use VBS startup script)
[2026-06-28 06:28:18] ============================================================
[2026-06-28 06:28:18] MFP cron fallback starting
[2026-06-28 06:28:18] Cache: flagged-local.json (created 2026-06-12 07:04:49), 25 actions
[2026-06-28 06:28:18] Fallback already ran today (25 actions). Suppressing.
[2026-06-28 07:00:53] BLOCKED: Session 0 (use VBS startup script)
[2026-06-28 07:01:07] ============================================================
[2026-06-28 07:01:07] MFP cron fallback starting
[2026-06-28 07:01:07] Fallback already ran today (25 actions). Suppressing.
[2026-06-28 07:18:25] ============================================================
[2026-06-28 07:18:25] MFP cron fallback starting
[2026-06-28 07:18:25] Cache: flagged-local.json (created 2026-06-12 07:04:49), 25 actions
[2026-06-28 07:18:25] Fallback already ran today (25 actions). Suppressing.
[2026-06-28 07:34:50] ============================================================
[2026-06-28 07:34:50] MFP cron fallback starting
[2026-06-28 07:34:50] Fallback already ran today (25 actions). Suppressing.
[2026-06-28 07:51:01] ============================================================
[2026-06-28 07:51:01] MFP cron fallback starting
[2026-06-28 07:51:01] Fallback already ran today (25 actions). Suppressing.
[2026-06-28 08:08:06] ============================================================
[2026-06-28 08:08:06] MFP cron fallback starting
[2026-06-28 08:08:06] Fallback already ran today (25 actions). Suppressing.
[2026-06-28 08:24:32] BLOCKED: Session 0 (use VBS startup script)
[2026-06-28 08:41:07] ============================================================
[2026-06-28 08:41:07] MFP cron fallback starting
[2026-06-28 08:41:07] Fallback already ran today (25 actions). Suppressing.
[2026-06-28 08:56:56] ============================================================
[2026-06-28 08:56:56] MFP cron fallback starting
[2026-06-28 08:56:56] Fallback already ran today (25 actions). Suppressing.
[2026-06-28 09:14:23] ============================================================
[2026-06-28 09:14:23] MFP cron fallback starting
[2026-06-28 09:14:23] Fallback already ran today (25 actions). Suppressing.
[2026-06-28 09:30:33] BLOCKED: Session 0 (use VBS startup script)
[2026-06-28 09:31:21] ============================================================
[2026-06-28 09:31:21] MFP cron fallback starting
[2026-06-28 09:31:21] Fallback already ran today (25 actions). Suppressing.
[2026-06-28 09:48:05] ============================================================
[2026-06-28 09:48:05] MFP cron fallback starting
[2026-06-28 09:48:05] Cache: flagged-local.json (created 2026-06-12 07:04:49), 25 actions
[2026-06-28 09:48:05] Fallback already ran today (25 actions). Suppressing.
[2026-06-28 10:05:55] ============================================================
[2026-06-28 10:05:55] MFP cron fallback starting
[2026-06-28 10:05:55] Fallback already ran today (25 actions). Suppressing.
[2026-06-28 10:22:17] ============================================================
[2026-06-28 10:22:17] MFP cron fallback starting
[2026-06-28 10:22:17] Fallback already ran today (25 actions). Suppressing.
[2026-06-28 10:38:58] ============================================================
[2026-06-28 10:38:58] MFP cron fallback starting
[2026-06-28 10:38:58] Fallback already ran today (25 actions). Suppressing.
[2026-06-28 10:54:35] BLOCKED: Session 0 (use VBS startup script)
[2026-06-28 11:28:12] ============================================================
[2026-06-28 11:28:12] MFP cron fallback starting
[2026-06-28 11:28:12] Cache: flagged-local.json (created 2026-06-12 07:04:49), 25 actions
[2026-06-28 11:28:12] Fallback already ran today (25 actions). Suppressing.
[2026-06-28 11:44:51] ============================================================
[2026-06-28 11:44:51] MFP cron fallback starting
[2026-06-28 11:44:51] Fallback already ran today (25 actions). Suppressing.
[2026-06-28 12:02:04] BLOCKED: Session 0 (use VBS startup script)
[2026-06-28 12:02:57] ============================================================
[2026-06-28 12:02:57] MFP cron fallback starting
[2026-06-28 12:02:57] Fallback already ran today (25 actions). Suppressing.
[2026-06-28 12:19:02] ============================================================
[2026-06-28 12:19:02] MFP cron fallback starting
[2026-06-28 12:19:02] Fallback already ran today (25 actions). Suppressing.
[2026-06-28 13:07:41] BLOCKED: Session 0 (use VBS startup script)
[2026-06-28 13:08:37] ============================================================
[2026-06-28 13:08:37] MFP cron fallback starting
[2026-06-28 13:08:37] Cache: flagged-local.json (created 2026-06-12 07:04:49), 25 actions
[2026-06-28 13:08:37] Fallback already ran today (25 actions). Suppressing.
[2026-06-28 13:25:25] ============================================================
[2026-06-28 13:25:25] MFP cron fallback starting
[2026-06-28 13:25:25] Fallback already ran today (25 actions). Suppressing.
[2026-06-28 13:42:04] ============================================================
[2026-06-28 13:42:04] MFP cron fallback starting
[2026-06-28 13:42:04] Fallback already ran today (25 actions). Suppressing.
[2026-06-28 14:15:52] BLOCKED: Session 0 (use VBS startup script)
[2026-06-28 14:17:35] ============================================================
[2026-06-28 14:17:35] MFP cron fallback starting
[2026-06-28 14:17:35] Cache: flagged-local.json (created 2026-06-12 07:04:49), 25 actions
[2026-06-28 14:17:35] Fallback already ran today (25 actions). Suppressing.
[2026-06-28 14:35:12] ============================================================
[2026-06-28 14:35:12] MFP cron fallback starting
[2026-06-28 14:35:12] Fallback already ran today (25 actions). Suppressing.
[2026-06-28 15:07:34] ============================================================
[2026-06-28 15:07:34] MFP cron fallback starting
[2026-06-28 15:07:34] Fallback already ran today (25 actions). Suppressing.
[2026-06-28 15:23:53] BLOCKED: Session 0 (use VBS startup script)
[2026-06-28 15:41:54] ============================================================
[2026-06-28 15:41:54] MFP cron fallback starting
[2026-06-28 15:41:54] Fallback already ran today (25 actions). Suppressing.
[2026-06-28 16:31:03] BLOCKED: Session 0 (use VBS startup script)
[2026-06-28 16:31:28] ============================================================
[2026-06-28 16:31:28] MFP cron fallback starting
[2026-06-28 16:31:28] Cache: flagged-local.json (created 2026-06-12 07:04:49), 25 actions
[2026-06-28 16:31:28] Fallback already ran today (25 actions). Suppressing.
[2026-06-28 16:48:16] ============================================================
[2026-06-28 16:48:16] MFP Flagged Email Sync starting (direct mode)
[2026-06-28 16:50:08] ============================================================
[2026-06-28 16:50:08] MFP cron fallback starting
[2026-06-28 16:50:08] Fallback already ran today (25 actions). Suppressing.
[2026-06-28 16:50:16] ERROR: Outlook COM dispatch failed: (-2146959355, 'Server execution failed', None, None)
[2026-06-28 17:07:08] ============================================================
[2026-06-28 17:07:08] MFP cron fallback starting
[2026-06-28 17:07:08] Fallback already ran today (25 actions). Suppressing.
[2026-06-28 17:23:56] ============================================================
[2026-06-28 17:23:56] MFP cron fallback starting
[2026-06-28 17:23:56] Fallback already ran today (25 actions). Suppressing.
[2026-06-28 17:40:23] ============================================================
[2026-06-28 17:40:23] MFP cron fallback starting
[2026-06-28 17:40:23] Fallback already ran today (25 actions). Suppressing.
[2026-06-28 17:55:58] BLOCKED: Session 0 (use VBS startup script)
[2026-06-28 17:56:24] ============================================================
[2026-06-28 17:56:24] MFP Flagged Email Sync starting (direct mode)
[2026-06-28 17:58:24] ERROR: Outlook COM dispatch failed: (-2146959355, 'Server execution failed', None, None)
[2026-06-28 17:59:13] ============================================================
[2026-06-28 17:59:13] MFP cron fallback starting
[2026-06-28 17:59:13] Fallback already ran today (25 actions). Suppressing.
[2026-06-28 18:16:08] ============================================================
[2026-06-28 18:16:08] MFP cron fallback starting
[2026-06-28 18:16:08] Cache: flagged-local.json (created 2026-06-12 07:04:49), 25 actions
[2026-06-28 18:16:08] Fallback already ran today (25 actions). Suppressing.
[2026-06-28 18:33:00] ============================================================
[2026-06-28 18:33:00] MFP cron fallback starting
[2026-06-28 18:33:00] Cache: flagged-local.json (created 2026-06-12 07:04:49), 25 actions
[2026-06-28 18:33:00] Fallback already ran today (25 actions). Suppressing.
[2026-06-28 19:06:18] ============================================================
[2026-06-28 19:06:18] MFP cron fallback starting
[2026-06-28 19:06:18] Fallback already ran today (25 actions). Suppressing.
[2026-06-28 19:22:02] BLOCKED: Session 0 (use VBS startup script)
[2026-06-28 19:38:15] ============================================================
[2026-06-28 19:38:15] MFP cron fallback starting
[2026-06-28 19:38:15] Fallback already ran today (25 actions). Suppressing.
[2026-06-28 19:54:23] ============================================================
[2026-06-28 19:54:23] MFP cron fallback starting
[2026-06-28 19:54:23] Fallback already ran today (25 actions). Suppressing.
[2026-06-28 20:10:25] ============================================================
[2026-06-28 20:10:25] MFP cron fallback starting
[2026-06-28 20:10:25] Cache: flagged-local.json (created 2026-06-12 07:04:49), 25 actions
[2026-06-28 20:10:25] Fallback already ran today (25 actions). Suppressing.
[2026-06-28 20:26:03] BLOCKED: Session 0 (use VBS startup script)
[2026-06-28 20:26:30] ============================================================
[2026-06-28 20:26:30] MFP cron fallback starting
[2026-06-28 20:26:30] Fallback already ran today (25 actions). Suppressing.
[2026-06-28 20:43:41] ============================================================
[2026-06-28 20:43:41] MFP cron fallback starting
[2026-06-28 20:43:41] Fallback already ran today (25 actions). Suppressing.
[2026-06-28 20:59:51] ============================================================
[2026-06-28 20:59:51] MFP cron fallback starting
[2026-06-28 20:59:51] Fallback already ran today (25 actions). Suppressing.
[2026-06-28 21:17:50] ============================================================
[2026-06-28 21:17:50] MFP cron fallback starting
[2026-06-28 21:17:50] Fallback already ran today (25 actions). Suppressing.
[2026-06-28 21:34:02] BLOCKED: Session 0 (use VBS startup script)
[2026-06-28 21:52:36] ============================================================
[2026-06-28 21:52:36] MFP cron fallback starting
[2026-06-28 21:52:36] Fallback already ran today (25 actions). Suppressing.
[2026-06-28 22:09:57] ============================================================
[2026-06-28 22:09:57] MFP cron fallback starting
[2026-06-28 22:09:57] Cache: flagged-local.json (created 2026-06-12 07:04:49), 25 actions
[2026-06-28 22:09:57] Fallback already ran today (25 actions). Suppressing.
[2026-06-28 22:43:37] ============================================================
[2026-06-28 22:43:37] MFP cron fallback starting
[2026-06-28 22:43:37] Fallback already ran today (25 actions). Suppressing.
[2026-06-28 23:00:05] BLOCKED: Session 0 (use VBS startup script)
[2026-06-28 23:00:54] ============================================================
[2026-06-28 23:00:54] MFP cron fallback starting
[2026-06-28 23:00:54] Cache: flagged-local.json (created 2026-06-12 07:04:49), 25 actions
[2026-06-28 23:00:54] Fallback already ran today (25 actions). Suppressing.
[2026-06-28 23:35:34] ============================================================
[2026-06-28 23:35:34] MFP cron fallback starting
[2026-06-28 23:35:34] Fallback already ran today (25 actions). Suppressing.
[2026-06-28 23:51:31] ============================================================
[2026-06-28 23:51:31] MFP cron fallback starting
[2026-06-28 23:51:31] Fallback already ran today (25 actions). Suppressing.
[2026-06-29 00:08:17] ============================================================
[2026-06-29 00:08:17] MFP cron fallback starting
[2026-06-29 00:08:17] Cache: flagged-local.json (created 2026-06-12 07:04), 25 actions
[2026-06-29 00:08:17] Posting 25 actions to Playbook API...
[2026-06-29 00:08:18] CRON FALLBACK: Pushed cached local backup (25 actions) to Playbook API
[2026-06-29 00:08:18] Playbook API response: status=ok, count=25, stored_at=2026-06-29T04:08:18.201Z
[2026-06-29 00:08:18] Result: 25 actions synced to Playbook
[2026-06-29 00:08:18] ============================================================
[2026-06-29 00:24:53] ============================================================
[2026-06-29 00:24:53] MFP cron fallback starting
[2026-06-29 00:24:53] Fallback already ran today (25 actions). Suppressing.
[2026-06-29 00:40:09] BLOCKED: Session 0 (use VBS startup script)
[2026-06-29 00:41:10] ============================================================
[2026-06-29 00:41:10] MFP cron fallback starting
[2026-06-29 00:41:10] Fallback already ran today (25 actions). Suppressing.
[2026-06-29 01:13:35] ============================================================
[2026-06-29 01:13:35] MFP cron fallback starting
[2026-06-29 01:13:35] Fallback already ran today (25 actions). Suppressing.
[2026-06-29 01:29:30] ============================================================
[2026-06-29 01:29:30] MFP cron fallback starting
[2026-06-29 01:29:30] Fallback already ran today (25 actions). Suppressing.
[2026-06-29 01:45:11] BLOCKED: Session 0 (use VBS startup script)
[2026-06-29 01:46:05] ============================================================
[2026-06-29 01:46:05] MFP cron fallback starting
[2026-06-29 01:46:05] Cache: flagged-local.json (created 2026-06-12 07:04:49), 25 actions
[2026-06-29 01:46:05] Posting 25 actions to Playbook API...
[2026-06-29 01:46:06] CRON FALLBACK: Pushed cached local backup (25 actions) to Playbook API
[2026-06-29 01:46:06] Playbook API response: status=ok, count=25, stored_at=2026-06-29T05:46:06.317Z
[2026-06-29 01:46:06] Result: 25 actions synced to Playbook
[2026-06-29 01:46:06] ============================================================
[2026-06-29 02:05:14] ============================================================
[2026-06-29 02:05:14] MFP cron fallback starting
[2026-06-29 02:05:14] Fallback already ran today (25 actions). Suppressing.
[2026-06-29 02:40:05] ============================================================
[2026-06-29 02:40:05] MFP cron fallback starting
[2026-06-29 02:40:05] Fallback already ran today (25 actions). Suppressing.
[2026-06-29 02:56:13] BLOCKED: Session 0 (use VBS startup script)
[2026-06-29 02:57:11] ============================================================
[2026-06-29 02:57:11] MFP cron fallback starting
[2026-06-29 02:57:11] Cache: flagged-local.json (created 2026-06-12 07:04:49), 25 actions
[2026-06-29 02:57:11] Fallback already ran today (25 actions). Suppressing.
[2026-06-29 03:32:47] ============================================================
[2026-06-29 03:32:47] MFP cron fallback starting
[2026-06-29 03:32:47] Fallback already ran today (25 actions). Suppressing.
[2026-06-29 03:48:44] ============================================================
[2026-06-29 03:48:44] MFP cron fallback starting
[2026-06-29 03:48:44] Fallback already ran today (25 actions). Suppressing.
[2026-06-29 04:04:51] ============================================================
[2026-06-29 04:04:51] MFP cron fallback starting
[2026-06-29 04:04:51] Fallback already ran today (25 actions). Suppressing.
[2026-06-29 04:21:16] BLOCKED: Session 0 (use VBS startup script)
[2026-06-29 05:11:46] ============================================================
[2026-06-29 05:11:46] MFP cron fallback starting
[2026-06-29 05:11:46] Cache: flagged-local.json (created 2026-06-12 07:04:49), 25 actions
[2026-06-29 05:11:46] Fallback already ran today (25 actions). Suppressing.
[2026-06-29 05:27:20] BLOCKED: Session 0 (use VBS startup script)
[2026-06-29 05:28:42] ============================================================
[2026-06-29 05:28:42] MFP cron fallback starting
[2026-06-29 05:28:42] Fallback already ran today (25 actions). Suppressing.
[2026-06-29 06:01:43] ============================================================
[2026-06-29 06:01:43] MFP cron fallback starting
[2026-06-29 06:01:43] Fallback already ran today (25 actions). Suppressing.
[2026-06-29 06:33:23] BLOCKED: Session 0 (use VBS startup script)
[2026-06-29 08:11:30] BLOCKED: Session 0 (use VBS startup script)
[2026-06-29 08:28:42] ============================================================
[2026-06-29 08:28:42] MFP Flagged Email Sync starting (direct mode)
[2026-06-29 08:30:43] ERROR: Outlook COM dispatch failed: (-2146959355, 'Server execution failed', None, None)
[2026-06-29 08:31:44] ============================================================
[2026-06-29 08:31:44] MFP cron fallback starting
[2026-06-29 08:31:44] Fallback already ran today (25 actions). Suppressing.
[2026-06-29 08:48:26] ============================================================
[2026-06-29 08:48:26] MFP cron fallback starting
[2026-06-29 08:48:26] Fallback already ran today (25 actions). Suppressing.
[2026-06-29 09:04:50] ============================================================
[2026-06-29 09:04:50] MFP cron fallback starting
[2026-06-29 09:04:50] Fallback already ran today (25 actions). Suppressing.
[2026-06-29 09:20:23] BLOCKED: Session 0 (use VBS startup script)
[2026-06-29 09:36:44] ============================================================
[2026-06-29 09:36:44] MFP cron fallback starting
[2026-06-29 09:36:44] Fallback already ran today (25 actions). Suppressing.
[2026-06-29 09:53:51] ============================================================
[2026-06-29 09:53:51] MFP Flagged Email Sync starting (direct mode)
[2026-06-29 09:55:52] ERROR: Outlook COM dispatch failed: (-2146959355, 'Server execution failed', None, None)
[2026-06-29 09:56:52] ============================================================
[2026-06-29 09:56:52] MFP cron fallback starting
[2026-06-29 09:56:52] Cache: flagged-local.json (created 2026-06-12 07:04:49), 25 actions
[2026-06-29 09:56:52] Fallback already ran today (25 actions). Suppressing.
[2026-06-29 10:28:24] BLOCKED: Session 0 (use VBS startup script)
[2026-06-29 10:44:55] ============================================================
[2026-06-29 10:44:55] MFP cron fallback starting
[2026-06-29 10:44:55] Fallback already ran today (25 actions). Suppressing.
[2026-06-29 11:02:07] ============================================================
[2026-06-29 11:02:07] MFP cron fallback starting
[2026-06-29 11:02:07] Fallback already ran today (25 actions). Suppressing.
[2026-06-29 11:18:00] ============================================================
[2026-06-29 11:18:00] MFP cron fallback starting
[2026-06-29 11:18:00] Fallback already ran today (25 actions). Suppressing.
[2026-06-29 11:34:28] BLOCKED: Session 0 (use VBS startup script)
[2026-06-29 11:52:16] ============================================================
[2026-06-29 11:52:16] MFP cron fallback starting
[2026-06-29 11:52:16] Cache: flagged-local.json (created 2026-06-12 07:04:49), 25 actions
[2026-06-29 11:52:16] Fallback already ran today (25 actions). Suppressing.
[2026-06-29 11:52:41] ============================================================
[2026-06-29 11:52:41] MFP cron fallback starting
[2026-06-29 11:52:41] Fallback already ran today (25 actions). Suppressing.
[2026-06-29 12:09:53] ============================================================
[2026-06-29 12:09:53] MFP cron fallback starting
[2026-06-29 12:09:53] Fallback already ran today (25 actions). Suppressing.
[2026-06-29 12:43:29] BLOCKED: Session 0 (use VBS startup script)
[2026-06-29 13:32:51] ============================================================
[2026-06-29 13:32:51] MFP cron fallback starting
[2026-06-29 13:32:51] Fallback already ran today (25 actions). Suppressing.
[2026-06-29 13:48:32] BLOCKED: Session 0 (use VBS startup script)
[2026-06-29 14:06:19] ============================================================
[2026-06-29 14:06:19] MFP cron fallback starting
[2026-06-29 14:06:19] Fallback already ran today (25 actions). Suppressing.
[2026-06-29 14:38:58] ============================================================
[2026-06-29 14:38:58] MFP cron fallback starting
[2026-06-29 14:38:58] Fallback already ran today (25 actions). Suppressing.
[2026-06-29 14:55:32] BLOCKED: Session 0 (use VBS startup script)
[2026-06-29 14:55:55] ============================================================
[2026-06-29 14:55:55] MFP cron fallback starting
[2026-06-29 14:55:55] Fallback already ran today (25 actions). Suppressing.
[2026-06-29 15:11:57] ============================================================
[2026-06-29 15:11:57] MFP cron fallback starting
[2026-06-29 15:11:57] Fallback already ran today (25 actions). Suppressing.
[2026-06-29 16:01:36] BLOCKED: Session 0 (use VBS startup script)
[2026-06-29 16:03:03] ============================================================
[2026-06-29 16:03:03] MFP cron fallback starting
[2026-06-29 16:03:03] Fallback already ran today (25 actions). Suppressing.
[2026-06-29 17:08:42] BLOCKED: Session 0 (use VBS startup script)
[2026-06-29 17:09:04] ============================================================
[2026-06-29 17:09:04] MFP cron fallback starting
[2026-06-29 17:09:04] Fallback already ran today (25 actions). Suppressing.
[2026-06-29 17:25:54] ============================================================
[2026-06-29 17:25:54] MFP cron fallback starting
[2026-06-29 17:25:54] Fallback already ran today (25 actions). Suppressing.
[2026-06-29 17:42:35] ============================================================
[2026-06-29 17:42:35] MFP cron fallback starting
[2026-06-29 17:42:35] Fallback already ran today (25 actions). Suppressing.
[2026-06-29 17:59:07] ============================================================
[2026-06-29 17:59:07] MFP cron fallback starting
[2026-06-29 17:59:07] Fallback already ran today (25 actions). Suppressing.
[2026-06-29 18:15:47] BLOCKED: Session 0 (use VBS startup script)
[2026-06-29 18:34:15] ============================================================
[2026-06-29 18:34:15] MFP cron fallback starting
[2026-06-29 18:34:15] Cache: flagged-local.json (created 2026-06-12 07:04:49), 25 actions
[2026-06-29 18:34:15] Fallback already ran today (25 actions). Suppressing.
[2026-06-29 18:50:22] ============================================================
[2026-06-29 18:50:22] MFP cron fallback starting
[2026-06-29 18:50:22] Fallback already ran today (25 actions). Suppressing.
[2026-06-29 19:08:17] ============================================================
[2026-06-29 19:08:17] MFP cron fallback starting
[2026-06-29 19:08:17] Cache: flagged-local.json (created 2026-06-12 07:04:49), 25 actions
[2026-06-29 19:08:17] Fallback already ran today (25 actions). Suppressing.
[2026-06-29 19:23:53] BLOCKED: Session 0 (use VBS startup script)
[2026-06-29 19:40:45] ============================================================
[2026-06-29 19:40:45] MFP Flagged Email Sync starting (direct mode)
[2026-06-29 19:42:46] ERROR: Outlook COM dispatch failed: (-2146959355, 'Server execution failed', None, None)
[2026-06-29 19:58:12] ============================================================
[2026-06-29 19:58:12] MFP cron fallback starting
[2026-06-29 19:58:12] Fallback already ran today (25 actions). Suppressing.
[2026-06-29 20:14:22] ============================================================
[2026-06-29 20:14:22] MFP cron fallback starting
[2026-06-29 20:14:22] Fallback already ran today (25 actions). Suppressing.
[2026-06-29 20:29:57] BLOCKED: Session 0 (use VBS startup script)
[2026-06-29 20:49:37] ============================================================
[2026-06-29 20:49:37] MFP cron fallback starting
[2026-06-29 20:49:37] Fallback already ran today (25 actions). Suppressing.
[2026-06-29 21:06:20] ============================================================
[2026-06-29 21:06:20] MFP cron fallback starting
[2026-06-29 21:06:20] Fallback already ran today (25 actions). Suppressing.
[2026-06-29 21:24:16] ============================================================
[2026-06-29 21:24:16] MFP cron fallback starting
[2026-06-29 21:24:16] Fallback already ran today (25 actions). Suppressing.
[2026-06-29 21:39:59] BLOCKED: Session 0 (use VBS startup script)
[2026-06-29 21:56:23] ============================================================
[2026-06-29 21:56:23] MFP cron fallback starting
[2026-06-29 21:56:23] Fallback already ran today (25 actions). Suppressing.
[2026-06-29 22:12:37] ============================================================
[2026-06-29 22:12:37] MFP cron fallback starting
[2026-06-29 22:12:37] Fallback already ran today (25 actions). Suppressing.
[2026-06-29 22:47:03] ============================================================
[2026-06-29 22:47:03] MFP cron fallback starting
[2026-06-29 22:47:03] Fallback already ran today (25 actions). Suppressing.
[2026-06-29 23:03:09] BLOCKED: Session 0 (use VBS startup script)
[2026-06-29 23:03:46] ============================================================
[2026-06-29 23:03:46] MFP cron fallback starting
[2026-06-29 23:03:46] Fallback already ran today (25 actions). Suppressing.
[2026-06-29 23:20:56] ============================================================
[2026-06-29 23:20:56] MFP cron fallback starting
[2026-06-29 23:20:56] Fallback already ran today (25 actions). Suppressing.
[2026-06-29 23:54:04] ============================================================
[2026-06-29 23:54:04] MFP cron fallback starting
[2026-06-29 23:54:04] Fallback already ran today (25 actions). Suppressing.
[2026-06-30 00:10:11] BLOCKED: Session 0 (use VBS startup script)
[2026-06-30 00:12:22] ============================================================
[2026-06-30 00:12:22] MFP cron fallback starting
[2026-06-30 00:12:22] Cache: flagged-local.json (created 2026-06-12 07:04), 25 actions
[2026-06-30 00:12:22] Posting 25 actions to Playbook API...
[2026-06-30 00:12:23] CRON FALLBACK: Pushed cached local backup (25 actions) to Playbook API
[2026-06-30 00:12:23] Playbook API response: status=ok, count=25, stored_at=2026-06-30T04:12:23.297Z
[2026-06-30 00:12:23] Result: 25 actions synced to Playbook
[2026-06-30 00:12:23] ============================================================
[2026-06-30 01:01:46] ============================================================
[2026-06-30 01:01:46] MFP cron fallback starting
[2026-06-30 01:01:46] Fallback already ran today (25 actions). Suppressing.
[2026-06-30 01:17:15] BLOCKED: Session 0 (use VBS startup script)
[2026-06-30 01:18:36] ============================================================
[2026-06-30 01:18:36] MFP cron fallback starting
[2026-06-30 01:18:36] Cache: flagged-local.json (created 2026-06-12 07:04:49), 25 actions
[2026-06-30 01:18:36] Posting 25 actions to Playbook API...
[2026-06-30 01:18:37] CRON FALLBACK: Pushed cached local backup (25 actions) to Playbook API
[2026-06-30 01:18:37] Playbook API response: status=ok, count=25, stored_at=2026-06-30T05:18:37.281Z
[2026-06-30 01:18:37] Result: 25 actions synced to Playbook
[2026-06-30 01:18:37] ============================================================
[2026-06-30 01:35:56] ============================================================
[2026-06-30 01:35:56] MFP cron fallback starting
[2026-06-30 01:35:56] Cache: flagged-local.json (created 2026-06-12 07:04:49), 25 actions
[2026-06-30 01:35:56] Fallback already ran today (25 actions). Suppressing.
[2026-06-30 02:27:21] BLOCKED: Session 0 (use VBS startup script)
[2026-06-30 03:01:22] ============================================================
[2026-06-30 03:01:22] MFP cron fallback starting
[2026-06-30 03:01:22] Fallback already ran today (25 actions). Suppressing.
[2026-06-30 03:17:40] ============================================================
[2026-06-30 03:17:40] MFP cron fallback starting
[2026-06-30 03:17:40] Fallback already ran today (25 actions). Suppressing.
[2026-06-30 08:42:54] BLOCKED: Session 0 (use VBS startup script)
[2026-06-30 08:43:59] ============================================================
[2026-06-30 08:43:59] MFP cron fallback starting
[2026-06-30 08:43:59] Fallback already ran today (25 actions). Suppressing.
[2026-06-30 09:00:58] ============================================================
[2026-06-30 09:00:58] MFP cron fallback starting
[2026-06-30 09:00:58] Fallback already ran today (25 actions). Suppressing.
[2026-06-30 09:17:18] ============================================================
[2026-06-30 09:17:18] MFP cron fallback starting
[2026-06-30 09:17:18] Fallback already ran today (25 actions). Suppressing.
[2026-06-30 09:37:03] ============================================================
[2026-06-30 09:37:03] MFP cron fallback starting
[2026-06-30 09:37:03] Fallback already ran today (25 actions). Suppressing.
[2026-06-30 09:52:55] BLOCKED: Session 0 (use VBS startup script)
[2026-06-30 09:53:14] ============================================================
[2026-06-30 09:53:14] MFP cron fallback starting
[2026-06-30 09:53:14] Fallback already ran today (25 actions). Suppressing.
[2026-06-30 10:11:33] ============================================================
[2026-06-30 10:11:33] MFP cron fallback starting
[2026-06-30 10:11:33] Fallback already ran today (25 actions). Suppressing.
[2026-06-30 10:27:36] ============================================================
[2026-06-30 10:27:36] MFP cron fallback starting
[2026-06-30 10:27:36] Fallback already ran today (25 actions). Suppressing.
[2026-06-30 11:00:57] BLOCKED: Session 0 (use VBS startup script)
[2026-06-30 11:17:39] ============================================================
[2026-06-30 11:17:39] MFP cron fallback starting
[2026-06-30 11:17:39] Fallback already ran today (25 actions). Suppressing.
[2026-06-30 11:34:42] ============================================================
[2026-06-30 11:34:42] MFP Flagged Email Sync starting (direct mode)
[2026-06-30 11:36:42] ERROR: Outlook COM dispatch failed: (-2146959355, 'Server execution failed', None, None)
[2026-06-30 12:10:57] BLOCKED: Session 0 (use VBS startup script)
[2026-06-30 12:12:55] ============================================================
[2026-06-30 12:12:55] MFP cron fallback starting
[2026-06-30 12:12:55] Fallback already ran today (25 actions). Suppressing.
[2026-06-30 12:46:42] ============================================================
[2026-06-30 12:46:42] MFP cron fallback starting
[2026-06-30 12:46:42] Fallback already ran today (25 actions). Suppressing.
[2026-06-30 13:03:20] ============================================================
[2026-06-30 13:03:20] MFP cron fallback starting
[2026-06-30 13:03:20] Fallback already ran today (25 actions). Suppressing.
[2026-06-30 13:19:04] BLOCKED: Session 0 (use VBS startup script)
[2026-06-30 13:19:23] ============================================================
[2026-06-30 13:19:23] MFP cron fallback starting
[2026-06-30 13:19:23] Fallback already ran today (25 actions). Suppressing.
[2026-06-30 13:36:08] ============================================================
[2026-06-30 13:36:08] MFP cron fallback starting
[2026-06-30 13:36:08] Fallback already ran today (25 actions). Suppressing.
[2026-06-30 14:09:22] ============================================================
[2026-06-30 14:09:22] MFP cron fallback starting
[2026-06-30 14:09:22] Cache: flagged-local.json (created 2026-06-12 07:04:49), 25 actions
[2026-06-30 14:09:22] Fallback already ran today (25 actions). Suppressing.
[2026-06-30 14:25:07] BLOCKED: Session 0 (use VBS startup script)
[2026-06-30 14:26:30] ============================================================
[2026-06-30 14:26:30] MFP cron fallback starting
[2026-06-30 14:26:30] Cache: flagged-local.json (created 2026-06-12 07:04:49), 25 actions
[2026-06-30 14:26:30] Fallback already ran today (25 actions). Suppressing.
[2026-06-30 14:43:33] ============================================================
[2026-06-30 14:43:33] MFP cron fallback starting
[2026-06-30 14:43:33] Cache: flagged-local.json (created 2026-06-12 07:04:49), 25 actions
[2026-06-30 14:43:33] Fallback already ran today (25 actions). Suppressing.
[2026-06-30 15:33:07] BLOCKED: Session 0 (use VBS startup script)
[2026-06-30 15:50:43] ============================================================
[2026-06-30 15:50:43] MFP cron fallback starting
[2026-06-30 15:50:43] Fallback already ran today (25 actions). Suppressing.
[2026-06-30 16:24:16] ============================================================
[2026-06-30 16:24:16] MFP cron fallback starting
[2026-06-30 16:24:16] Fallback already ran today (25 actions). Suppressing.
[2026-06-30 16:40:17] BLOCKED: Session 0 (use VBS startup script)
[2026-06-30 17:29:18] ============================================================
[2026-06-30 17:29:18] MFP cron fallback starting
[2026-06-30 17:29:18] Cache: flagged-local.json (created 2026-06-12 07:04:49), 25 actions
[2026-06-30 17:29:18] Fallback already ran today (25 actions). Suppressing.
[2026-06-30 17:45:35] ============================================================
[2026-06-30 17:45:35] MFP cron fallback starting
[2026-06-30 17:45:35] Fallback already ran today (25 actions). Suppressing.
[2026-06-30 18:02:25] ============================================================
[2026-06-30 18:02:25] MFP cron fallback starting
[2026-06-30 18:02:25] Fallback already ran today (25 actions). Suppressing.
[2026-06-30 18:18:19] BLOCKED: Session 0 (use VBS startup script)
[2026-06-30 18:18:33] ============================================================
[2026-06-30 18:18:33] MFP cron fallback starting
[2026-06-30 18:18:33] Fallback already ran today (25 actions). Suppressing.
[2026-06-30 19:24:27] BLOCKED: Session 0 (use VBS startup script)
[2026-06-30 19:24:49] ============================================================
[2026-06-30 19:24:49] MFP cron fallback starting
[2026-06-30 19:24:49] Fallback already ran today (25 actions). Suppressing.
[2026-06-30 19:40:55] ============================================================
[2026-06-30 19:40:55] MFP cron fallback starting
[2026-06-30 19:40:55] Fallback already ran today (25 actions). Suppressing.
[2026-06-30 20:28:30] BLOCKED: Session 0 (use VBS startup script)
[2026-06-30 20:28:58] ============================================================
[2026-06-30 20:28:58] MFP cron fallback starting
[2026-06-30 20:28:58] Fallback already ran today (25 actions). Suppressing.
[2026-06-30 20:46:20] ============================================================
[2026-06-30 20:46:20] MFP cron fallback starting
[2026-06-30 20:46:20] Cache: flagged-local.json (created 2026-06-12 07:04:49), 25 actions
[2026-06-30 20:46:20] Fallback already ran today (25 actions). Suppressing.
[2026-06-30 21:02:57] ============================================================
[2026-06-30 21:02:57] MFP cron fallback starting
[2026-06-30 21:02:57] Fallback already ran today (25 actions). Suppressing.
[2026-06-30 21:35:32] BLOCKED: Session 0 (use VBS startup script)
[2026-06-30 21:54:46] ============================================================
[2026-06-30 21:54:46] MFP cron fallback starting
[2026-06-30 21:54:46] Cache: flagged-local.json (created 2026-06-12 07:04:49), 25 actions
[2026-06-30 21:54:46] Fallback already ran today (25 actions). Suppressing.
[2026-06-30 22:10:56] ============================================================
[2026-06-30 22:10:56] MFP cron fallback starting
[2026-06-30 22:10:56] Fallback already ran today (25 actions). Suppressing.
[2026-06-30 22:28:29] ============================================================
[2026-06-30 22:28:29] MFP cron fallback starting
[2026-06-30 22:28:29] Fallback already ran today (25 actions). Suppressing.
[2026-06-30 22:44:35] BLOCKED: Session 0 (use VBS startup script)
[2026-06-30 22:44:57] ============================================================
[2026-06-30 22:44:57] MFP cron fallback starting
[2026-06-30 22:44:57] Cache: flagged-local.json (created 2026-06-12 07:04:49), 25 actions
[2026-06-30 22:44:57] Fallback already ran today (25 actions). Suppressing.
[2026-06-30 23:02:25] ============================================================
[2026-06-30 23:02:25] MFP cron fallback starting
[2026-06-30 23:02:25] Cache: flagged-local.json (created 2026-06-12 07:04:49), 25 actions
[2026-06-30 23:02:25] Fallback already ran today (25 actions). Suppressing.
[2026-06-30 23:19:37] ============================================================
[2026-06-30 23:19:37] MFP cron fallback starting
[2026-06-30 23:19:37] Fallback already ran today (25 actions). Suppressing.
[2026-06-30 23:51:41] BLOCKED: Session 0 (use VBS startup script)
[2026-07-01 00:42:29] ============================================================
[2026-07-01 00:42:29] MFP cron fallback starting
[2026-07-01 00:42:29] Cache: flagged-local.json (created 2026-06-12 07:04:49), 25 actions
[2026-07-01 00:42:29] Posting 25 actions to Playbook API...
[2026-07-01 00:42:29] CRON FALLBACK: Pushed cached local backup (25 actions) to Playbook API
[2026-07-01 00:42:29] Playbook API response: status=ok, count=25, stored_at=2026-07-01T04:42:29.697Z
[2026-07-01 00:42:29] Result: 25 actions synced to Playbook
[2026-07-01 00:42:29] ============================================================
[2026-07-01 00:58:39] BLOCKED: Session 0 (use VBS startup script)
[2026-07-01 01:16:02] ============================================================
[2026-07-01 01:16:02] MFP cron fallback starting
[2026-07-01 01:16:02] Fallback already ran today (25 actions). Suppressing.
[2026-07-01 01:32:10] ============================================================
[2026-07-01 01:32:10] MFP cron fallback starting
[2026-07-01 01:32:10] Fallback already ran today (25 actions). Suppressing.
[2026-07-01 01:48:45] ============================================================
[2026-07-01 01:48:45] MFP cron fallback starting
[2026-07-01 01:48:45] Cache: flagged-local.json (created 2026-06-12 07:04:49), 25 actions
[2026-07-01 01:48:45] Fallback already ran today (25 actions). Suppressing.
[2026-07-01 02:04:41] BLOCKED: Session 0 (use VBS startup script)
[2026-07-01 02:05:47] ============================================================
[2026-07-01 02:05:47] MFP cron fallback starting
[2026-07-01 02:05:47] Fallback already ran today (25 actions). Suppressing.
[2026-07-01 02:22:09] ============================================================
[2026-07-01 02:22:09] MFP cron fallback starting
[2026-07-01 02:22:09] Fallback already ran today (25 actions). Suppressing.
[2026-07-01 02:38:27] ============================================================
[2026-07-01 02:38:27] MFP cron fallback starting
[2026-07-01 02:38:27] Fallback already ran today (25 actions). Suppressing.
[2026-07-01 02:38:47] ============================================================
[2026-07-01 02:38:47] MFP cron fallback starting
[2026-07-01 02:38:47] Fallback already ran today (25 actions). Suppressing.
[2026-07-01 03:10:44] BLOCKED: Session 0 (use VBS startup script)
[2026-07-01 03:11:48] ============================================================
[2026-07-01 03:11:48] MFP cron fallback starting
[2026-07-01 03:11:48] Fallback already ran today (25 actions). Suppressing.
[2026-07-01 03:46:13] ============================================================
[2026-07-01 03:46:13] MFP cron fallback starting
[2026-07-01 03:46:13] Cache: flagged-local.json (created 2026-06-12 07:04:49), 25 actions
[2026-07-01 03:46:13] Fallback already ran today (25 actions). Suppressing.
[2026-07-01 04:02:44] ============================================================
[2026-07-01 04:02:44] MFP cron fallback starting
[2026-07-01 04:02:44] Fallback already ran today (25 actions). Suppressing.
[2026-07-01 04:18:51] BLOCKED: Session 0 (use VBS startup script)
[2026-07-01 04:19:07] ============================================================
[2026-07-01 04:19:07] MFP cron fallback starting
[2026-07-01 04:19:07] Fallback already ran today (25 actions). Suppressing.
[2026-07-01 04:35:16] ============================================================
[2026-07-01 04:35:16] MFP cron fallback starting
[2026-07-01 04:35:16] Cache: flagged-local.json (created 2026-06-12 07:04:49), 25 actions
[2026-07-01 04:35:16] Fallback already ran today (25 actions). Suppressing.
[2026-07-01 05:08:53] ============================================================
[2026-07-01 05:08:53] MFP cron fallback starting
[2026-07-01 05:08:53] Fallback already ran today (25 actions). Suppressing.
[2026-07-01 05:24:48] BLOCKED: Session 0 (use VBS startup script)
[2026-07-01 05:41:22] ============================================================
[2026-07-01 05:41:22] MFP cron fallback starting
[2026-07-01 05:41:22] Fallback already ran today (25 actions). Suppressing.
[2026-07-01 06:14:59] ============================================================
[2026-07-01 06:14:59] MFP cron fallback starting
[2026-07-01 06:14:59] Fallback already ran today (25 actions). Suppressing.
[2026-07-01 06:30:55] BLOCKED: Session 0 (use VBS startup script)
[2026-07-01 06:47:09] ============================================================
[2026-07-01 06:47:09] MFP cron fallback starting
[2026-07-01 06:47:09] Fallback already ran today (25 actions). Suppressing.
[2026-07-01 07:03:20] ============================================================
[2026-07-01 07:03:20] MFP cron fallback starting
[2026-07-01 07:03:20] Fallback already ran today (25 actions). Suppressing.
[2026-07-01 07:20:59] ============================================================
[2026-07-01 07:20:59] MFP cron fallback starting
[2026-07-01 07:20:59] Fallback already ran today (25 actions). Suppressing.
[2026-07-01 07:36:56] BLOCKED: Session 0 (use VBS startup script)
[2026-07-01 08:10:20] ============================================================
[2026-07-01 08:10:20] MFP Flagged Email Sync starting
[2026-07-01 08:12:21] ERROR: Cannot connect to Outlook. Dispatch: (-2146959355, 'Server execution failed', None, None). GetActiveObject: (-2147221021, 'Operation unavailable', None, None)
[2026-07-01 08:12:21] HINT: Outlook COM automation only works from an interactive Windows session
[2026-07-01 08:12:21] HINT: where the user is logged in and a mail profile is configured.
[2026-07-01 08:12:21] HINT: Current session: RDP-Tcp#1, PID: 25968
[2026-07-01 08:13:29] ============================================================
[2026-07-01 08:13:29] MFP cron fallback starting
[2026-07-01 08:13:29] Cache: flagged-local.json (created 2026-06-12 07:04:49), 25 actions
[2026-07-01 08:13:29] Fallback already ran today (25 actions). Suppressing.
[2026-07-01 09:01:00] BLOCKED: Session 0 (use VBS startup script)
[2026-07-01 09:01:56] ============================================================
[2026-07-01 09:01:56] MFP cron fallback starting
[2026-07-01 09:01:56] Fallback already ran today (25 actions). Suppressing.
[2026-07-01 09:18:23] ============================================================
[2026-07-01 09:18:23] MFP cron fallback starting
[2026-07-01 09:18:23] Fallback already ran today (25 actions). Suppressing.
[2026-07-01 09:35:10] ============================================================
[2026-07-01 09:35:10] MFP cron fallback starting
[2026-07-01 09:35:10] Cache: flagged-local.json (created 2026-06-12 07:04:49), 25 actions
[2026-07-01 09:35:10] Fallback already ran today (25 actions). Suppressing.
[2026-07-01 10:08:02] BLOCKED: Session 0 (use VBS startup script)
[2026-07-01 10:09:40] ============================================================
[2026-07-01 10:09:40] MFP cron fallback starting
[2026-07-01 10:09:40] Cache: flagged-local.json (created 2026-06-12 07:04:49), 25 actions
[2026-07-01 10:09:40] Fallback already ran today (25 actions). Suppressing.
[2026-07-01 11:19:05] BLOCKED: Session 0 (use VBS startup script)
[2026-07-01 11:35:48] ============================================================
[2026-07-01 11:35:48] MFP cron fallback starting
[2026-07-01 11:35:48] Fallback already ran today (25 actions). Suppressing.
[2026-07-01 12:25:24] ============================================================
[2026-07-01 12:25:24] MFP cron fallback starting
[2026-07-01 12:25:24] Fallback already ran today (25 actions). Suppressing.
[2026-07-01 12:41:04] BLOCKED: Session 0 (use VBS startup script)
[2026-07-01 12:41:28] ============================================================
[2026-07-01 12:41:28] MFP cron fallback starting
[2026-07-01 12:41:28] Fallback already ran today (25 actions). Suppressing.
[2026-07-01 12:58:01] ============================================================
[2026-07-01 12:58:01] MFP cron fallback starting
[2026-07-01 12:58:01] Cache: flagged-local.json (created 2026-06-12 07:04:49), 25 actions
[2026-07-01 12:58:01] Fallback already ran today (25 actions). Suppressing.
[2026-07-01 13:31:32] ============================================================
[2026-07-01 13:31:32] MFP cron fallback starting
[2026-07-01 13:31:32] Fallback already ran today (25 actions). Suppressing.
[2026-07-01 13:48:24] ============================================================
[2026-07-01 13:48:24] MFP cron fallback starting
[2026-07-01 13:48:24] Fallback already ran today (25 actions). Suppressing.
[2026-07-01 14:05:11] BLOCKED: Session 0 (use VBS startup script)
[2026-07-01 14:06:21] ============================================================
[2026-07-01 14:06:21] MFP cron fallback starting
[2026-07-01 14:06:21] Fallback already ran today (25 actions). Suppressing.
[2026-07-01 14:39:42] ============================================================
[2026-07-01 14:39:42] MFP cron fallback starting
[2026-07-01 14:39:42] Fallback already ran today (25 actions). Suppressing.
[2026-07-01 14:56:08] ============================================================
[2026-07-01 14:56:08] MFP cron fallback starting
[2026-07-01 14:56:08] Fallback already ran today (25 actions). Suppressing.
[2026-07-01 15:12:10] BLOCKED: Session 0 (use VBS startup script)
[2026-07-01 15:12:24] ============================================================
[2026-07-01 15:12:24] MFP cron fallback starting
[2026-07-01 15:12:24] Fallback already ran today (25 actions). Suppressing.
[2026-07-01 15:46:07] ============================================================
[2026-07-01 15:46:07] MFP cron fallback starting
[2026-07-01 15:46:07] Fallback already ran today (25 actions). Suppressing.
[2026-07-01 16:18:09] BLOCKED: Session 0 (use VBS startup script)
[2026-07-01 16:18:36] ============================================================
[2026-07-01 16:18:36] MFP cron fallback starting
[2026-07-01 16:18:36] Cache: flagged-local.json (created 2026-06-12 07:04:49), 25 actions
[2026-07-01 16:18:36] Fallback already ran today (25 actions). Suppressing.
[2026-07-01 16:36:07] ============================================================
[2026-07-01 16:36:07] MFP cron fallback starting
[2026-07-01 16:36:07] Fallback already ran today (25 actions). Suppressing.
[2026-07-01 16:53:12] ============================================================
[2026-07-01 16:53:12] MFP cron fallback starting
[2026-07-01 16:53:12] Fallback already ran today (25 actions). Suppressing.
[2026-07-01 17:25:15] BLOCKED: Session 0 (use VBS startup script)
[2026-07-01 17:43:42] ============================================================
[2026-07-01 17:43:42] MFP cron fallback starting
[2026-07-01 17:43:42] Fallback already ran today (25 actions). Suppressing.
[2026-07-01 18:16:37] ============================================================
[2026-07-01 18:16:37] MFP cron fallback starting
[2026-07-01 18:16:37] Fallback already ran today (25 actions). Suppressing.
[2026-07-01 18:32:37] ============================================================
[2026-07-01 18:32:37] MFP cron fallback starting
[2026-07-01 18:32:37] Fallback already ran today (25 actions). Suppressing.
[2026-07-01 18:48:17] BLOCKED: Session 0 (use VBS startup script)
[2026-07-01 18:48:39] ============================================================
[2026-07-01 18:48:39] MFP cron fallback starting
[2026-07-01 18:48:39] Fallback already ran today (25 actions). Suppressing.
[2026-07-01 19:05:22] ============================================================
[2026-07-01 19:05:22] MFP cron fallback starting
[2026-07-01 19:05:22] Fallback already ran today (25 actions). Suppressing.
[2026-07-01 19:21:44] ============================================================
[2026-07-01 19:21:44] MFP cron fallback starting
[2026-07-01 19:21:44] Fallback already ran today (25 actions). Suppressing.
[2026-07-01 19:53:21] BLOCKED: Session 0 (use VBS startup script)
[2026-07-01 19:54:05] ============================================================
[2026-07-01 19:54:05] MFP cron fallback starting
[2026-07-01 19:54:05] Fallback already ran today (25 actions). Suppressing.
[2026-07-01 20:11:41] ============================================================
[2026-07-01 20:11:41] MFP cron fallback starting
[2026-07-01 20:11:41] Fallback already ran today (25 actions). Suppressing.
[2026-07-01 21:02:26] BLOCKED: Session 0 (use VBS startup script)
[2026-07-01 21:04:28] ============================================================
[2026-07-01 21:04:28] MFP cron fallback starting
[2026-07-01 21:04:28] Cache: flagged-local.json (created 2026-06-12 07:04:49), 25 actions
[2026-07-01 21:04:28] Fallback already ran today (25 actions). Suppressing.
[2026-07-01 21:38:35] ============================================================
[2026-07-01 21:38:35] MFP cron fallback starting
[2026-07-01 21:38:35] Fallback already ran today (25 actions). Suppressing.
[2026-07-01 21:57:43] ============================================================
[2026-07-01 21:57:43] MFP cron fallback starting
[2026-07-01 21:57:43] Fallback already ran today (25 actions). Suppressing.
[2026-07-01 22:13:32] BLOCKED: Session 0 (use VBS startup script)
[2026-07-01 23:22:38] BLOCKED: Session 0 (use VBS startup script)
[2026-07-01 23:23:08] ============================================================
[2026-07-01 23:23:08] MFP cron fallback starting
[2026-07-01 23:23:08] Fallback already ran today (25 actions). Suppressing.
[2026-07-01 23:39:15] ============================================================
[2026-07-01 23:39:15] MFP cron fallback starting
[2026-07-01 23:39:15] Fallback already ran today (25 actions). Suppressing.
[2026-07-01 23:57:14] ============================================================
[2026-07-01 23:57:14] MFP cron fallback starting
[2026-07-01 23:57:14] Fallback already ran today (25 actions). Suppressing.
[2026-07-02 00:29:44] BLOCKED: Session 0 (use VBS startup script)
[2026-07-02 00:46:16] ============================================================
[2026-07-02 00:46:16] MFP cron fallback starting
[2026-07-02 00:46:16] Cache: flagged-local.json (created 2026-06-12 07:04), 25 actions
[2026-07-02 00:46:16] Posting 25 actions to Playbook API...
[2026-07-02 00:46:17] CRON FALLBACK: Pushed cached local backup (25 actions) to Playbook API
[2026-07-02 00:46:17] Playbook API response: status=ok, count=25, stored_at=2026-07-02T04:46:17.218Z
[2026-07-02 00:46:17] Result: 25 actions synced to Playbook
[2026-07-02 00:46:17] ============================================================
[2026-07-02 01:06:44] ============================================================
[2026-07-02 01:06:44] MFP cron fallback starting
[2026-07-02 01:06:44] Fallback already ran today (25 actions). Suppressing.
[2026-07-02 01:39:51] BLOCKED: Session 0 (use VBS startup script)
[2026-07-02 01:41:03] ============================================================
[2026-07-02 01:41:03] MFP cron fallback starting
[2026-07-02 01:41:03] Fallback already ran today (25 actions). Suppressing.
[2026-07-02 02:44:55] BLOCKED: Session 0 (use VBS startup script)
[2026-07-02 02:46:51] ============================================================
[2026-07-02 02:46:51] MFP cron fallback starting
[2026-07-02 02:46:51] Fallback already ran today (25 actions). Suppressing.
[2026-07-02 03:03:16] ============================================================
[2026-07-02 03:03:16] MFP cron fallback starting
[2026-07-02 03:03:16] Fallback already ran today (25 actions). Suppressing.
[2026-07-02 03:53:00] BLOCKED: Session 0 (use VBS startup script)
[2026-07-02 03:53:30] ============================================================
[2026-07-02 03:53:30] MFP cron fallback starting
[2026-07-02 03:53:30] Fallback already ran today (25 actions). Suppressing.
[2026-07-02 04:47:41] ============================================================
[2026-07-02 04:47:41] MFP cron fallback starting
[2026-07-02 04:47:41] Fallback already ran today (25 actions). Suppressing.
[2026-07-02 05:04:02] BLOCKED: Session 0 (use VBS startup script)
[2026-07-02 05:04:18] ============================================================
[2026-07-02 05:04:18] MFP cron fallback starting
[2026-07-02 05:04:18] Fallback already ran today (25 actions). Suppressing.
[2026-07-02 05:37:26] ============================================================
[2026-07-02 05:37:26] MFP Flagged Email Sync starting (direct mode)
[2026-07-02 05:39:26] ERROR: Outlook COM dispatch failed: (-2146959355, 'Server execution failed', None, None)
[2026-07-02 05:40:08] ============================================================
[2026-07-02 05:40:08] MFP cron fallback starting
[2026-07-02 05:40:08] Fallback already ran today (25 actions). Suppressing.
[2026-07-02 06:12:11] BLOCKED: Session 0 (use VBS startup script)
[2026-07-02 06:13:06] ============================================================
[2026-07-02 06:13:06] MFP cron fallback starting
[2026-07-02 06:13:06] Fallback already ran today (25 actions). Suppressing.
[2026-07-02 06:30:20] ============================================================
[2026-07-02 06:30:20] MFP cron fallback starting
[2026-07-02 06:30:20] Fallback already ran today (25 actions). Suppressing.
[2026-07-02 09:12:05] BLOCKED: Session 0 (use VBS startup script)
[2026-07-02 09:12:28] ============================================================
[2026-07-02 09:12:28] MFP cron fallback starting
[2026-07-02 09:12:28] Fallback already ran today (25 actions). Suppressing.
[2026-07-02 09:29:00] ============================================================
[2026-07-02 09:29:00] MFP cron fallback starting
[2026-07-02 09:29:00] Fallback already ran today (25 actions). Suppressing.
[2026-07-02 09:45:32] ============================================================
[2026-07-02 09:45:32] MFP cron fallback starting
[2026-07-02 09:45:32] Fallback already ran today (25 actions). Suppressing.
[2026-07-02 10:01:25] ============================================================
[2026-07-02 10:01:25] MFP Flagged Email Sync starting (direct mode)
[2026-07-02 10:03:25] ERROR: Outlook COM dispatch failed: (-2146959355, 'Server execution failed', None, None)
[2026-07-02 10:21:09] BLOCKED: Session 0 (use VBS startup script)
[2026-07-02 10:22:41] ============================================================
[2026-07-02 10:22:41] MFP cron fallback starting
[2026-07-02 10:22:41] Fallback already ran today (25 actions). Suppressing.
[2026-07-02 10:38:23] ============================================================
[2026-07-02 10:38:23] MFP cron fallback starting
[2026-07-02 10:38:23] Fallback already ran today (25 actions). Suppressing.
[2026-07-02 11:26:08] BLOCKED: Session 0 (use VBS startup script)
[2026-07-02 11:26:33] ============================================================
[2026-07-02 11:26:33] MFP cron fallback starting
[2026-07-02 11:26:33] Cache: flagged-local.json (created 2026-06-12 07:04:49), 25 actions
[2026-07-02 11:26:33] Posting 25 actions to Playbook API...
[2026-07-02 11:26:33] CRON FALLBACK: Pushed cached local backup (25 actions) to Playbook API
[2026-07-02 11:26:33] Playbook API response: status=ok, count=25, stored_at=2026-07-02T15:26:36.097Z
[2026-07-02 11:26:33] Result: 25 actions synced to Playbook
[2026-07-02 11:26:33] ============================================================
[2026-07-02 11:42:50] ============================================================
[2026-07-02 11:42:50] MFP cron fallback starting
[2026-07-02 11:42:50] Fallback already ran today (25 actions). Suppressing.
[2026-07-02 11:58:59] ============================================================
[2026-07-02 11:58:59] MFP cron fallback starting
[2026-07-02 11:58:59] Cache: flagged-local.json (created 2026-06-12 07:04:49), 25 actions
[2026-07-02 11:58:59] Fallback already ran today (25 actions). Suppressing.
[2026-07-02 12:32:10] BLOCKED: Session 0 (use VBS startup script)
[2026-07-02 12:34:40] ============================================================
[2026-07-02 12:34:40] MFP cron fallback starting
[2026-07-02 12:34:40] Fallback already ran today (25 actions). Suppressing.
[2026-07-02 13:07:34] ============================================================
[2026-07-02 13:07:34] MFP cron fallback starting
[2026-07-02 13:07:34] Fallback already ran today (25 actions). Suppressing.
[2026-07-02 13:41:15] BLOCKED: Session 0 (use VBS startup script)
[2026-07-02 15:19:23] BLOCKED: Session 0 (use VBS startup script)
[2026-07-02 15:19:47] ============================================================
[2026-07-02 15:19:47] MFP cron fallback starting
[2026-07-02 15:19:47] Cache: flagged-local.json (created 2026-06-12 07:04:49), 25 actions
[2026-07-02 15:19:47] Fallback already ran today (25 actions). Suppressing.
[2026-07-02 16:08:30] ============================================================
[2026-07-02 16:08:30] MFP cron fallback starting
[2026-07-02 16:08:30] Fallback already ran today (25 actions). Suppressing.
[2026-07-02 16:24:30] BLOCKED: Session 0 (use VBS startup script)
[2026-07-02 16:25:09] ============================================================
[2026-07-02 16:25:09] MFP cron fallback starting
[2026-07-02 16:25:09] Fallback already ran today (25 actions). Suppressing.
[2026-07-02 16:44:43] ============================================================
[2026-07-02 16:44:43] MFP cron fallback starting
[2026-07-02 16:44:43] Fallback already ran today (25 actions). Suppressing.
[2026-07-02 17:33:34] BLOCKED: Session 0 (use VBS startup script)
[2026-07-02 17:35:09] ============================================================
[2026-07-02 17:35:09] MFP cron fallback starting
[2026-07-02 17:35:09] Fallback already ran today (25 actions). Suppressing.
[2026-07-02 17:50:57] ============================================================
[2026-07-02 17:50:57] MFP cron fallback starting
[2026-07-02 17:50:57] Fallback already ran today (25 actions). Suppressing.
[2026-07-02 18:07:02] ============================================================
[2026-07-02 18:07:02] MFP cron fallback starting
[2026-07-02 18:07:02] Fallback already ran today (25 actions). Suppressing.
[2026-07-02 18:39:36] BLOCKED: Session 0 (use VBS startup script)
[2026-07-02 18:40:01] ============================================================
[2026-07-02 18:40:01] MFP cron fallback starting
[2026-07-02 18:40:01] Cache: flagged-local.json (created 2026-06-12 07:04:49), 25 actions
[2026-07-02 18:40:01] Fallback already ran today (25 actions). Suppressing.
[2026-07-02 19:13:07] ============================================================
[2026-07-02 19:13:07] MFP Flagged Email Sync starting (direct mode)
[2026-07-02 19:15:07] ERROR: Outlook COM dispatch failed: (-2146959355, 'Server execution failed', None, None)
[2026-07-02 19:17:56] ============================================================
[2026-07-02 19:17:56] MFP cron fallback starting
[2026-07-02 19:17:56] Fallback already ran today (25 actions). Suppressing.
[2026-07-02 19:34:51] ============================================================
[2026-07-02 19:34:51] MFP cron fallback starting
[2026-07-02 19:34:51] Fallback already ran today (25 actions). Suppressing.
[2026-07-02 19:50:44] BLOCKED: Session 0 (use VBS startup script)
[2026-07-02 20:39:45] ============================================================
[2026-07-02 20:39:45] MFP cron fallback starting
[2026-07-02 20:39:45] Fallback already ran today (25 actions). Suppressing.
[2026-07-02 20:55:51] BLOCKED: Session 0 (use VBS startup script)
[2026-07-02 20:56:15] ============================================================
[2026-07-02 20:56:15] MFP Flagged Email Sync starting (direct mode)
[2026-07-02 20:58:15] ERROR: Outlook COM dispatch failed: (-2146959355, 'Server execution failed', None, None)
[2026-07-02 21:14:15] ============================================================
[2026-07-02 21:14:15] MFP cron fallback starting
[2026-07-02 21:14:15] Cache: flagged-local.json (created 2026-06-12 07:04:49), 25 actions
[2026-07-02 21:14:15] Fallback already ran today (25 actions). Suppressing.
[2026-07-02 21:31:44] ============================================================
[2026-07-02 21:31:44] MFP cron fallback starting
[2026-07-02 21:31:44] Fallback already ran today (25 actions). Suppressing.
[2026-07-02 21:48:19] ============================================================
[2026-07-02 21:48:19] MFP cron fallback starting
[2026-07-02 21:48:19] Cache: flagged-local.json (created 2026-06-12 07:04:49), 25 actions
[2026-07-02 21:48:19] Fallback already ran today (25 actions). Suppressing.
[2026-07-02 22:04:53] BLOCKED: Session 0 (use VBS startup script)
[2026-07-02 22:07:11] ============================================================
[2026-07-02 22:07:11] MFP cron fallback starting
[2026-07-02 22:07:11] Fallback already ran today (25 actions). Suppressing.
[2026-07-02 22:39:22] ============================================================
[2026-07-02 22:39:22] MFP Flagged Email Sync starting (direct mode)
[2026-07-02 22:41:23] ERROR: Outlook COM dispatch failed: (-2146959355, 'Server execution failed', None, None)
[2026-07-02 22:42:09] ============================================================
[2026-07-02 22:42:09] MFP cron fallback starting
[2026-07-02 22:42:09] Fallback already ran today (25 actions). Suppressing.
[2026-07-02 22:58:22] ============================================================
[2026-07-02 22:58:22] MFP cron fallback starting
[2026-07-02 22:58:22] Fallback already ran today (25 actions). Suppressing.
[2026-07-02 23:14:57] BLOCKED: Session 0 (use VBS startup script)
[2026-07-02 23:48:22] ============================================================
[2026-07-02 23:48:22] MFP cron fallback starting
[2026-07-02 23:48:22] Cache: flagged-local.json (created 2026-06-12 07:04:49), 25 actions
[2026-07-02 23:48:22] Fallback already ran today (25 actions). Suppressing.
[2026-07-03 00:04:25] ============================================================
[2026-07-03 00:04:25] MFP cron fallback starting
[2026-07-03 00:04:25] Cache: flagged-local.json (created 2026-06-12 07:04), 25 actions
[2026-07-03 00:04:25] Posting 25 actions to Playbook API...
[2026-07-03 00:04:26] CRON FALLBACK: Pushed cached local backup (25 actions) to Playbook API
[2026-07-03 00:04:26] Playbook API response: status=ok, count=25, stored_at=2026-07-03T04:04:26.706Z
[2026-07-03 00:04:26] Result: 25 actions synced to Playbook
[2026-07-03 00:04:26] ============================================================
[2026-07-03 00:20:03] BLOCKED: Session 0 (use VBS startup script)
[2026-07-03 00:36:30] ============================================================
[2026-07-03 00:36:30] MFP Flagged Email Sync starting (direct mode)
[2026-07-03 00:38:30] ERROR: Outlook COM dispatch failed: (-2146959355, 'Server execution failed', None, None)
[2026-07-03 00:55:31] ============================================================
[2026-07-03 00:55:31] MFP cron fallback starting
[2026-07-03 00:55:31] Fallback already ran today (25 actions). Suppressing.
[2026-07-03 01:30:10] BLOCKED: Session 0 (use VBS startup script)
[2026-07-03 10:33:43] BLOCKED: Session 0 (use VBS startup script)
[2026-07-03 10:35:02] ============================================================
[2026-07-03 10:35:02] MFP cron fallback starting
[2026-07-03 10:35:02] Cache: flagged-local.json (created 2026-06-12 07:04:49), 25 actions
[2026-07-03 10:35:02] Posting 25 actions to Playbook API...
[2026-07-03 10:35:02] CRON FALLBACK: Pushed cached local backup (25 actions) to Playbook API
[2026-07-03 10:35:02] Playbook API response: status=ok, count=25, stored_at=2026-07-03T14:35:03.425Z
[2026-07-03 10:35:02] Result: 25 actions synced to Playbook
[2026-07-03 10:35:02] ============================================================
[2026-07-03 10:54:00] ============================================================
[2026-07-03 10:54:00] MFP cron fallback starting
[2026-07-03 10:54:00] Fallback already ran today (25 actions). Suppressing.
[2026-07-03 11:10:03] ============================================================
[2026-07-03 11:10:03] MFP cron fallback starting
[2026-07-03 11:10:03] Fallback already ran today (25 actions). Suppressing.
[2026-07-03 11:26:20] ============================================================
[2026-07-03 11:26:20] MFP Flagged Email Sync starting (direct mode)
[2026-07-03 11:28:20] ERROR: Outlook COM dispatch failed: (-2146959355, 'Server execution failed', None, None)
[2026-07-03 11:28:26] ============================================================
[2026-07-03 11:28:26] MFP cron fallback starting
[2026-07-03 11:28:26] Cache: flagged-local.json (created 2026-06-12 07:04:49), 25 actions
[2026-07-03 11:28:26] Fallback already ran today (25 actions). Suppressing.
[2026-07-03 21:08:38] BLOCKED: Session 0 (use VBS startup script)
[2026-07-03 21:09:29] ============================================================
[2026-07-03 21:09:29] MFP cron fallback starting
[2026-07-03 21:09:29] Fallback already ran today (25 actions). Suppressing.
[2026-07-03 21:26:01] ============================================================
[2026-07-03 21:26:01] MFP cron fallback starting
[2026-07-03 21:26:01] Fallback already ran today (25 actions). Suppressing.
[2026-07-03 21:42:32] ============================================================
[2026-07-03 21:42:32] MFP cron fallback starting
[2026-07-03 21:42:32] Fallback already ran today (25 actions). Suppressing.
[2026-07-03 22:15:07] ============================================================
[2026-07-03 22:15:07] MFP cron fallback starting
[2026-07-03 22:15:07] Fallback already ran today (25 actions). Suppressing.
[2026-07-03 22:30:40] BLOCKED: Session 0 (use VBS startup script)
[2026-07-03 22:48:06] ============================================================
[2026-07-03 22:48:06] MFP cron fallback starting
[2026-07-03 22:48:06] Fallback already ran today (25 actions). Suppressing.
[2026-07-03 23:05:12] ============================================================
[2026-07-03 23:05:12] MFP cron fallback starting
[2026-07-03 23:05:12] Fallback already ran today (25 actions). Suppressing.
[2026-07-03 23:37:43] BLOCKED: Session 0 (use VBS startup script)
[2026-07-03 23:38:10] ============================================================
[2026-07-03 23:38:10] MFP cron fallback starting
[2026-07-03 23:38:10] Fallback already ran today (25 actions). Suppressing.
[2026-07-04 00:12:22] ============================================================
[2026-07-04 00:12:22] MFP cron fallback starting
[2026-07-04 00:12:22] Cache: flagged-local.json (created 2026-06-12 07:04:49), 25 actions
[2026-07-04 00:12:22] Posting 25 actions to Playbook API...
[2026-07-04 00:12:23] CRON FALLBACK: Pushed cached local backup (25 actions) to Playbook API
[2026-07-04 00:12:23] Playbook API response: status=ok, count=25, stored_at=2026-07-04T04:12:23.428Z
[2026-07-04 00:12:23] Result: 25 actions synced to Playbook
[2026-07-04 00:12:23] ============================================================
[2026-07-04 00:29:00] ============================================================
[2026-07-04 00:29:00] MFP cron fallback starting
[2026-07-04 00:29:00] Fallback already ran today (25 actions). Suppressing.
[2026-07-04 00:45:09] ============================================================
[2026-07-04 00:45:09] MFP cron fallback starting
[2026-07-04 00:45:09] Fallback already ran today (25 actions). Suppressing.
[2026-07-04 01:00:45] BLOCKED: Session 0 (use VBS startup script)
[2026-07-04 01:17:20] ============================================================
[2026-07-04 01:17:20] MFP cron fallback starting
[2026-07-04 01:17:20] Fallback already ran today (25 actions). Suppressing.
[2026-07-04 01:34:39] ============================================================
[2026-07-04 01:34:39] MFP cron fallback starting
[2026-07-04 01:34:39] Cache: flagged-local.json (created 2026-06-12 07:04:49), 25 actions
[2026-07-04 01:34:39] Fallback already ran today (25 actions). Suppressing.
[2026-07-04 02:06:55] BLOCKED: Session 0 (use VBS startup script)
[2026-07-04 02:07:16] ============================================================
[2026-07-04 02:07:16] MFP cron fallback starting
[2026-07-04 02:07:16] Fallback already ran today (25 actions). Suppressing.
[2026-07-04 02:23:45] ============================================================
[2026-07-04 02:23:45] MFP cron fallback starting
[2026-07-04 02:23:45] Fallback already ran today (25 actions). Suppressing.
[2026-07-04 02:40:21] ============================================================
[2026-07-04 02:40:21] MFP cron fallback starting
[2026-07-04 02:40:21] Fallback already ran today (25 actions). Suppressing.
[2026-07-04 03:16:50] BLOCKED: Session 0 (use VBS startup script)
[2026-07-04 03:33:16] Cache: flagged-local.json (created 2026-06-12 07:04:49), 25 actions
[2026-07-04 03:33:16] Fallback already ran today (25 actions). Suppressing.
[2026-07-04 04:07:16] ============================================================
[2026-07-04 04:07:16] MFP cron fallback starting
[2026-07-04 04:07:16] Fallback already ran today (25 actions). Suppressing.
[2026-07-04 04:23:39] ============================================================
[2026-07-04 04:23:39] MFP cron fallback starting
[2026-07-04 04:23:39] Fallback already ran today (25 actions). Suppressing.
[2026-07-04 04:39:55] BLOCKED: Session 0 (use VBS startup script)
[2026-07-04 04:56:15] ============================================================
[2026-07-04 04:56:15] MFP cron fallback starting
[2026-07-04 04:56:15] Fallback already ran today (25 actions). Suppressing.
[2026-07-04 05:12:19] ============================================================
[2026-07-04 05:12:19] MFP cron fallback starting
[2026-07-04 05:12:19] Fallback already ran today (25 actions). Suppressing.
[2026-07-04 05:29:52] ============================================================
[2026-07-04 05:29:52] MFP cron fallback starting
[2026-07-04 05:29:52] Fallback already ran today (25 actions). Suppressing.
[2026-07-04 05:47:28] ============================================================
[2026-07-04 05:47:28] MFP cron fallback starting
[2026-07-04 05:47:28] Fallback already ran today (25 actions). Suppressing.
[2026-07-04 06:02:54] BLOCKED: Session 0 (use VBS startup script)
[2026-07-04 07:10:10] ============================================================
[2026-07-04 07:10:10] MFP cron fallback starting
[2026-07-04 07:10:10] Fallback already ran today (25 actions). Suppressing.
[2026-07-04 07:25:58] BLOCKED: Session 0 (use VBS startup script)
[2026-07-04 07:42:34] ============================================================
[2026-07-04 07:42:34] MFP cron fallback starting
[2026-07-04 07:42:34] Fallback already ran today (25 actions). Suppressing.
[2026-07-04 08:17:07] Cache: flagged-local.json (created 2026-06-12 07:04:49), 25 actions
[2026-07-04 08:17:07] Fallback already ran today (25 actions). Suppressing.
[2026-07-04 08:33:01] BLOCKED: Session 0 (use VBS startup script)
[2026-07-04 08:50:47] Cache: flagged-local.json (created 2026-06-12 07:04:49), 25 actions
[2026-07-04 08:50:47] Fallback already ran today (25 actions). Suppressing.
[2026-07-04 09:23:26] ============================================================
[2026-07-04 09:23:26] MFP Flagged Email Sync starting (direct mode)
[2026-07-04 09:25:26] ERROR: Outlook COM dispatch failed: (-2146959355, 'Server execution failed', None, None)
[2026-07-04 09:27:29] Cache: flagged-local.json (created 2026-06-12 07:04:49), 25 actions
[2026-07-04 09:27:29] Fallback already ran today (25 actions). Suppressing.
[2026-07-04 09:43:02] BLOCKED: Session 0 (use VBS startup script)
[2026-07-04 09:43:33] ============================================================
[2026-07-04 09:43:33] MFP cron fallback starting
[2026-07-04 09:43:33] Fallback already ran today (25 actions). Suppressing.
[2026-07-04 09:59:39] Cache: flagged-local.json (created 2026-06-12 07:04:49), 25 actions
[2026-07-04 09:59:39] Fallback already ran today (25 actions). Suppressing.
[2026-07-04 10:15:33] ============================================================
[2026-07-04 10:15:33] MFP cron fallback starting
[2026-07-04 10:15:33] Fallback already ran today (25 actions). Suppressing.
[2026-07-04 10:31:18] ============================================================
[2026-07-04 10:31:18] MFP cron fallback starting
[2026-07-04 10:31:18] Fallback already ran today (25 actions). Suppressing.
[2026-07-04 10:47:05] BLOCKED: Session 0 (use VBS startup script)
[2026-07-04 10:47:22] ============================================================
[2026-07-04 10:47:22] MFP cron fallback starting
[2026-07-04 10:47:22] Fallback already ran today (25 actions). Suppressing.
[2026-07-04 11:35:33] ============================================================
[2026-07-04 11:35:33] MFP cron fallback starting
[2026-07-04 11:35:33] Fallback already ran today (25 actions). Suppressing.
[2026-07-04 11:51:08] BLOCKED: Session 0 (use VBS startup script)
[2026-07-04 11:51:37] ============================================================
[2026-07-04 11:51:37] MFP cron fallback starting
[2026-07-04 11:51:37] Fallback already ran today (25 actions). Suppressing.
[2026-07-04 12:07:50] Cache: flagged-local.json (created 2026-06-12 07:04:49), 25 actions
[2026-07-04 12:07:50] Fallback already ran today (25 actions). Suppressing.
[2026-07-04 12:40:33] Cache: flagged-local.json (created 2026-06-12 07:04:49), 25 actions
[2026-07-04 12:40:33] Fallback already ran today (25 actions). Suppressing.
[2026-07-04 12:40:39] ============================================================
[2026-07-04 12:40:39] MFP Flagged Email Sync starting (direct mode)
[2026-07-04 12:42:39] ERROR: Outlook COM dispatch failed: (-2146959355, 'Server execution failed', None, None)
[2026-07-04 12:57:15] BLOCKED: Session 0 (use VBS startup script)
[2026-07-04 12:58:30] ============================================================
[2026-07-04 12:58:30] MFP cron fallback starting
[2026-07-04 12:58:30] Fallback already ran today (25 actions). Suppressing.
[2026-07-04 13:15:34] ============================================================
[2026-07-04 13:15:34] MFP cron fallback starting
[2026-07-04 13:15:34] Fallback already ran today (25 actions). Suppressing.
[2026-07-04 13:32:24] ============================================================
[2026-07-04 13:32:24] MFP cron fallback starting
[2026-07-04 13:32:24] Fallback already ran today (25 actions). Suppressing.
[2026-07-04 13:48:48] ============================================================
[2026-07-04 13:48:48] MFP cron fallback starting
[2026-07-04 13:48:48] Fallback already ran today (25 actions). Suppressing.
[2026-07-04 14:04:20] BLOCKED: Session 0 (use VBS startup script)
[2026-07-04 14:04:48] ============================================================
[2026-07-04 14:04:48] MFP cron fallback starting
[2026-07-04 14:04:48] Fallback already ran today (25 actions). Suppressing.
[2026-07-04 14:20:40] ============================================================
[2026-07-04 14:20:40] MFP cron fallback starting
[2026-07-04 14:20:40] Fallback already ran today (25 actions). Suppressing.
[2026-07-04 14:37:54] Cache: flagged-local.json (created 2026-06-12 07:04:49), 25 actions
[2026-07-04 14:37:54] Fallback already ran today (25 actions). Suppressing.
[2026-07-04 14:53:48] ============================================================
[2026-07-04 14:53:48] MFP cron fallback starting
[2026-07-04 14:53:48] Fallback already ran today (25 actions). Suppressing.
[2026-07-04 15:09:24] BLOCKED: Session 0 (use VBS startup script)
[2026-07-04 15:26:13] ============================================================
[2026-07-04 15:26:13] MFP Flagged Email Sync starting (direct mode)
[2026-07-04 15:28:13] ERROR: Outlook COM dispatch failed: (-2146959355, 'Server execution failed', None, None)
[2026-07-04 15:43:07] ============================================================
[2026-07-04 15:43:07] MFP Flagged Email Sync starting (direct mode)
[2026-07-04 15:45:07] ERROR: Outlook COM dispatch failed: (-2146959355, 'Server execution failed', None, None)
[2026-07-04 16:01:43] ============================================================
[2026-07-04 16:01:43] MFP cron fallback starting
[2026-07-04 16:01:43] Fallback already ran today (25 actions). Suppressing.
[2026-07-04 16:18:31] BLOCKED: Session 0 (use VBS startup script)
[2026-07-04 16:52:01] ============================================================
[2026-07-04 16:52:01] MFP cron fallback starting
[2026-07-04 16:52:01] Fallback already ran today (25 actions). Suppressing.
[2026-07-04 17:23:36] BLOCKED: Session 0 (use VBS startup script)
[2026-07-04 17:56:00] ============================================================
[2026-07-04 17:56:00] MFP cron fallback starting
[2026-07-04 17:56:00] Fallback already ran today (25 actions). Suppressing.
[2026-07-04 18:12:18] ============================================================
[2026-07-04 18:12:18] MFP cron fallback starting
[2026-07-04 18:12:18] Fallback already ran today (25 actions). Suppressing.
[2026-07-04 18:27:57] ============================================================
[2026-07-04 18:27:57] MFP cron fallback starting
[2026-07-04 18:27:57] Fallback already ran today (25 actions). Suppressing.
[2026-07-05 08:58:35] BLOCKED: Session 0 (use VBS startup script)
[2026-07-05 08:59:01] Cache: flagged-local.json (created 2026-06-12 07:04:49), 25 actions
[2026-07-05 08:59:01] Posting 25 actions to Playbook API...
[2026-07-05 08:59:01] ERROR: API returned 401: {"error":"Invalid sync key"}
[2026-07-05 09:00:23] ============================================================
[2026-07-05 09:00:23] MFP cron fallback starting
[2026-07-05 09:00:23] Cache: flagged-local.json (created 2026-06-12 07:04), 25 actions
[2026-07-05 09:00:23] Posting 25 actions to Playbook API...
[2026-07-05 09:00:23] CRON FALLBACK: Pushed cached local backup (25 actions) to Playbook API
[2026-07-05 09:00:23] Playbook API response: status=ok, count=25, stored_at=2026-07-05T13:00:25.151Z
[2026-07-05 09:00:23] Result: 25 actions synced to Playbook
[2026-07-05 09:00:23] ============================================================
[2026-07-05 09:59:17] BLOCKED: Session 0 (use VBS startup script)
[2026-07-05 10:16:48] ============================================================
[2026-07-05 10:16:48] MFP cron fallback starting
[2026-07-05 10:16:48] Fallback already ran today (25 actions). Suppressing.
[2026-07-05 10:48:49] ============================================================
[2026-07-05 10:48:49] MFP cron fallback starting
[2026-07-05 10:48:49] Fallback already ran today (25 actions). Suppressing.
[2026-07-05 11:05:19] BLOCKED: Session 0 (use VBS startup script)
[2026-07-05 11:21:45] ============================================================
[2026-07-05 11:21:45] MFP cron fallback starting
[2026-07-05 11:21:45] Fallback already ran today (25 actions). Suppressing.
[2026-07-05 11:37:47] ============================================================
[2026-07-05 11:37:47] MFP cron fallback starting
[2026-07-05 11:37:47] Fallback already ran today (25 actions). Suppressing.
[2026-07-05 11:54:00] ============================================================
[2026-07-05 11:54:00] MFP cron fallback starting
[2026-07-05 11:54:00] Fallback already ran today (25 actions). Suppressing.
[2026-07-05 12:10:25] BLOCKED: Session 0 (use VBS startup script)
[2026-07-05 12:13:36] ============================================================
[2026-07-05 12:13:36] MFP cron fallback starting
[2026-07-05 12:13:36] Fallback already ran today (25 actions). Suppressing.
[2026-07-05 12:29:53] ============================================================
[2026-07-05 12:29:53] MFP cron fallback starting
[2026-07-05 12:29:53] Fallback already ran today (25 actions). Suppressing.
[2026-07-05 13:18:32] BLOCKED: Session 0 (use VBS startup script)
[2026-07-05 13:34:58] ============================================================
[2026-07-05 13:34:58] MFP cron fallback starting
[2026-07-05 13:34:58] Fallback already ran today (25 actions). Suppressing.
[2026-07-05 13:51:39] ============================================================
[2026-07-05 13:51:39] MFP cron fallback starting
[2026-07-05 13:51:39] Fallback already ran today (25 actions). Suppressing.
[2026-07-05 14:24:34] BLOCKED: Session 0 (use VBS startup script)
[2026-07-05 14:41:05] ============================================================
[2026-07-05 14:41:05] MFP cron fallback starting
[2026-07-05 14:41:05] Fallback already ran today (25 actions). Suppressing.
[2026-07-05 15:29:43] BLOCKED: Session 0 (use VBS startup script)
[2026-07-05 15:46:31] ============================================================
[2026-07-05 15:46:31] MFP cron fallback starting
[2026-07-05 15:46:31] Fallback already ran today (25 actions). Suppressing.
[2026-07-05 16:03:06] ============================================================
[2026-07-05 16:03:06] MFP cron fallback starting
[2026-07-05 16:03:06] Fallback already ran today (25 actions). Suppressing.
[2026-07-05 16:19:06] ============================================================
[2026-07-05 16:19:06] MFP cron fallback starting
[2026-07-05 16:19:06] Fallback already ran today (25 actions). Suppressing.
[2026-07-05 16:36:14] ============================================================
[2026-07-05 16:36:14] MFP cron fallback starting
[2026-07-05 16:36:14] Fallback already ran today (25 actions). Suppressing.
[2026-07-05 16:52:16] ============================================================
[2026-07-05 16:52:16] MFP cron fallback starting
[2026-07-05 16:52:16] Fallback already ran today (25 actions). Suppressing.
[2026-07-05 17:07:50] BLOCKED: Session 0 (use VBS startup script)
[2026-07-05 17:25:11] ============================================================
[2026-07-05 17:25:11] MFP cron fallback starting
[2026-07-05 17:25:11] Fallback already ran today (25 actions). Suppressing.
[2026-07-05 17:41:17] ============================================================
[2026-07-05 17:41:17] MFP Flagged Email Sync starting (direct mode)
[2026-07-05 17:43:19] ERROR: Outlook COM dispatch failed: (-2146959355, 'Server execution failed', None, None)
[2026-07-05 17:44:14] Cache: flagged-local.json (created 2026-06-12 07:04:49), 25 actions
[2026-07-05 17:44:14] Fallback already ran today (25 actions). Suppressing.
[2026-07-05 18:16:54] BLOCKED: Session 0 (use VBS startup script)
[2026-07-05 18:17:13] ============================================================
[2026-07-05 18:17:13] MFP cron fallback starting
[2026-07-05 18:17:13] Fallback already ran today (25 actions). Suppressing.
[2026-07-05 18:33:23] ============================================================
[2026-07-05 18:33:23] MFP cron fallback starting
[2026-07-05 18:33:23] Fallback already ran today (25 actions). Suppressing.
[2026-07-05 19:06:16] ============================================================
[2026-07-05 19:06:16] MFP cron fallback starting
[2026-07-05 19:06:16] Fallback already ran today (25 actions). Suppressing.
[2026-07-05 19:21:56] BLOCKED: Session 0 (use VBS startup script)
[2026-07-05 19:22:35] ============================================================
[2026-07-05 19:22:35] MFP cron fallback starting
[2026-07-05 19:22:35] Fallback already ran today (25 actions). Suppressing.
[2026-07-05 19:38:36] ============================================================
[2026-07-05 19:38:36] MFP cron fallback starting
[2026-07-05 19:38:36] Fallback already ran today (25 actions). Suppressing.
[2026-07-05 19:55:24] ============================================================
[2026-07-05 19:55:24] MFP cron fallback starting
[2026-07-05 19:55:24] Fallback already ran today (25 actions). Suppressing.
[2026-07-05 20:12:39] ============================================================
[2026-07-05 20:12:39] MFP cron fallback starting
[2026-07-05 20:12:39] Fallback already ran today (25 actions). Suppressing.
[2026-07-05 20:28:56] BLOCKED: Session 0 (use VBS startup script)
[2026-07-05 20:29:31] ============================================================
[2026-07-05 20:29:31] MFP cron fallback starting
[2026-07-05 20:29:31] Fallback already ran today (25 actions). Suppressing.
[2026-07-05 20:46:26] ============================================================
[2026-07-05 20:46:26] MFP cron fallback starting
[2026-07-05 20:46:26] Fallback already ran today (25 actions). Suppressing.
[2026-07-05 21:02:31] ============================================================
[2026-07-05 21:02:31] MFP cron fallback starting
[2026-07-05 21:02:31] Fallback already ran today (25 actions). Suppressing.
[2026-07-05 21:38:03] BLOCKED: Session 0 (use VBS startup script)
[2026-07-05 21:40:30] ============================================================
[2026-07-05 21:40:30] MFP cron fallback starting
[2026-07-05 21:40:30] Fallback already ran today (25 actions). Suppressing.
[2026-07-05 21:56:32] ============================================================
[2026-07-05 21:56:32] MFP cron fallback starting
[2026-07-05 21:56:32] Fallback already ran today (25 actions). Suppressing.
[2026-07-05 22:13:44] ============================================================
[2026-07-05 22:13:44] MFP Flagged Email Sync starting (direct mode)
[2026-07-05 22:15:45] ERROR: Outlook COM dispatch failed: (-2146959355, 'Server execution failed', None, None)
[2026-07-05 22:17:32] ============================================================
[2026-07-05 22:17:32] MFP cron fallback starting
[2026-07-05 22:17:32] Fallback already ran today (25 actions). Suppressing.
[2026-07-05 22:50:09] BLOCKED: Session 0 (use VBS startup script)
[2026-07-05 23:08:41] ============================================================
[2026-07-05 23:08:41] MFP cron fallback starting
[2026-07-05 23:08:41] Fallback already ran today (25 actions). Suppressing.
[2026-07-05 23:42:43] ============================================================
[2026-07-05 23:42:43] MFP cron fallback starting
[2026-07-05 23:42:43] Fallback already ran today (25 actions). Suppressing.
[2026-07-05 23:59:37] ============================================================
[2026-07-05 23:59:37] MFP cron fallback starting
[2026-07-05 23:59:37] Fallback already ran today (25 actions). Suppressing.
[2026-07-06 00:16:17] BLOCKED: Session 0 (use VBS startup script)
[2026-07-06 00:16:44] ============================================================
[2026-07-06 00:16:44] MFP cron fallback starting
[2026-07-06 00:16:44] Cache: flagged-local.json (created 2026-06-12 07:04), 25 actions
[2026-07-06 00:16:44] Posting 25 actions to Playbook API...
[2026-07-06 00:16:45] CRON FALLBACK: Pushed cached local backup (25 actions) to Playbook API
[2026-07-06 00:16:45] Playbook API response: status=ok, count=25, stored_at=2026-07-06T04:16:45.449Z
[2026-07-06 00:16:45] Result: 25 actions synced to Playbook
[2026-07-06 00:16:45] ============================================================
[2026-07-06 00:53:42] ============================================================
[2026-07-06 00:53:42] MFP cron fallback starting
[2026-07-06 00:53:42] Fallback already ran today (25 actions). Suppressing.
[2026-07-06 01:27:24] BLOCKED: Session 0 (use VBS startup script)
[2026-07-06 01:27:53] ============================================================
[2026-07-06 01:27:53] MFP cron fallback starting
[2026-07-06 01:27:53] Fallback already ran today (25 actions). Suppressing.
[2026-07-06 02:03:55] ============================================================
[2026-07-06 02:03:55] MFP cron fallback starting
[2026-07-06 02:03:55] Fallback already ran today (25 actions). Suppressing.
[2026-07-06 02:20:25] ============================================================
[2026-07-06 02:20:25] MFP cron fallback starting
[2026-07-06 02:20:25] Fallback already ran today (25 actions). Suppressing.
[2026-07-06 02:37:11] ============================================================
[2026-07-06 02:37:11] MFP cron fallback starting
[2026-07-06 02:37:11] Fallback already ran today (25 actions). Suppressing.
[2026-07-06 02:53:28] BLOCKED: Session 0 (use VBS startup script)
[2026-07-06 03:30:17] ============================================================
[2026-07-06 03:30:17] MFP cron fallback starting
[2026-07-06 03:30:17] Fallback already ran today (25 actions). Suppressing.
[2026-07-06 03:48:05] ============================================================
[2026-07-06 03:48:05] MFP cron fallback starting
[2026-07-06 03:48:05] Fallback already ran today (25 actions). Suppressing.
[2026-07-06 04:04:57] ============================================================
[2026-07-06 04:04:57] MFP cron fallback starting
[2026-07-06 04:04:57] Fallback already ran today (25 actions). Suppressing.
[2026-07-06 04:39:38] BLOCKED: Session 0 (use VBS startup script)
[2026-07-06 04:56:28] ============================================================
[2026-07-06 04:56:28] MFP cron fallback starting
[2026-07-06 04:56:28] Fallback already ran today (25 actions). Suppressing.
[2026-07-06 05:13:27] ============================================================
[2026-07-06 05:13:27] MFP cron fallback starting
[2026-07-06 05:13:27] Fallback already ran today (25 actions). Suppressing.
[2026-07-06 05:30:07] ============================================================
[2026-07-06 05:30:07] MFP cron fallback starting
[2026-07-06 05:30:07] Fallback already ran today (25 actions). Suppressing.
[2026-07-06 05:45:43] BLOCKED: Session 0 (use VBS startup script)
[2026-07-06 08:00:42] ============================================================
[2026-07-06 08:00:42] MFP cron fallback starting
[2026-07-06 08:00:42] Fallback already ran today (25 actions). Suppressing.
[2026-07-06 08:17:10] BLOCKED: Session 0 (use VBS startup script)
[2026-07-06 08:19:31] ============================================================
[2026-07-06 08:19:31] MFP cron fallback starting
[2026-07-06 08:19:31] Fallback already ran today (25 actions). Suppressing.
[2026-07-06 08:36:41] ============================================================
[2026-07-06 08:36:41] MFP cron fallback starting
[2026-07-06 08:36:41] Fallback already ran today (25 actions). Suppressing.
[2026-07-06 08:53:38] ============================================================
[2026-07-06 08:53:38] MFP cron fallback starting
[2026-07-06 08:53:38] Fallback already ran today (25 actions). Suppressing.
[2026-07-06 09:12:26] Cache: flagged-local.json (created 2026-06-12 07:04:49), 25 actions
[2026-07-06 09:12:26] Fallback already ran today (25 actions). Suppressing.
[2026-07-06 09:29:30] ============================================================
[2026-07-06 09:29:30] MFP cron fallback starting
[2026-07-06 09:29:30] Fallback already ran today (25 actions). Suppressing.
[2026-07-06 17:23:12] ============================================================
[2026-07-06 17:23:12] MFP cron fallback starting
[2026-07-06 17:23:12] Fallback already ran today (25 actions). Suppressing.
[2026-07-06 17:39:01] BLOCKED: Session 0 (use VBS startup script)
[2026-07-06 17:41:32] ============================================================
[2026-07-06 17:41:32] MFP cron fallback starting
[2026-07-06 17:41:32] Fallback already ran today (25 actions). Suppressing.
[2026-07-06 17:58:22] ============================================================
[2026-07-06 17:58:22] MFP cron fallback starting
[2026-07-06 17:58:22] Fallback already ran today (25 actions). Suppressing.
[2026-07-06 18:15:55] Cache: flagged-local.json (created 2026-06-12 07:04:49), 25 actions
[2026-07-06 18:15:55] Fallback already ran today (25 actions). Suppressing.
[2026-07-06 18:49:14] BLOCKED: Session 0 (use VBS startup script)
[2026-07-06 18:49:28] ============================================================
[2026-07-06 18:49:28] MFP cron fallback starting
[2026-07-06 18:49:28] Fallback already ran today (25 actions). Suppressing.
[2026-07-06 19:05:35] ============================================================
[2026-07-06 19:05:35] MFP Flagged Email Sync starting (direct mode)
[2026-07-06 19:07:23] Cache: flagged-local.json (created 2026-06-12 07:04:49), 25 actions
[2026-07-06 19:07:23] Fallback already ran today (25 actions). Suppressing.
[2026-07-06 19:07:36] ERROR: Outlook COM dispatch failed: (-2146959355, 'Server execution failed', None, None)
[2026-07-06 19:24:36] ============================================================
[2026-07-06 19:24:36] MFP cron fallback starting
[2026-07-06 19:24:36] Fallback already ran today (25 actions). Suppressing.
[2026-07-06 19:40:40] ============================================================
[2026-07-06 19:40:40] MFP cron fallback starting
[2026-07-06 19:40:40] Fallback already ran today (25 actions). Suppressing.
[2026-07-06 19:56:12] BLOCKED: Session 0 (use VBS startup script)
[2026-07-06 19:57:33] Cache: flagged-local.json (created 2026-06-12 07:04:49), 25 actions
[2026-07-06 19:57:33] Fallback already ran today (25 actions). Suppressing.
[2026-07-06 20:30:38] ============================================================
[2026-07-06 20:30:38] MFP cron fallback starting
[2026-07-06 20:30:38] Fallback already ran today (25 actions). Suppressing.
[2026-07-06 20:46:45] Cache: flagged-local.json (created 2026-06-12 07:04:49), 25 actions
[2026-07-06 20:46:45] Posting 25 actions to Playbook API...
[2026-07-06 20:46:46] ERROR: API returned 401: {"error":"Invalid sync key"}
[2026-07-06 20:49:07] Cache: flagged-local.json (created 2026-06-12 07:04:49), 25 actions
[2026-07-06 20:49:07] Posting 25 actions to Playbook API...
[2026-07-06 20:49:08] CRON FALLBACK: Pushed cached local backup (25 actions) to Playbook API
[2026-07-06 20:49:08] Playbook API response: status=ok, count=25, stored_at=2026-07-07T00:49:08.079Z
[2026-07-06 20:49:08] Result: 25 actions synced to Playbook
[2026-07-06 21:06:19] BLOCKED: Session 0 (use VBS startup script)
[2026-07-06 21:07:38] Cache: flagged-local.json (created 2026-06-12 07:04:49), 25 actions
[2026-07-06 21:07:38] Posting 25 actions to Playbook API...
[2026-07-06 21:07:39] CRON FALLBACK: Pushed cached local backup (25 actions) to Playbook API
[2026-07-06 21:07:39] Playbook API response: status=ok, count=25, stored_at=2026-07-07T01:07:39.192Z
[2026-07-06 21:07:39] Result: 25 actions synced to Playbook
[2026-07-06 21:23:47] ============================================================
[2026-07-06 21:23:47] MFP cron fallback starting
[2026-07-06 21:23:47] Fallback already ran today (25 actions). Suppressing.
[2026-07-06 21:40:46] ============================================================
[2026-07-06 21:40:46] MFP cron fallback starting
[2026-07-06 21:40:46] Fallback already ran today (25 actions). Suppressing.
[2026-07-06 21:58:04] ============================================================
[2026-07-06 21:58:04] MFP cron fallback starting
[2026-07-06 21:58:04] Fallback already ran today (25 actions). Suppressing.
[2026-07-06 22:14:36] BLOCKED: Session 0 (use VBS startup script)
[2026-07-06 22:15:29] ============================================================
[2026-07-06 22:15:29] MFP cron fallback starting
[2026-07-06 22:15:29] Fallback already ran today (25 actions). Suppressing.
[2026-07-06 22:33:02] ============================================================
[2026-07-06 22:33:02] MFP cron fallback starting
[2026-07-06 22:33:02] Fallback already ran today (25 actions). Suppressing.
[2026-07-06 22:49:18] ============================================================
[2026-07-06 22:49:18] MFP cron fallback starting
[2026-07-06 22:49:18] Fallback already ran today (25 actions). Suppressing.
[2026-07-06 23:06:14] ============================================================
[2026-07-06 23:06:14] MFP cron fallback starting
[2026-07-06 23:06:14] Fallback already ran today (25 actions). Suppressing.
[2026-07-06 23:22:34] BLOCKED: Session 0 (use VBS startup script)
[2026-07-06 23:23:23] Cache: flagged-local.json (created 2026-06-12 07:04:49), 25 actions
[2026-07-06 23:23:23] Posting 25 actions to Playbook API...
[2026-07-06 23:23:25] CRON FALLBACK: Pushed cached local backup (25 actions) to Playbook API
[2026-07-06 23:23:25] Playbook API response: status=ok, count=25, stored_at=2026-07-07T03:23:24.992Z
[2026-07-06 23:23:25] Result: 25 actions synced to Playbook
[2026-07-06 23:39:51] ============================================================
[2026-07-06 23:39:51] MFP cron fallback starting
[2026-07-06 23:39:51] Fallback already ran today (25 actions). Suppressing.
[2026-07-06 23:57:13] ============================================================
[2026-07-06 23:57:13] MFP cron fallback starting
[2026-07-06 23:57:13] Fallback already ran today (25 actions). Suppressing.
[2026-07-07 00:15:54] Cache: flagged-local.json (created 2026-06-12 07:04:49), 25 actions
[2026-07-07 00:15:54] Posting 25 actions to Playbook API...
[2026-07-07 00:15:54] CRON FALLBACK: Pushed cached local backup (25 actions) to Playbook API
[2026-07-07 00:15:54] Playbook API response: status=ok, count=25, stored_at=2026-07-07T04:15:54.833Z
[2026-07-07 00:15:54] Result: 25 actions synced to Playbook
[2026-07-07 00:31:34] BLOCKED: Session 0 (use VBS startup script)
[2026-07-07 00:48:17] ============================================================
[2026-07-07 00:48:17] MFP cron fallback starting
[2026-07-07 00:48:17] Fallback already ran today (25 actions). Suppressing.
[2026-07-07 01:04:58] ============================================================
[2026-07-07 01:04:58] MFP cron fallback starting
[2026-07-07 01:04:58] Fallback already ran today (25 actions). Suppressing.
[2026-07-07 01:38:11] ============================================================
[2026-07-07 01:38:11] MFP cron fallback starting
[2026-07-07 01:38:11] Fallback already ran today (25 actions). Suppressing.
[2026-07-07 01:54:39] BLOCKED: Session 0 (use VBS startup script)
[2026-07-07 02:11:13] ============================================================
[2026-07-07 02:11:13] MFP cron fallback starting
[2026-07-07 02:11:13] Fallback already ran today (25 actions). Suppressing.
[2026-07-07 02:28:48] ============================================================
[2026-07-07 02:28:48] MFP cron fallback starting
[2026-07-07 02:28:48] Fallback already ran today (25 actions). Suppressing.
[2026-07-07 02:46:58] ============================================================
[2026-07-07 02:46:58] MFP cron fallback starting
[2026-07-07 02:46:58] Fallback already ran today (25 actions). Suppressing.
[2026-07-07 03:03:07] BLOCKED: Session 0 (use VBS startup script)
[2026-07-07 03:52:46] ============================================================
[2026-07-07 03:52:46] MFP cron fallback starting
[2026-07-07 03:52:46] Fallback already ran today (25 actions). Suppressing.
[2026-07-07 04:09:55] ============================================================
[2026-07-07 04:09:55] MFP cron fallback starting
[2026-07-07 04:09:55] Fallback already ran today (25 actions). Suppressing.
[2026-07-07 04:25:49] BLOCKED: Session 0 (use VBS startup script)
[2026-07-07 04:26:42] ============================================================
[2026-07-07 04:26:42] MFP cron fallback starting
[2026-07-07 04:26:42] Fallback already ran today (25 actions). Suppressing.
[2026-07-07 11:14:44] ============================================================
[2026-07-07 11:14:44] MFP cron fallback starting
[2026-07-07 11:14:44] Fallback already ran today (25 actions). Suppressing.
[2026-07-07 11:31:56] ============================================================
[2026-07-07 11:31:56] MFP cron fallback starting
[2026-07-07 11:31:56] Fallback already ran today (25 actions). Suppressing.
[2026-07-07 11:48:17] ============================================================
[2026-07-07 11:48:17] MFP cron fallback starting
[2026-07-07 11:48:17] Fallback already ran today (25 actions). Suppressing.
[2026-07-07 12:04:23] ============================================================
[2026-07-07 12:04:23] MFP cron fallback starting
[2026-07-07 12:04:23] Fallback already ran today (25 actions). Suppressing.
[2026-07-07 12:21:44] ============================================================
[2026-07-07 12:21:44] MFP cron fallback starting
[2026-07-07 12:21:44] Fallback already ran today (25 actions). Suppressing.
[2026-07-07 12:38:07] BLOCKED: Session 0 (use VBS startup script)
[2026-07-07 12:38:36] ============================================================
[2026-07-07 12:38:36] MFP cron fallback starting
[2026-07-07 12:38:36] Fallback already ran today (25 actions). Suppressing.
[2026-07-07 12:55:24] ============================================================
[2026-07-07 12:55:24] MFP cron fallback starting
[2026-07-07 12:55:24] Fallback already ran today (25 actions). Suppressing.
[2026-07-07 13:44:08] BLOCKED: Session 0 (use VBS startup script)
[2026-07-07 13:44:38] ============================================================
[2026-07-07 13:44:38] MFP Flagged Email Sync starting (direct mode)
[2026-07-07 13:46:39] ERROR: Outlook COM dispatch failed: (-2146959355, 'Server execution failed', None, None)
[2026-07-07 14:02:32] ============================================================
[2026-07-07 14:02:32] MFP cron fallback starting
[2026-07-07 14:02:32] Fallback already ran today (25 actions). Suppressing.
[2026-07-07 14:18:39] ============================================================
[2026-07-07 14:18:39] MFP cron fallback starting
[2026-07-07 14:18:39] Fallback already ran today (25 actions). Suppressing.
[2026-07-07 14:34:45] ============================================================
[2026-07-07 14:34:45] MFP cron fallback starting
[2026-07-07 14:34:45] Fallback already ran today (25 actions). Suppressing.
[2026-07-07 14:51:48] ============================================================
[2026-07-07 14:51:48] MFP cron fallback starting
[2026-07-07 14:51:48] Fallback already ran today (25 actions). Suppressing.
[2026-07-07 15:08:38] ============================================================
[2026-07-07 15:08:38] MFP cron fallback starting
[2026-07-07 15:08:38] Fallback already ran today (25 actions). Suppressing.
[2026-07-07 15:24:32] ============================================================
[2026-07-07 15:24:32] MFP cron fallback starting
[2026-07-07 15:24:32] Fallback already ran today (25 actions). Suppressing.
[2026-07-07 15:40:14] BLOCKED: Session 0 (use VBS startup script)
[2026-07-07 15:56:48] ============================================================
[2026-07-07 15:56:48] MFP cron fallback starting
[2026-07-07 15:56:48] Fallback already ran today (25 actions). Suppressing.
[2026-07-07 16:13:42] ============================================================
[2026-07-07 16:13:42] MFP cron fallback starting
[2026-07-07 16:13:42] Fallback already ran today (25 actions). Suppressing.
[2026-07-07 16:29:39] ============================================================
[2026-07-07 16:29:39] MFP cron fallback starting
[2026-07-07 16:29:39] Fallback already ran today (25 actions). Suppressing.
[2026-07-07 16:45:16] BLOCKED: Session 0 (use VBS startup script)
[2026-07-07 17:02:53] ============================================================
[2026-07-07 17:02:53] MFP cron fallback starting
[2026-07-07 17:02:53] Fallback already ran today (25 actions). Suppressing.
[2026-07-07 17:19:17] Cache: flagged-local.json (created 2026-06-12 07:04:49), 25 actions
[2026-07-07 17:19:17] Fallback already ran today (25 actions). Suppressing.
[2026-07-07 18:07:43] ============================================================
[2026-07-07 18:07:43] MFP cron fallback starting
[2026-07-07 18:07:43] Fallback already ran today (25 actions). Suppressing.
[2026-07-07 18:24:24] BLOCKED: Session 0 (use VBS startup script)
[2026-07-07 18:25:29] ============================================================
[2026-07-07 18:25:29] MFP cron fallback starting
[2026-07-07 18:25:29] Fallback already ran today (25 actions). Suppressing.
[2026-07-07 18:41:49] ============================================================
[2026-07-07 18:41:49] MFP cron fallback starting
[2026-07-07 18:41:49] Fallback already ran today (25 actions). Suppressing.
[2026-07-07 18:57:59] ============================================================
[2026-07-07 18:57:59] MFP cron fallback starting
[2026-07-07 18:57:59] Fallback already ran today (25 actions). Suppressing.
[2026-07-07 19:29:30] BLOCKED: Session 0 (use VBS startup script)
[2026-07-07 19:47:08] ============================================================
[2026-07-07 19:47:08] MFP cron fallback starting
[2026-07-07 19:47:08] Fallback already ran today (25 actions). Suppressing.
[2026-07-07 20:04:14] ============================================================
[2026-07-07 20:04:14] MFP cron fallback starting
[2026-07-07 20:04:14] Fallback already ran today (25 actions). Suppressing.
[2026-07-07 20:21:20] ============================================================
[2026-07-07 20:21:20] MFP cron fallback starting
[2026-07-07 20:21:20] Fallback already ran today (25 actions). Suppressing.
[2026-07-07 20:38:12] ============================================================
[2026-07-07 20:38:12] MFP cron fallback starting
[2026-07-07 20:38:12] Fallback already ran today (25 actions). Suppressing.
[2026-07-07 20:55:07] ============================================================
[2026-07-07 20:55:07] MFP cron fallback starting
[2026-07-07 20:55:07] Fallback already ran today (25 actions). Suppressing.
[2026-07-07 21:11:03] BLOCKED: Session 0 (use VBS startup script)
[2026-07-07 21:11:43] ============================================================
[2026-07-07 21:11:43] MFP cron fallback starting
[2026-07-07 21:11:43] Fallback already ran today (25 actions). Suppressing.
[2026-07-07 21:28:14] ============================================================
[2026-07-07 21:28:14] MFP cron fallback starting
[2026-07-07 21:28:14] Fallback already ran today (25 actions). Suppressing.
[2026-07-07 21:47:00] ============================================================
[2026-07-07 21:47:00] MFP cron fallback starting
[2026-07-07 21:47:00] Fallback already ran today (25 actions). Suppressing.
[2026-07-07 22:05:58] Cache: flagged-local.json (created 2026-06-12 07:04:49), 25 actions
[2026-07-07 22:05:58] Posting 25 actions to Playbook API...
[2026-07-07 22:05:58] CRON FALLBACK: Pushed cached local backup (25 actions) to Playbook API
[2026-07-07 22:05:58] Playbook API response: status=ok, count=25, stored_at=2026-07-08T02:05:59.708Z
[2026-07-07 22:05:58] Result: 25 actions synced to Playbook
[2026-07-07 22:23:03] ============================================================
[2026-07-07 22:23:03] MFP cron fallback starting
[2026-07-07 22:23:03] Fallback already ran today (25 actions). Suppressing.
[2026-07-07 22:39:03] ============================================================
[2026-07-07 22:39:03] MFP cron fallback starting
[2026-07-07 22:39:03] Fallback already ran today (25 actions). Suppressing.
[2026-07-07 22:57:06] ============================================================
[2026-07-07 22:57:06] MFP cron fallback starting
[2026-07-07 22:57:06] Fallback already ran today (25 actions). Suppressing.
[2026-07-07 23:13:25] ============================================================
[2026-07-07 23:13:25] MFP cron fallback starting
[2026-07-07 23:13:25] Fallback already ran today (25 actions). Suppressing.
[2026-07-07 23:31:05] ============================================================
[2026-07-07 23:31:05] MFP cron fallback starting
[2026-07-07 23:31:05] Fallback already ran today (25 actions). Suppressing.
[2026-07-07 23:46:49] BLOCKED: Session 0 (use VBS startup script)
[2026-07-08 00:04:16] ============================================================
[2026-07-08 00:04:16] MFP cron fallback starting
[2026-07-08 00:04:16] Cache: flagged-local.json (created 2026-06-12 07:04), 25 actions
[2026-07-08 00:04:16] Posting 25 actions to Playbook API...
[2026-07-08 00:04:17] CRON FALLBACK: Pushed cached local backup (25 actions) to Playbook API
[2026-07-08 00:04:17] Playbook API response: status=ok, count=25, stored_at=2026-07-08T04:04:18.480Z
[2026-07-08 00:04:17] Result: 25 actions synced to Playbook
[2026-07-08 00:04:17] ============================================================
[2026-07-08 00:21:18] ============================================================
[2026-07-08 00:21:18] MFP cron fallback starting
[2026-07-08 00:21:18] Fallback already ran today (25 actions). Suppressing.
[2026-07-08 00:40:12] ============================================================
[2026-07-08 00:40:12] MFP cron fallback starting
[2026-07-08 00:40:12] Fallback already ran today (25 actions). Suppressing.
[2026-07-08 00:57:19] ============================================================
[2026-07-08 00:57:19] MFP cron fallback starting
[2026-07-08 00:57:19] Fallback already ran today (25 actions). Suppressing.
[2026-07-08 01:31:48] ============================================================
[2026-07-08 01:31:48] MFP cron fallback starting
[2026-07-08 01:31:48] Fallback already ran today (25 actions). Suppressing.
[2026-07-08 01:49:05] ============================================================
[2026-07-08 01:49:05] MFP cron fallback starting
[2026-07-08 01:49:05] Fallback already ran today (25 actions). Suppressing.
[2026-07-08 02:06:51] ============================================================
[2026-07-08 02:06:51] MFP cron fallback starting
[2026-07-08 02:06:51] Fallback already ran today (25 actions). Suppressing.
[2026-07-08 02:23:33] BLOCKED: Session 0 (use VBS startup script)
[2026-07-08 02:40:47] ============================================================
[2026-07-08 02:40:47] MFP cron fallback starting
[2026-07-08 02:40:47] Fallback already ran today (25 actions). Suppressing.
[2026-07-08 03:16:02] ============================================================
[2026-07-08 03:16:02] MFP cron fallback starting
[2026-07-08 03:16:02] Fallback already ran today (25 actions). Suppressing.
[2026-07-08 03:33:09] BLOCKED: Session 0 (use VBS startup script)
[2026-07-08 03:34:09] ============================================================
[2026-07-08 03:34:09] MFP cron fallback starting
[2026-07-08 03:34:09] Fallback already ran today (25 actions). Suppressing.
[2026-07-08 03:51:10] ============================================================
[2026-07-08 03:51:10] MFP cron fallback starting
[2026-07-08 03:51:10] Fallback already ran today (25 actions). Suppressing.
[2026-07-08 04:07:41] ============================================================
[2026-07-08 04:07:41] MFP cron fallback starting
[2026-07-08 04:07:41] Fallback already ran today (25 actions). Suppressing.
[2026-07-08 04:24:58] ============================================================
[2026-07-08 04:24:58] MFP cron fallback starting
[2026-07-08 04:24:58] Fallback already ran today (25 actions). Suppressing.
[2026-07-08 10:48:30] BLOCKED: Session 0 (use VBS startup script)
[2026-07-08 10:51:24] ============================================================
[2026-07-08 10:51:24] MFP cron fallback starting
[2026-07-08 10:51:24] Fallback already ran today (25 actions). Suppressing.
[2026-07-08 11:07:42] ============================================================
[2026-07-08 11:07:42] MFP cron fallback starting
[2026-07-08 11:07:42] Fallback already ran today (25 actions). Suppressing.
[2026-07-08 11:23:50] ============================================================
[2026-07-08 11:23:50] MFP cron fallback starting
[2026-07-08 11:23:50] Fallback already ran today (25 actions). Suppressing.
[2026-07-08 11:40:13] ============================================================
[2026-07-08 11:40:13] MFP cron fallback starting
[2026-07-08 11:40:13] Fallback already ran today (25 actions). Suppressing.
[2026-07-08 11:56:31] BLOCKED: Session 0 (use VBS startup script)
[2026-07-08 11:58:01] ============================================================
[2026-07-08 11:58:01] MFP cron fallback starting
[2026-07-08 11:58:01] Fallback already ran today (25 actions). Suppressing.
[2026-07-08 12:14:28] ============================================================
[2026-07-08 12:14:28] MFP cron fallback starting
[2026-07-08 12:14:28] Fallback already ran today (25 actions). Suppressing.
[2026-07-08 12:31:05] ============================================================
[2026-07-08 12:31:05] MFP cron fallback starting
[2026-07-08 12:31:05] Fallback already ran today (25 actions). Suppressing.
[2026-07-08 13:05:30] ============================================================
[2026-07-08 13:05:30] MFP cron fallback starting
[2026-07-08 13:05:30] Fallback already ran today (25 actions). Suppressing.
[2026-07-08 13:21:55] ============================================================
[2026-07-08 13:21:55] MFP cron fallback starting
[2026-07-08 13:21:55] Fallback already ran today (25 actions). Suppressing.
[2026-07-08 13:37:33] BLOCKED: Session 0 (use VBS startup script)
[2026-07-08 13:38:01] ============================================================
[2026-07-08 13:38:01] MFP Flagged Email Sync starting (direct mode)
[2026-07-08 13:40:02] ERROR: Outlook COM dispatch failed: (-2146959355, 'Server execution failed', None, None)
[2026-07-08 13:40:34] ============================================================
[2026-07-08 13:40:34] MFP cron fallback starting
[2026-07-08 13:40:34] Fallback already ran today (25 actions). Suppressing.
[2026-07-08 13:57:01] ============================================================
[2026-07-08 13:57:01] MFP cron fallback starting
[2026-07-08 13:57:01] Fallback already ran today (25 actions). Suppressing.
[2026-07-08 14:30:28] ============================================================
[2026-07-08 14:30:28] MFP cron fallback starting
[2026-07-08 14:30:28] Fallback already ran today (25 actions). Suppressing.
[2026-07-08 14:46:33] BLOCKED: Session 0 (use VBS startup script)
[2026-07-08 15:20:57] ============================================================
[2026-07-08 15:20:57] MFP cron fallback starting
[2026-07-08 15:20:57] Fallback already ran today (25 actions). Suppressing.
[2026-07-08 15:37:27] ============================================================
[2026-07-08 15:37:27] MFP cron fallback starting
[2026-07-08 15:37:27] Fallback already ran today (25 actions). Suppressing.
[2026-07-08 15:55:03] ============================================================
[2026-07-08 15:55:03] MFP cron fallback starting
[2026-07-08 15:55:03] Fallback already ran today (25 actions). Suppressing.
[2026-07-08 16:12:09] ============================================================
[2026-07-08 16:12:09] MFP cron fallback starting
[2026-07-08 16:12:09] Fallback already ran today (25 actions). Suppressing.
[2026-07-08 16:27:40] BLOCKED: Session 0 (use VBS startup script)
[2026-07-08 16:29:36] ============================================================
[2026-07-08 16:29:36] MFP cron fallback starting
[2026-07-08 16:29:36] Fallback already ran today (25 actions). Suppressing.
[2026-07-08 17:19:45] ============================================================
[2026-07-08 17:19:45] MFP cron fallback starting
[2026-07-08 17:19:45] Fallback already ran today (25 actions). Suppressing.
[2026-07-08 17:35:47] BLOCKED: Session 0 (use VBS startup script)
[2026-07-08 17:36:16] ============================================================
[2026-07-08 17:36:16] MFP cron fallback starting
[2026-07-08 17:36:16] Fallback already ran today (25 actions). Suppressing.
[2026-07-08 18:09:41] ============================================================
[2026-07-08 18:09:41] MFP cron fallback starting
[2026-07-08 18:09:41] Fallback already ran today (25 actions). Suppressing.
[2026-07-08 18:26:10] ============================================================
[2026-07-08 18:26:10] MFP cron fallback starting
[2026-07-08 18:26:10] Fallback already ran today (25 actions). Suppressing.
[2026-07-08 18:41:51] BLOCKED: Session 0 (use VBS startup script)
[2026-07-08 18:59:28] ============================================================
[2026-07-08 18:59:28] MFP cron fallback starting
[2026-07-08 18:59:28] Fallback already ran today (25 actions). Suppressing.
[2026-07-08 19:33:28] ============================================================
[2026-07-08 19:33:28] MFP cron fallback starting
[2026-07-08 19:33:28] Fallback already ran today (25 actions). Suppressing.
[2026-07-08 19:50:18] ============================================================
[2026-07-08 19:50:18] MFP cron fallback starting
[2026-07-08 19:50:18] Fallback already ran today (25 actions). Suppressing.
[2026-07-08 20:06:02] BLOCKED: Session 0 (use VBS startup script)
[2026-07-08 20:08:01] Cache: flagged-local.json (created 2026-06-12 07:04:49), 25 actions
[2026-07-08 20:08:01] Posting 25 actions to Playbook API...
[2026-07-08 20:08:02] CRON FALLBACK: Pushed cached local backup (25 actions) to Playbook API
[2026-07-08 20:08:02] Playbook API response: status=ok, count=25, stored_at=2026-07-09T00:08:02.020Z
[2026-07-08 20:08:02] Result: 25 actions synced to Playbook
[2026-07-08 20:24:22] ============================================================
[2026-07-08 20:24:22] MFP cron fallback starting
[2026-07-08 20:24:22] Fallback already ran today (25 actions). Suppressing.
[2026-07-08 21:16:09] ============================================================
[2026-07-08 21:16:09] MFP cron fallback starting
[2026-07-08 21:16:09] Fallback already ran today (25 actions). Suppressing.
[2026-07-08 21:32:04] BLOCKED: Session 0 (use VBS startup script)
[2026-07-08 21:50:59] ============================================================
[2026-07-08 21:50:59] MFP cron fallback starting
[2026-07-08 21:50:59] Fallback already ran today (25 actions). Suppressing.
[2026-07-08 22:41:09] BLOCKED: Session 0 (use VBS startup script)
[2026-07-08 22:42:49] ============================================================
[2026-07-08 22:42:49] MFP cron fallback starting
[2026-07-08 22:42:49] Fallback already ran today (25 actions). Suppressing.
[2026-07-08 22:58:53] ============================================================
[2026-07-08 22:58:53] MFP cron fallback starting
[2026-07-08 22:58:53] Fallback already ran today (25 actions). Suppressing.
[2026-07-08 23:16:01] ============================================================
[2026-07-08 23:16:01] MFP cron fallback starting
[2026-07-08 23:16:01] Fallback already ran today (25 actions). Suppressing.
[2026-07-08 23:32:39] ============================================================
[2026-07-08 23:32:39] MFP cron fallback starting
[2026-07-08 23:32:39] Fallback already ran today (25 actions). Suppressing.
[2026-07-08 23:49:14] BLOCKED: Session 0 (use VBS startup script)
[2026-07-09 00:09:03] ============================================================
[2026-07-09 00:09:03] MFP cron fallback starting
[2026-07-09 00:09:03] Cache: flagged-local.json (created 2026-06-12 07:04), 25 actions
[2026-07-09 00:09:03] Posting 25 actions to Playbook API...
[2026-07-09 00:09:05] CRON FALLBACK: Pushed cached local backup (25 actions) to Playbook API
[2026-07-09 00:09:05] Playbook API response: status=ok, count=25, stored_at=2026-07-09T04:09:05.101Z
[2026-07-09 00:09:05] Result: 25 actions synced to Playbook
[2026-07-09 00:09:05] ============================================================
[2026-07-09 00:25:42] ============================================================
[2026-07-09 00:25:42] MFP cron fallback starting
[2026-07-09 00:25:42] Fallback already ran today (25 actions). Suppressing.
[2026-07-09 00:45:00] ============================================================
[2026-07-09 00:45:00] MFP cron fallback starting
[2026-07-09 00:45:00] Fallback already ran today (25 actions). Suppressing.
[2026-07-09 01:03:10] BLOCKED: Session 0 (use VBS startup script)
[2026-07-09 01:05:12] Cache: flagged-local.json (created 2026-06-12 07:04:49), 25 actions
[2026-07-09 01:05:12] Fallback already ran today (25 actions). Suppressing.
[2026-07-09 01:22:19] ============================================================
[2026-07-09 01:22:19] MFP cron fallback starting
[2026-07-09 01:22:19] Fallback already ran today (25 actions). Suppressing.
[2026-07-09 02:12:20] ============================================================
[2026-07-09 02:12:20] MFP cron fallback starting
[2026-07-09 02:12:20] Fallback already ran today (25 actions). Suppressing.
[2026-07-09 02:29:19] ============================================================
[2026-07-09 02:29:19] MFP cron fallback starting
[2026-07-09 02:29:19] Fallback already ran today (25 actions). Suppressing.
[2026-07-09 02:45:26] BLOCKED: Session 0 (use VBS startup script)
[2026-07-09 08:41:35] BLOCKED: Session 0 (use VBS startup script)
[2026-07-09 08:43:27] ============================================================
[2026-07-09 08:43:27] MFP cron fallback starting
[2026-07-09 08:43:27] Fallback already ran today (25 actions). Suppressing.
[2026-07-09 09:01:55] Cache: flagged-local.json (created 2026-06-12 07:04:49), 25 actions
[2026-07-09 09:01:55] Fallback already ran today (25 actions). Suppressing.
[2026-07-09 09:35:10] ============================================================
[2026-07-09 09:35:10] MFP cron fallback starting
[2026-07-09 09:35:10] Fallback already ran today (25 actions). Suppressing.
[2026-07-09 09:52:08] BLOCKED: Session 0 (use VBS startup script)
[2026-07-09 09:52:27] ============================================================
[2026-07-09 09:52:27] MFP cron fallback starting
[2026-07-09 09:52:27] Fallback already ran today (25 actions). Suppressing.
[2026-07-09 10:09:32] ============================================================
[2026-07-09 10:09:32] MFP cron fallback starting
[2026-07-09 10:09:32] Fallback already ran today (25 actions). Suppressing.
[2026-07-09 10:26:40] ============================================================
[2026-07-09 10:26:40] MFP cron fallback starting
[2026-07-09 10:26:40] Fallback already ran today (25 actions). Suppressing.
[2026-07-09 10:45:18] ============================================================
[2026-07-09 10:45:18] MFP cron fallback starting
[2026-07-09 10:45:18] Fallback already ran today (25 actions). Suppressing.
[2026-07-09 11:02:48] ============================================================
[2026-07-09 11:02:48] MFP cron fallback starting
[2026-07-09 11:02:48] Fallback already ran today (25 actions). Suppressing.
[2026-07-09 11:19:05] ============================================================
[2026-07-09 11:19:05] MFP cron fallback starting
[2026-07-09 11:19:05] Fallback already ran today (25 actions). Suppressing.
[2026-07-09 11:34:44] BLOCKED: Session 0 (use VBS startup script)
[2026-07-09 11:35:58] ============================================================
[2026-07-09 11:35:58] MFP cron fallback starting
[2026-07-09 11:35:58] Fallback already ran today (25 actions). Suppressing.
[2026-07-09 11:52:16] ============================================================
[2026-07-09 11:52:16] MFP cron fallback starting
[2026-07-09 11:52:16] Fallback already ran today (25 actions). Suppressing.
[2026-07-09 12:08:45] ============================================================
[2026-07-09 12:08:45] MFP cron fallback starting
[2026-07-09 12:08:45] Fallback already ran today (25 actions). Suppressing.
[2026-07-09 12:25:24] ============================================================
[2026-07-09 12:25:24] MFP cron fallback starting
[2026-07-09 12:25:24] Fallback already ran today (25 actions). Suppressing.
[2026-07-09 12:41:13] ============================================================
[2026-07-09 12:41:13] MFP cron fallback starting
[2026-07-09 12:41:13] Fallback already ran today (25 actions). Suppressing.
[2026-07-09 13:14:52] ============================================================
[2026-07-09 13:14:52] MFP cron fallback starting
[2026-07-09 13:14:52] Fallback already ran today (25 actions). Suppressing.
[2026-07-09 13:31:56] BLOCKED: Session 0 (use VBS startup script)
[2026-07-09 13:32:25] ============================================================
[2026-07-09 13:32:25] MFP cron fallback starting
[2026-07-09 13:32:25] Fallback already ran today (25 actions). Suppressing.
[2026-07-09 14:39:09] ============================================================
[2026-07-09 14:39:09] MFP cron fallback starting
[2026-07-09 14:39:09] Fallback already ran today (25 actions). Suppressing.
[2026-07-09 14:54:57] BLOCKED: Session 0 (use VBS startup script)
[2026-07-09 15:12:21] ============================================================
[2026-07-09 15:12:21] MFP cron fallback starting
[2026-07-09 15:12:21] Fallback already ran today (25 actions). Suppressing.
[2026-07-09 15:29:10] ============================================================
[2026-07-09 15:29:10] MFP cron fallback starting
[2026-07-09 15:29:10] Fallback already ran today (25 actions). Suppressing.
[2026-07-09 16:01:23] ============================================================
[2026-07-09 16:01:23] MFP cron fallback starting
[2026-07-09 16:01:23] Fallback already ran today (25 actions). Suppressing.
[2026-07-09 16:17:00] BLOCKED: Session 0 (use VBS startup script)
[2026-07-09 16:35:14] ============================================================
[2026-07-09 16:35:14] MFP cron fallback starting
[2026-07-09 16:35:14] Fallback already ran today (25 actions). Suppressing.
[2026-07-09 16:52:15] ============================================================
[2026-07-09 16:52:15] MFP cron fallback starting
[2026-07-09 16:52:15] Fallback already ran today (25 actions). Suppressing.
[2026-07-09 17:25:20] BLOCKED: Session 0 (use VBS startup script)
[2026-07-09 17:25:54] ============================================================
[2026-07-09 17:25:54] MFP cron fallback starting
[2026-07-09 17:25:54] Fallback already ran today (25 actions). Suppressing.
[2026-07-09 17:42:22] ============================================================
[2026-07-09 17:42:22] MFP cron fallback starting
[2026-07-09 17:42:22] Fallback already ran today (25 actions). Suppressing.
[2026-07-09 18:47:45] ============================================================
[2026-07-09 18:47:45] MFP cron fallback starting
[2026-07-09 18:47:45] Fallback already ran today (25 actions). Suppressing.
[2026-07-09 19:04:09] BLOCKED: Session 0 (use VBS startup script)
[2026-07-09 19:04:50] Cache: flagged-local.json (created 2026-06-12 07:04:49), 25 actions
[2026-07-09 19:04:50] Fallback already ran today (25 actions). Suppressing.
[2026-07-09 19:21:33] ============================================================
[2026-07-09 19:21:33] MFP cron fallback starting
[2026-07-09 19:21:33] Fallback already ran today (25 actions). Suppressing.
[2026-07-09 19:38:00] ============================================================
[2026-07-09 19:38:00] MFP cron fallback starting
[2026-07-09 19:38:00] Fallback already ran today (25 actions). Suppressing.
[2026-07-09 19:54:45] ============================================================
[2026-07-09 19:54:45] MFP cron fallback starting
[2026-07-09 19:54:45] Fallback already ran today (25 actions). Suppressing.
[2026-07-09 20:10:42] ============================================================
[2026-07-09 20:10:42] MFP cron fallback starting
[2026-07-09 20:10:42] Fallback already ran today (25 actions). Suppressing.
[2026-07-09 20:27:16] BLOCKED: Session 0 (use VBS startup script)
[2026-07-09 20:44:02] ============================================================
[2026-07-09 20:44:02] MFP cron fallback starting
[2026-07-09 20:44:02] Fallback already ran today (25 actions). Suppressing.
[2026-07-09 21:00:39] ============================================================
[2026-07-09 21:00:39] MFP cron fallback starting
[2026-07-09 21:00:39] Fallback already ran today (25 actions). Suppressing.
[2026-07-09 21:17:47] ============================================================
[2026-07-09 21:17:47] MFP cron fallback starting
[2026-07-09 21:17:47] Fallback already ran today (25 actions). Suppressing.
[2026-07-09 21:33:53] ============================================================
[2026-07-09 21:33:53] MFP cron fallback starting
[2026-07-09 21:33:53] Fallback already ran today (25 actions). Suppressing.
[2026-07-09 21:50:25] BLOCKED: Session 0 (use VBS startup script)
[2026-07-09 21:50:46] ============================================================
[2026-07-09 21:50:46] MFP cron fallback starting
[2026-07-09 21:50:46] Fallback already ran today (25 actions). Suppressing.
[2026-07-09 22:23:43] ============================================================
[2026-07-09 22:23:43] MFP cron fallback starting
[2026-07-09 22:23:43] Fallback already ran today (25 actions). Suppressing.
[2026-07-09 22:39:48] ============================================================
[2026-07-09 22:39:48] MFP cron fallback starting
[2026-07-09 22:39:48] Fallback already ran today (25 actions). Suppressing.
[2026-07-09 22:55:43] ============================================================
[2026-07-09 22:55:43] MFP cron fallback starting
[2026-07-09 22:55:43] Fallback already ran today (25 actions). Suppressing.
[2026-07-09 23:11:34] BLOCKED: Session 0 (use VBS startup script)
[2026-07-09 23:12:48] ============================================================
[2026-07-09 23:12:48] MFP cron fallback starting
[2026-07-09 23:12:48] Fallback already ran today (25 actions). Suppressing.
[2026-07-09 23:47:03] ============================================================
[2026-07-09 23:47:03] MFP cron fallback starting
[2026-07-09 23:47:03] Fallback already ran today (25 actions). Suppressing.
[2026-07-10 00:03:05] ============================================================
[2026-07-10 00:03:05] MFP cron fallback starting
[2026-07-10 00:03:05] Cache: flagged-local.json (created 2026-06-12 07:04), 25 actions
[2026-07-10 00:03:05] Posting 25 actions to Playbook API...
[2026-07-10 00:03:07] CRON FALLBACK: Pushed cached local backup (25 actions) to Playbook API
[2026-07-10 00:03:07] Playbook API response: status=ok, count=25, stored_at=2026-07-10T04:03:06.800Z
[2026-07-10 00:03:07] Result: 25 actions synced to Playbook
[2026-07-10 00:03:07] ============================================================
[2026-07-10 00:19:58] ============================================================
[2026-07-10 00:19:58] MFP cron fallback starting
[2026-07-10 00:19:58] Fallback already ran today (25 actions). Suppressing.
[2026-07-10 00:37:06] ============================================================
[2026-07-10 00:37:06] MFP cron fallback starting
[2026-07-10 00:37:06] Fallback already ran today (25 actions). Suppressing.
[2026-07-10 00:52:48] BLOCKED: Session 0 (use VBS startup script)
[2026-07-10 00:53:16] ============================================================
[2026-07-10 00:53:16] MFP cron fallback starting
[2026-07-10 00:53:16] Fallback already ran today (25 actions). Suppressing.
[2026-07-10 01:10:19] ============================================================
[2026-07-10 01:10:19] MFP cron fallback starting
[2026-07-10 01:10:19] Fallback already ran today (25 actions). Suppressing.
[2026-07-10 01:29:01] ============================================================
[2026-07-10 01:29:01] MFP cron fallback starting
[2026-07-10 01:29:01] Fallback already ran today (25 actions). Suppressing.
[2026-07-10 02:01:45] BLOCKED: Session 0 (use VBS startup script)
[2026-07-10 02:02:21] ============================================================
[2026-07-10 02:02:21] MFP cron fallback starting
[2026-07-10 02:02:21] Fallback already ran today (25 actions). Suppressing.
[2026-07-10 03:07:49] BLOCKED: Session 0 (use VBS startup script)
[2026-07-10 03:08:33] ============================================================
[2026-07-10 03:08:33] MFP cron fallback starting
[2026-07-10 03:08:33] Fallback already ran today (25 actions). Suppressing.
[2026-07-10 03:26:19] ============================================================
[2026-07-10 03:26:19] MFP cron fallback starting
[2026-07-10 03:26:19] Fallback already ran today (25 actions). Suppressing.
[2026-07-10 03:42:14] ============================================================
[2026-07-10 03:42:14] MFP cron fallback starting
[2026-07-10 03:42:14] Fallback already ran today (25 actions). Suppressing.
[2026-07-10 04:15:19] ============================================================
[2026-07-10 04:15:19] MFP cron fallback starting
[2026-07-10 04:15:19] Fallback already ran today (25 actions). Suppressing.
[2026-07-10 09:21:07] BLOCKED: Session 0 (use VBS startup script)
[2026-07-10 09:21:45] ============================================================
[2026-07-10 09:21:45] MFP cron fallback starting
[2026-07-10 09:21:45] Fallback already ran today (25 actions). Suppressing.
[2026-07-10 09:37:45] ============================================================
[2026-07-10 09:37:45] MFP cron fallback starting
[2026-07-10 09:37:45] Fallback already ran today (25 actions). Suppressing.
[2026-07-10 09:54:31] ============================================================
[2026-07-10 09:54:31] MFP cron fallback starting
[2026-07-10 09:54:31] Fallback already ran today (25 actions). Suppressing.
[2026-07-10 10:12:02] ============================================================
[2026-07-10 10:12:02] MFP cron fallback starting
[2026-07-10 10:12:02] Fallback already ran today (25 actions). Suppressing.
[2026-07-10 10:29:09] BLOCKED: Session 0 (use VBS startup script)
[2026-07-10 10:47:33] ============================================================
[2026-07-10 10:47:33] MFP cron fallback starting
[2026-07-10 10:47:33] Fallback already ran today (25 actions). Suppressing.
[2026-07-10 11:19:51] ============================================================
[2026-07-10 11:19:51] MFP cron fallback starting
[2026-07-10 11:19:51] Fallback already ran today (25 actions). Suppressing.
[2026-07-10 12:09:31] ============================================================
[2026-07-10 12:09:31] MFP cron fallback starting
[2026-07-10 12:09:31] Fallback already ran today (25 actions). Suppressing.
[2026-07-10 12:26:13] ============================================================
[2026-07-10 12:26:13] MFP cron fallback starting
[2026-07-10 12:26:13] Fallback already ran today (25 actions). Suppressing.
[2026-07-10 12:43:35] ============================================================
[2026-07-10 12:43:35] MFP cron fallback starting
[2026-07-10 12:43:35] Fallback already ran today (25 actions). Suppressing.
[2026-07-10 13:00:21] BLOCKED: Session 0 (use VBS startup script)
[2026-07-10 13:01:55] Cache: flagged-local.json (created 2026-06-12 07:04:49), 25 actions
[2026-07-10 13:01:55] Fallback already ran today (25 actions). Suppressing.
[2026-07-10 13:17:50] ============================================================
[2026-07-10 13:17:50] MFP cron fallback starting
[2026-07-10 13:17:50] Fallback already ran today (25 actions). Suppressing.
[2026-07-10 13:52:11] ============================================================
[2026-07-10 13:52:11] MFP cron fallback starting
[2026-07-10 13:52:11] Fallback already ran today (25 actions). Suppressing.
[2026-07-10 14:08:49] ============================================================
[2026-07-10 14:08:49] MFP cron fallback starting
[2026-07-10 14:08:49] Fallback already ran today (25 actions). Suppressing.
[2026-07-10 14:24:51] ============================================================
[2026-07-10 14:24:51] MFP cron fallback starting
[2026-07-10 14:24:51] Fallback already ran today (25 actions). Suppressing.
[2026-07-10 14:40:50] ============================================================
[2026-07-10 14:40:50] MFP cron fallback starting
[2026-07-10 14:40:50] Fallback already ran today (25 actions). Suppressing.
[2026-07-10 14:57:33] BLOCKED: Session 0 (use VBS startup script)
[2026-07-10 15:15:34] ============================================================
[2026-07-10 15:15:34] MFP cron fallback starting
[2026-07-10 15:15:34] Fallback already ran today (25 actions). Suppressing.
[2026-07-10 15:32:05] ============================================================
[2026-07-10 15:32:05] MFP cron fallback starting
[2026-07-10 15:32:05] Fallback already ran today (25 actions). Suppressing.
[2026-07-10 15:48:28] ============================================================
[2026-07-10 15:48:28] MFP cron fallback starting
[2026-07-10 15:48:28] Fallback already ran today (25 actions). Suppressing.
[2026-07-10 16:04:56] ============================================================
[2026-07-10 16:04:56] MFP cron fallback starting
[2026-07-10 16:04:56] Fallback already ran today (25 actions). Suppressing.
[2026-07-10 16:22:04] BLOCKED: Session 0 (use VBS startup script)
[2026-07-10 16:41:11] Cache: flagged-local.json (created 2026-06-12 07:04:49), 25 actions
[2026-07-10 16:41:11] Fallback already ran today (25 actions). Suppressing.
[2026-07-10 16:58:16] Cache: flagged-local.json (created 2026-06-12 07:04:49), 25 actions
[2026-07-10 16:58:16] Fallback already ran today (25 actions). Suppressing.
[2026-07-10 17:45:47] BLOCKED: Session 0 (use VBS startup script)
[2026-07-10 17:46:33] ============================================================
[2026-07-10 17:46:33] MFP Flagged Email Sync starting (direct mode)
[2026-07-10 17:48:34] ERROR: Outlook COM dispatch failed: (-2146959355, 'Server execution failed', None, None)
[2026-07-10 18:06:07] ============================================================
[2026-07-10 18:06:07] MFP cron fallback starting
[2026-07-10 18:06:07] Fallback already ran today (25 actions). Suppressing.
[2026-07-10 18:22:43] ============================================================
[2026-07-10 18:22:43] MFP cron fallback starting
[2026-07-10 18:22:43] Fallback already ran today (25 actions). Suppressing.
[2026-07-13 10:22:46] BLOCKED: Session 0 (use VBS startup script)
[2026-07-13 10:23:19] ============================================================
[2026-07-13 10:23:19] MFP cron fallback starting
[2026-07-13 10:23:19] Cache: flagged-local.json (created 2026-06-12 07:04), 25 actions
[2026-07-13 10:23:19] Posting 25 actions to Playbook API...
[2026-07-13 10:23:20] CRON FALLBACK: Pushed cached local backup (25 actions) to Playbook API
[2026-07-13 10:23:20] Playbook API response: status=ok, count=25, stored_at=2026-07-13T14:23:25.389Z
[2026-07-13 10:23:20] Result: 25 actions synced to Playbook
[2026-07-13 10:23:20] ============================================================
[2026-07-13 10:57:37] Cache: flagged-local.json (created 2026-06-12 07:04:49), 25 actions
[2026-07-13 10:57:37] Fallback already ran today (25 actions). Suppressing.
[2026-07-13 11:14:19] ============================================================
[2026-07-13 11:14:19] MFP cron fallback starting
[2026-07-13 11:14:19] Fallback already ran today (25 actions). Suppressing.
[2026-07-13 11:30:50] BLOCKED: Session 0 (use VBS startup script)
[2026-07-13 11:32:18] Cache: flagged-local.json (created 2026-06-12 07:04:49), 25 actions
[2026-07-13 11:32:18] Fallback already ran today (25 actions). Suppressing.
[2026-07-13 11:48:10] ============================================================
[2026-07-13 11:48:10] MFP cron fallback starting
[2026-07-13 11:48:10] Fallback already ran today (25 actions). Suppressing.
[2026-07-13 12:23:15] ============================================================
[2026-07-13 12:23:15] MFP cron fallback starting
[2026-07-13 12:23:15] Fallback already ran today (25 actions). Suppressing.
[2026-07-13 12:39:05] ============================================================
[2026-07-13 12:39:05] MFP cron fallback starting
[2026-07-13 12:39:05] Fallback already ran today (25 actions). Suppressing.
[2026-07-13 12:55:54] BLOCKED: Session 0 (use VBS startup script)
[2026-07-13 13:13:09] ============================================================
[2026-07-13 13:13:09] MFP cron fallback starting
[2026-07-13 13:13:09] Fallback already ran today (25 actions). Suppressing.
[2026-07-13 13:29:53] ============================================================
[2026-07-13 13:29:53] MFP cron fallback starting
[2026-07-13 13:29:53] Fallback already ran today (25 actions). Suppressing.
[2026-07-13 13:46:23] ============================================================
[2026-07-13 13:46:23] MFP cron fallback starting
[2026-07-13 13:46:23] Fallback already ran today (25 actions). Suppressing.
[2026-07-13 14:03:22] BLOCKED: Session 0 (use VBS startup script)
[2026-07-13 14:20:07] ============================================================
[2026-07-13 14:20:07] MFP cron fallback starting
[2026-07-13 14:20:07] Fallback already ran today (25 actions). Suppressing.
[2026-07-13 14:37:05] ============================================================
[2026-07-13 14:37:05] MFP cron fallback starting
[2026-07-13 14:37:05] Fallback already ran today (25 actions). Suppressing.
[2026-07-13 14:54:49] ============================================================
[2026-07-13 14:54:49] MFP cron fallback starting
[2026-07-13 14:54:49] Fallback already ran today (25 actions). Suppressing.
[2026-07-13 15:11:18] ============================================================
[2026-07-13 15:11:18] MFP cron fallback starting
[2026-07-13 15:11:18] Fallback already ran today (25 actions). Suppressing.
[2026-07-13 15:27:02] BLOCKED: Session 0 (use VBS startup script)
[2026-07-13 15:27:27] ============================================================
[2026-07-13 15:27:27] MFP Flagged Email Sync starting (direct mode)
[2026-07-13 15:29:27] ERROR: Outlook COM dispatch failed: (-2146959355, 'Server execution failed', None, None)
[2026-07-13 15:30:25] ============================================================
[2026-07-13 15:30:25] MFP cron fallback starting
[2026-07-13 15:30:25] Fallback already ran today (25 actions). Suppressing.
[2026-07-13 15:47:16] ============================================================
[2026-07-13 15:47:16] MFP cron fallback starting
[2026-07-13 15:47:16] Fallback already ran today (25 actions). Suppressing.
[2026-07-13 16:36:03] BLOCKED: Session 0 (use VBS startup script)
[2026-07-13 16:54:29] ============================================================
[2026-07-13 16:54:29] MFP cron fallback starting
[2026-07-13 16:54:29] Fallback already ran today (25 actions). Suppressing.
[2026-07-13 17:42:29] ============================================================
[2026-07-13 17:42:29] MFP cron fallback starting
[2026-07-13 17:42:29] Fallback already ran today (25 actions). Suppressing.
[2026-07-13 18:01:00] ============================================================
[2026-07-13 18:01:00] MFP cron fallback starting
[2026-07-13 18:01:00] Fallback already ran today (25 actions). Suppressing.
[2026-07-13 18:17:55] ============================================================
[2026-07-13 18:17:55] MFP cron fallback starting
[2026-07-13 18:17:55] Fallback already ran today (25 actions). Suppressing.
[2026-07-13 18:34:30] ============================================================
[2026-07-13 18:34:30] MFP cron fallback starting
[2026-07-13 18:34:30] Fallback already ran today (25 actions). Suppressing.
[2026-07-13 18:50:18] BLOCKED: Session 0 (use VBS startup script)
[2026-07-13 18:50:38] ============================================================
[2026-07-13 18:50:38] MFP cron fallback starting
[2026-07-13 18:50:38] Fallback already ran today (25 actions). Suppressing.
[2026-07-13 19:06:55] ============================================================
[2026-07-13 19:06:55] MFP cron fallback starting
[2026-07-13 19:06:55] Fallback already ran today (25 actions). Suppressing.
[2026-07-13 19:25:35] ============================================================
[2026-07-13 19:25:35] MFP cron fallback starting
[2026-07-13 19:25:35] Fallback already ran today (25 actions). Suppressing.
[2026-07-13 19:41:42] ============================================================
[2026-07-13 19:41:42] MFP cron fallback starting
[2026-07-13 19:41:42] Fallback already ran today (25 actions). Suppressing.
[2026-07-13 19:59:21] BLOCKED: Session 0 (use VBS startup script)
[2026-07-13 20:01:40] ============================================================
[2026-07-13 20:01:40] MFP cron fallback starting
[2026-07-13 20:01:40] Fallback already ran today (25 actions). Suppressing.
[2026-07-15 13:37:21] BLOCKED: Session 0 (use VBS startup script)
[2026-07-15 13:49:26] ============================================================
[2026-07-15 13:49:26] MFP cron fallback starting
[2026-07-15 13:49:26] Cache: flagged-local.json (created 2026-06-12 07:04), 25 actions
[2026-07-15 13:49:26] Posting 25 actions to Playbook API...
[2026-07-15 13:49:27] CRON FALLBACK: Pushed cached local backup (25 actions) to Playbook API
[2026-07-15 13:49:27] Playbook API response: status=ok, count=25, stored_at=2026-07-15T17:49:30.447Z
[2026-07-15 13:49:27] Result: 25 actions synced to Playbook
[2026-07-15 13:49:27] ============================================================
[2026-07-15 14:06:51] Cache: flagged-local.json (created 2026-06-12 07:04:49), 25 actions
[2026-07-15 14:06:51] Fallback already ran today (25 actions). Suppressing.
[2026-07-15 14:24:02] ============================================================
[2026-07-15 14:24:02] MFP cron fallback starting
[2026-07-15 14:24:02] Fallback already ran today (25 actions). Suppressing.
[2026-07-15 14:40:31] BLOCKED: Session 0 (use VBS startup script)
[2026-07-15 14:41:04] Cache: flagged-local.json (created 2026-06-12 07:04:49), 25 actions
[2026-07-15 14:41:04] Fallback already ran today (25 actions). Suppressing.
[2026-07-15 14:58:24] ============================================================
[2026-07-15 14:58:24] MFP cron fallback starting
[2026-07-15 14:58:24] Fallback already ran today (25 actions). Suppressing.
[2026-07-15 15:15:35] Cache: flagged-local.json (created 2026-06-12 07:04:49), 25 actions
[2026-07-15 15:15:35] Fallback already ran today (25 actions). Suppressing.
[2026-07-15 15:32:14] ============================================================
[2026-07-15 15:32:14] MFP cron fallback starting
[2026-07-15 15:32:14] Fallback already ran today (25 actions). Suppressing.
[2026-07-15 15:48:30] ============================================================
[2026-07-15 15:48:30] MFP cron fallback starting
[2026-07-15 15:48:30] Fallback already ran today (25 actions). Suppressing.
[2026-07-15 16:04:27] BLOCKED: Session 0 (use VBS startup script)
[2026-07-15 16:05:10] ============================================================
[2026-07-15 16:05:10] MFP cron fallback starting
[2026-07-15 16:05:10] Fallback already ran today (25 actions). Suppressing.
[2026-07-15 16:22:08] ============================================================
[2026-07-15 16:22:08] MFP Flagged Email Sync starting (direct mode)
[2026-07-15 16:22:09] Outlook Dispatch OK
[2026-07-15 16:22:09] MAPI namespace OK
[2026-07-15 16:22:40] Cache: flagged-local.json (created 2026-06-12 07:04:49), 25 actions
[2026-07-15 16:22:40] Fallback already ran today (25 actions). Suppressing.
[2026-07-15 16:56:30] ============================================================
[2026-07-15 16:56:30] MFP cron fallback starting
[2026-07-15 16:56:30] Fallback already ran today (25 actions). Suppressing.
[2026-07-15 17:28:30] BLOCKED: Session 0 (use VBS startup script)
[2026-07-15 17:29:17] ============================================================
[2026-07-15 17:29:17] MFP cron fallback starting
[2026-07-15 17:29:17] Fallback already ran today (25 actions). Suppressing.
[2026-07-15 17:47:10] Cache: flagged-local.json (created 2026-06-12 07:04:49), 25 actions
[2026-07-15 17:47:10] Fallback already ran today (25 actions). Suppressing.
[2026-07-15 18:35:52] BLOCKED: Session 0 (use VBS startup script)
[2026-07-15 18:53:07] ============================================================
[2026-07-15 18:53:07] MFP cron fallback starting
[2026-07-15 18:53:07] Fallback already ran today (25 actions). Suppressing.
[2026-07-15 19:09:37] ============================================================
[2026-07-15 19:09:37] MFP cron fallback starting
[2026-07-15 19:09:37] Fallback already ran today (25 actions). Suppressing.
[2026-07-15 19:26:46] ============================================================
[2026-07-15 19:26:46] MFP cron fallback starting
[2026-07-15 19:26:46] Fallback already ran today (25 actions). Suppressing.
[2026-07-15 19:42:59] BLOCKED: Session 0 (use VBS startup script)
[2026-07-15 19:44:55] ============================================================
[2026-07-15 19:44:55] MFP cron fallback starting
[2026-07-15 19:44:55] Fallback already ran today (25 actions). Suppressing.
[2026-07-15 20:06:38] ============================================================
[2026-07-15 20:06:38] MFP Flagged Email Sync starting (direct mode)
[2026-07-15 20:06:50] Outlook Dispatch OK
[2026-07-15 20:06:50] MAPI namespace OK
[2026-07-15 20:58:04] BLOCKED: Session 0 (use VBS startup script)
[2026-07-15 20:59:40] ============================================================
[2026-07-15 20:59:40] MFP cron fallback starting
[2026-07-15 20:59:40] Fallback already ran today (25 actions). Suppressing.
[2026-07-15 22:05:14] BLOCKED: Session 0 (use VBS startup script)
[2026-07-15 22:07:10] Cache: flagged-local.json (created 2026-06-12 07:04:49), 25 actions
[2026-07-15 22:07:10] Posting 25 actions to Playbook API...
[2026-07-15 22:07:12] CRON FALLBACK: Pushed cached local backup (25 actions) to Playbook API
[2026-07-15 22:07:12] Playbook API response: status=ok, count=25, stored_at=2026-07-16T02:07:15.409Z
[2026-07-15 22:07:12] Result: 25 actions synced to Playbook
[2026-07-15 22:58:58] Cache: flagged-local.json (created 2026-06-12 07:04:49), 25 actions
[2026-07-15 22:58:58] Posting 25 actions to Playbook API...
[2026-07-15 22:58:59] CRON FALLBACK: Pushed cached local backup (25 actions) to Playbook API
[2026-07-15 22:58:59] Playbook API response: status=ok, count=25, stored_at=2026-07-16T02:59:03.014Z
[2026-07-15 22:58:59] Result: 25 actions synced to Playbook
[2026-07-15 23:15:29] BLOCKED: Session 0 (use VBS startup script)
[2026-07-15 23:15:58] Cache: flagged-local.json (created 2026-06-12 07:04:49), 25 actions
[2026-07-15 23:15:58] Posting 25 actions to Playbook API...
[2026-07-15 23:15:59] CRON FALLBACK: Pushed cached local backup (25 actions) to Playbook API
[2026-07-15 23:15:59] Playbook API response: status=ok, count=25, stored_at=2026-07-16T03:16:02.369Z
[2026-07-15 23:15:59] Result: 25 actions synced to Playbook
[2026-07-15 23:34:18] ============================================================
[2026-07-15 23:34:18] MFP cron fallback starting
[2026-07-15 23:34:18] Fallback already ran today (25 actions). Suppressing.
[2026-07-15 23:50:38] ============================================================
[2026-07-15 23:50:38] MFP cron fallback starting
[2026-07-15 23:50:38] Fallback already ran today (25 actions). Suppressing.
[2026-07-16 00:07:54] ============================================================
[2026-07-16 00:07:54] MFP cron fallback starting
[2026-07-16 00:07:54] Cache: flagged-local.json (created 2026-06-12 07:04), 25 actions
[2026-07-16 00:07:54] Posting 25 actions to Playbook API...
[2026-07-16 00:07:55] CRON FALLBACK: Pushed cached local backup (25 actions) to Playbook API
[2026-07-16 00:07:55] Playbook API response: status=ok, count=25, stored_at=2026-07-16T04:07:58.719Z
[2026-07-16 00:07:55] Result: 25 actions synced to Playbook
[2026-07-16 00:07:55] ============================================================
[2026-07-16 00:26:13] ============================================================
[2026-07-16 00:26:13] MFP cron fallback starting
[2026-07-16 00:26:13] Fallback already ran today (25 actions). Suppressing.
[2026-07-16 00:42:27] BLOCKED: Session 0 (use VBS startup script)
[2026-07-16 00:42:54] Cache: flagged-local.json (created 2026-06-12 07:04:49), 25 actions
[2026-07-16 00:42:54] Fallback already ran today (25 actions). Suppressing.
[2026-07-16 01:01:49] Cache: flagged-local.json (created 2026-06-12 07:04:49), 25 actions
[2026-07-16 01:01:49] Fallback already ran today (25 actions). Suppressing.
[2026-07-16 01:19:36] Cache: flagged-local.json (created 2026-06-12 07:04:49), 25 actions
[2026-07-16 01:19:36] Fallback already ran today (25 actions). Suppressing.
[2026-07-16 01:39:06] ============================================================
[2026-07-16 01:39:06] MFP cron fallback starting
[2026-07-16 01:39:06] Fallback already ran today (25 actions). Suppressing.
[2026-07-16 01:55:33] BLOCKED: Session 0 (use VBS startup script)
[2026-07-16 02:28:28] ============================================================
[2026-07-16 02:28:28] MFP cron fallback starting
[2026-07-16 02:28:28] Fallback already ran today (25 actions). Suppressing.
[2026-07-16 02:46:07] ============================================================
[2026-07-16 02:46:07] MFP cron fallback starting
[2026-07-16 02:46:07] Fallback already ran today (25 actions). Suppressing.
[2026-07-16 03:07:27] ============================================================
[2026-07-16 03:07:27] MFP cron fallback starting
[2026-07-16 03:07:27] Fallback already ran today (25 actions). Suppressing.
[2026-07-16 03:23:25] BLOCKED: Session 0 (use VBS startup script)
[2026-07-16 03:26:38] ============================================================
[2026-07-16 03:26:38] MFP cron fallback starting
[2026-07-16 03:26:38] Fallback already ran today (25 actions). Suppressing.
[2026-07-16 03:48:07] Cache: flagged-local.json (created 2026-06-12 07:04:49), 25 actions
[2026-07-16 03:48:07] Fallback already ran today (25 actions). Suppressing.
[2026-07-16 04:05:44] ============================================================
[2026-07-16 04:05:44] MFP cron fallback starting
[2026-07-16 04:05:44] Fallback already ran today (25 actions). Suppressing.
[2026-07-16 04:37:44] BLOCKED: Session 0 (use VBS startup script)
[2026-07-16 04:38:13] ============================================================
[2026-07-16 04:38:13] MFP cron fallback starting
[2026-07-16 04:38:13] Fallback already ran today (25 actions). Suppressing.
[2026-07-16 05:11:30] ============================================================
[2026-07-16 05:11:30] MFP cron fallback starting
[2026-07-16 05:11:30] Fallback already ran today (25 actions). Suppressing.
[2026-07-16 05:44:06] BLOCKED: Session 0 (use VBS startup script)
[2026-07-16 06:01:14] ============================================================
[2026-07-16 06:01:14] MFP cron fallback starting
[2026-07-16 06:01:14] Fallback already ran today (25 actions). Suppressing.
[2026-07-16 06:20:03] ============================================================
[2026-07-16 06:20:03] MFP cron fallback starting
[2026-07-16 06:20:03] Fallback already ran today (25 actions). Suppressing.
[2026-07-16 06:37:10] Cache: flagged-local.json (created 2026-06-12 07:04:49), 25 actions
[2026-07-16 06:37:10] Fallback already ran today (25 actions). Suppressing.
[2026-07-16 06:52:45] BLOCKED: Session 0 (use VBS startup script)
[2026-07-16 06:53:12] Cache: flagged-local.json (created 2026-06-12 07:04:49), 25 actions
[2026-07-16 06:53:12] Fallback already ran today (25 actions). Suppressing.
[2026-07-16 07:10:53] ============================================================
[2026-07-16 07:10:53] MFP cron fallback starting
[2026-07-16 07:10:53] Fallback already ran today (25 actions). Suppressing.
[2026-07-16 07:47:12] Cache: flagged-local.json (created 2026-06-12 07:04:49), 25 actions
[2026-07-16 07:47:12] Fallback already ran today (25 actions). Suppressing.
[2026-07-16 08:03:57] ============================================================
[2026-07-16 08:03:57] MFP cron fallback starting
[2026-07-16 08:03:57] Fallback already ran today (25 actions). Suppressing.
[2026-07-16 08:20:05] BLOCKED: Session 0 (use VBS startup script)
[2026-07-16 08:37:05] ============================================================
[2026-07-16 08:37:05] MFP cron fallback starting
[2026-07-16 08:37:05] Fallback already ran today (25 actions). Suppressing.
[2026-07-16 08:54:56] ============================================================
[2026-07-16 08:54:56] MFP cron fallback starting
[2026-07-16 08:54:56] Fallback already ran today (25 actions). Suppressing.
[2026-07-16 09:44:05] BLOCKED: Session 0 (use VBS startup script)
[2026-07-16 09:44:10] Cache: flagged-local.json (created 2026-06-12 07:04:49), 25 actions
[2026-07-16 09:44:10] Fallback already ran today (25 actions). Suppressing.
[2026-07-16 09:59:59] ============================================================
[2026-07-16 09:59:59] MFP cron fallback starting
[2026-07-16 09:59:59] Fallback already ran today (25 actions). Suppressing.
[2026-07-16 10:17:12] ============================================================
[2026-07-16 10:17:12] MFP cron fallback starting
[2026-07-16 10:17:12] Fallback already ran today (25 actions). Suppressing.
[2026-07-16 10:48:51] ============================================================
[2026-07-16 10:48:51] MFP cron fallback starting
[2026-07-16 10:48:51] Fallback already ran today (25 actions). Suppressing.
[2026-07-16 11:04:48] BLOCKED: Session 0 (use VBS startup script)
[2026-07-16 11:20:58] ============================================================
[2026-07-16 11:20:58] MFP cron fallback starting
[2026-07-16 11:20:58] Fallback already ran today (25 actions). Suppressing.
[2026-07-16 11:37:25] ============================================================
[2026-07-16 11:37:25] MFP cron fallback starting
[2026-07-16 11:37:25] Fallback already ran today (25 actions). Suppressing.
[2026-07-16 12:12:55] BLOCKED: Session 0 (use VBS startup script)
[2026-07-16 12:16:24] ============================================================
[2026-07-16 12:16:24] MFP cron fallback starting
[2026-07-16 12:16:24] Fallback already ran today (25 actions). Suppressing.
[2026-07-16 12:33:11] ============================================================
[2026-07-16 12:33:11] MFP cron fallback starting
[2026-07-16 12:33:11] Fallback already ran today (25 actions). Suppressing.
[2026-07-16 12:50:57] Cache: flagged-local.json (created 2026-06-12 07:04:49), 25 actions
[2026-07-16 12:50:57] Fallback already ran today (25 actions). Suppressing.
[2026-07-16 13:24:57] BLOCKED: Session 0 (use VBS startup script)
[2026-07-16 13:25:31] ============================================================
[2026-07-16 13:25:31] MFP cron fallback starting
[2026-07-16 13:25:31] Fallback already ran today (25 actions). Suppressing.
[2026-07-16 14:16:19] ============================================================
[2026-07-16 14:16:19] MFP cron fallback starting
[2026-07-16 14:16:19] Fallback already ran today (25 actions). Suppressing.
[2026-07-16 14:32:11] BLOCKED: Session 0 (use VBS startup script)
[2026-07-16 14:48:37] ============================================================
[2026-07-16 14:48:37] MFP cron fallback starting
[2026-07-16 14:48:37] Fallback already ran today (25 actions). Suppressing.
[2026-07-16 15:53:08] BLOCKED: Session 0 (use VBS startup script)
[2026-07-16 16:09:39] ============================================================
[2026-07-16 16:09:39] MFP cron fallback starting
[2026-07-16 16:09:39] Fallback already ran today (25 actions). Suppressing.
[2026-07-16 16:43:41] ============================================================
[2026-07-16 16:43:41] MFP cron fallback starting
[2026-07-16 16:43:41] Fallback already ran today (25 actions). Suppressing.
[2026-07-16 17:00:47] BLOCKED: Session 0 (use VBS startup script)
[2026-07-16 17:17:36] ============================================================
[2026-07-16 17:17:36] MFP cron fallback starting
[2026-07-16 17:17:36] Fallback already ran today (25 actions). Suppressing.
[2026-07-16 17:34:36] Cache: flagged-local.json (created 2026-06-12 07:04:49), 25 actions
[2026-07-16 17:34:36] Fallback already ran today (25 actions). Suppressing.
[2026-07-16 17:51:37] ============================================================
[2026-07-16 17:51:37] MFP cron fallback starting
[2026-07-16 17:51:37] Fallback already ran today (25 actions). Suppressing.
[2026-07-16 18:07:18] ============================================================
[2026-07-16 18:07:18] MFP cron fallback starting
[2026-07-16 18:07:18] Fallback already ran today (25 actions). Suppressing.
[2026-07-16 18:23:24] ============================================================
[2026-07-16 18:23:24] MFP cron fallback starting
[2026-07-16 18:23:24] Fallback already ran today (25 actions). Suppressing.
[2026-07-16 18:39:15] BLOCKED: Session 0 (use VBS startup script)
[2026-07-16 18:39:42] ============================================================
[2026-07-16 18:39:42] MFP cron fallback starting
[2026-07-16 18:39:42] Fallback already ran today (25 actions). Suppressing.
[2026-07-16 18:56:34] ============================================================
[2026-07-16 18:56:34] MFP cron fallback starting
[2026-07-16 18:56:34] Fallback already ran today (25 actions). Suppressing.
[2026-07-16 19:12:30] ============================================================
[2026-07-16 19:12:30] MFP cron fallback starting
[2026-07-16 19:12:30] Fallback already ran today (25 actions). Suppressing.
[2026-07-16 19:28:54] ============================================================
[2026-07-16 19:28:54] MFP cron fallback starting
[2026-07-16 19:28:54] Fallback already ran today (25 actions). Suppressing.
[2026-07-16 19:45:19] ============================================================
[2026-07-16 19:45:19] MFP cron fallback starting
[2026-07-16 19:45:19] Fallback already ran today (25 actions). Suppressing.
[2026-07-16 20:01:38] ============================================================
[2026-07-16 20:01:38] MFP cron fallback starting
[2026-07-16 20:01:38] Fallback already ran today (25 actions). Suppressing.
[2026-07-16 20:18:30] BLOCKED: Session 0 (use VBS startup script)
[2026-07-16 20:53:38] ============================================================
[2026-07-16 20:53:38] MFP cron fallback starting
[2026-07-16 20:53:38] Fallback already ran today (25 actions). Suppressing.
[2026-07-16 21:25:59] ============================================================
[2026-07-16 21:25:59] MFP cron fallback starting
[2026-07-16 21:25:59] Fallback already ran today (25 actions). Suppressing.
[2026-07-16 21:42:17] BLOCKED: Session 0 (use VBS startup script)
[2026-07-16 21:43:20] Cache: flagged-local.json (created 2026-06-12 07:04:49), 25 actions
[2026-07-16 21:43:20] Posting 25 actions to Playbook API...
[2026-07-16 21:43:21] CRON FALLBACK: Pushed cached local backup (25 actions) to Playbook API
[2026-07-16 21:43:21] Playbook API response: status=ok, count=25, stored_at=2026-07-17T01:43:21.050Z
[2026-07-16 21:43:21] Result: 25 actions synced to Playbook
[2026-07-16 21:59:33] ============================================================
[2026-07-16 21:59:33] MFP cron fallback starting
[2026-07-16 21:59:33] Fallback already ran today (25 actions). Suppressing.
[2026-07-16 22:16:05] Cache: flagged-local.json (created 2026-06-12 07:04:49), 25 actions
[2026-07-16 22:16:05] Posting 25 actions to Playbook API...
[2026-07-16 22:16:07] CRON FALLBACK: Pushed cached local backup (25 actions) to Playbook API
[2026-07-16 22:16:07] Playbook API response: status=ok, count=25, stored_at=2026-07-17T02:16:06.955Z
[2026-07-16 22:16:07] Result: 25 actions synced to Playbook
[2026-07-16 22:35:29] ============================================================
[2026-07-16 22:35:29] MFP cron fallback starting
[2026-07-16 22:35:29] Fallback already ran today (25 actions). Suppressing.
[2026-07-16 22:51:36] BLOCKED: Session 0 (use VBS startup script)
[2026-07-16 22:52:12] ============================================================
[2026-07-16 22:52:12] MFP cron fallback starting
[2026-07-16 22:52:12] Fallback already ran today (25 actions). Suppressing.
[2026-07-16 23:08:57] ============================================================
[2026-07-16 23:08:57] MFP cron fallback starting
[2026-07-16 23:08:57] Fallback already ran today (25 actions). Suppressing.
[2026-07-16 23:25:36] ============================================================
[2026-07-16 23:25:36] MFP cron fallback starting
[2026-07-16 23:25:36] Fallback already ran today (25 actions). Suppressing.
[2026-07-16 23:58:29] BLOCKED: Session 0 (use VBS startup script)
[2026-07-16 23:59:03] ============================================================
[2026-07-16 23:59:03] MFP cron fallback starting
[2026-07-16 23:59:03] Fallback already ran today (25 actions). Suppressing.
[2026-07-17 00:33:09] ============================================================
[2026-07-17 00:33:09] MFP cron fallback starting
[2026-07-17 00:33:09] Cache: flagged-local.json (created 2026-06-12 07:04), 25 actions
[2026-07-17 00:33:09] Posting 25 actions to Playbook API...
[2026-07-17 00:33:11] CRON FALLBACK: Pushed cached local backup (25 actions) to Playbook API
[2026-07-17 00:33:11] Playbook API response: status=ok, count=25, stored_at=2026-07-17T04:33:10.881Z
[2026-07-17 00:33:11] Result: 25 actions synced to Playbook
[2026-07-17 00:33:11] ============================================================
[2026-07-17 00:49:38] ============================================================
[2026-07-17 00:49:38] MFP cron fallback starting
[2026-07-17 00:49:38] Fallback already ran today (25 actions). Suppressing.
[2026-07-17 01:08:30] BLOCKED: Session 0 (use VBS startup script)
[2026-07-17 01:08:58] ============================================================
[2026-07-17 01:08:58] MFP cron fallback starting
[2026-07-17 01:08:58] Fallback already ran today (25 actions). Suppressing.
[2026-07-17 01:42:55] Cache: flagged-local.json (created 2026-06-12 07:04:49), 25 actions
[2026-07-17 01:42:55] Fallback already ran today (25 actions). Suppressing.
[2026-07-17 02:03:07] ============================================================
[2026-07-17 02:03:07] MFP cron fallback starting
[2026-07-17 02:03:07] Fallback already ran today (25 actions). Suppressing.
[2026-07-17 02:19:34] ============================================================
[2026-07-17 02:19:34] MFP cron fallback starting
[2026-07-17 02:19:34] Fallback already ran today (25 actions). Suppressing.
[2026-07-17 02:36:08] ============================================================
[2026-07-17 02:36:08] MFP cron fallback starting
[2026-07-17 02:36:08] Fallback already ran today (25 actions). Suppressing.
[2026-07-17 02:52:34] BLOCKED: Session 0 (use VBS startup script)
[2026-07-17 02:53:20] ============================================================
[2026-07-17 02:53:20] MFP Flagged Email Sync starting (direct mode)
[2026-07-17 02:56:21] ERROR: Outlook COM dispatch failed: (-2147418111, 'Call was rejected by callee.', None, None)
[2026-07-17 03:11:47] ============================================================
[2026-07-17 03:11:47] MFP cron fallback starting
[2026-07-17 03:11:47] Fallback already ran today (25 actions). Suppressing.
[2026-07-17 03:29:21] Cache: flagged-local.json (created 2026-06-12 07:04:49), 25 actions
[2026-07-17 03:29:21] Fallback already ran today (25 actions). Suppressing.
[2026-07-17 03:46:14] ============================================================
[2026-07-17 03:46:14] MFP cron fallback starting
[2026-07-17 03:46:14] Fallback already ran today (25 actions). Suppressing.
[2026-07-17 04:02:39] BLOCKED: Session 0 (use VBS startup script)
[2026-07-17 04:04:53] ============================================================
[2026-07-17 04:04:53] MFP cron fallback starting
[2026-07-17 04:04:53] Fallback already ran today (25 actions). Suppressing.
[2026-07-17 04:37:52] ============================================================
[2026-07-17 04:37:52] MFP cron fallback starting
[2026-07-17 04:37:52] Fallback already ran today (25 actions). Suppressing.
[2026-07-17 05:10:40] BLOCKED: Session 0 (use VBS startup script)
[2026-07-17 05:28:31] ============================================================
[2026-07-17 05:28:31] MFP cron fallback starting
[2026-07-17 05:28:31] Fallback already ran today (25 actions). Suppressing.
[2026-07-17 05:46:08] ============================================================
[2026-07-17 05:46:08] MFP cron fallback starting
[2026-07-17 05:46:08] Fallback already ran today (25 actions). Suppressing.
[2026-07-17 06:05:24] Cache: flagged-local.json (created 2026-06-12 07:04:49), 25 actions
[2026-07-17 06:05:24] Fallback already ran today (25 actions). Suppressing.
[2026-07-17 06:21:50] BLOCKED: Session 0 (use VBS startup script)
[2026-07-17 06:22:41] Cache: flagged-local.json (created 2026-06-12 07:04:49), 25 actions
[2026-07-17 06:22:41] Fallback already ran today (25 actions). Suppressing.
[2026-07-17 06:42:05] Cache: flagged-local.json (created 2026-06-12 07:04:49), 25 actions
[2026-07-17 06:42:05] Fallback already ran today (25 actions). Suppressing.
[2026-07-17 06:58:23] ============================================================
[2026-07-17 06:58:23] MFP cron fallback starting
[2026-07-17 06:58:23] Fallback already ran today (25 actions). Suppressing.
[2026-07-17 07:32:44] BLOCKED: Session 0 (use VBS startup script)
[2026-07-17 07:33:12] Cache: flagged-local.json (created 2026-06-12 07:04:49), 25 actions
[2026-07-17 07:33:12] Fallback already ran today (25 actions). Suppressing.
[2026-07-17 07:51:28] ============================================================
[2026-07-17 07:51:28] MFP cron fallback starting
[2026-07-17 07:51:28] Fallback already ran today (25 actions). Suppressing.
[2026-07-17 08:56:13] ============================================================
[2026-07-17 08:56:13] MFP cron fallback starting
[2026-07-17 08:56:13] Fallback already ran today (25 actions). Suppressing.
[2026-07-17 09:13:07] ============================================================
[2026-07-17 09:13:07] MFP cron fallback starting
[2026-07-17 09:13:07] Fallback already ran today (25 actions). Suppressing.
[2026-07-17 09:29:12] ============================================================
[2026-07-17 09:29:12] MFP cron fallback starting
[2026-07-17 09:29:12] Fallback already ran today (25 actions). Suppressing.
[2026-07-17 09:44:53] BLOCKED: Session 0 (use VBS startup script)
[2026-07-17 09:45:41] Cache: flagged-local.json (created 2026-06-12 07:04:49), 25 actions
[2026-07-17 09:45:41] Fallback already ran today (25 actions). Suppressing.
[2026-07-17 10:44:15] ============================================================
[2026-07-17 10:44:15] MFP cron fallback starting
[2026-07-17 10:44:15] Fallback already ran today (25 actions). Suppressing.
[2026-07-17 11:00:22] BLOCKED: Session 0 (use VBS startup script)
[2026-07-17 11:00:47] ============================================================
[2026-07-17 11:00:47] MFP cron fallback starting
[2026-07-17 11:00:47] Fallback already ran today (25 actions). Suppressing.
[2026-07-17 11:18:59] ============================================================
[2026-07-17 11:18:59] MFP cron fallback starting
[2026-07-17 11:18:59] Fallback already ran today (25 actions). Suppressing.
[2026-07-17 11:35:56] ============================================================
[2026-07-17 11:35:56] MFP Flagged Email Sync starting (direct mode)
[2026-07-17 11:38:32] Cache: flagged-local.json (created 2026-06-12 07:04:49), 25 actions
[2026-07-17 11:38:32] Fallback already ran today (25 actions). Suppressing.
[2026-07-17 11:38:57] ERROR: Outlook COM dispatch failed: (-2147418111, 'Call was rejected by callee.', None, None)
[2026-07-17 11:54:46] ============================================================
[2026-07-17 11:54:46] MFP cron fallback starting
[2026-07-17 11:54:46] Fallback already ran today (25 actions). Suppressing.
[2026-07-17 12:10:21] BLOCKED: Session 0 (use VBS startup script)
[2026-07-17 12:11:13] ============================================================
[2026-07-17 12:11:13] MFP cron fallback starting
[2026-07-17 12:11:13] Fallback already ran today (25 actions). Suppressing.
[2026-07-17 12:29:42] Cache: flagged-local.json (created 2026-06-12 07:04:49), 25 actions
[2026-07-17 12:29:42] Fallback already ran today (25 actions). Suppressing.
[2026-07-21 17:55:22] BLOCKED: Session 0 (use VBS startup script)
[2026-07-21 17:56:27] Cache: flagged-local.json (created 2026-06-12 07:04:49), 25 actions
[2026-07-21 17:56:27] Posting 25 actions to Playbook API...
[2026-07-21 17:56:29] CRON FALLBACK: Pushed cached local backup (25 actions) to Playbook API
[2026-07-21 17:56:29] Playbook API response: status=ok, count=25, stored_at=2026-07-21T21:56:36.037Z
[2026-07-21 17:56:29] Result: 25 actions synced to Playbook
[2026-07-27 12:05:38] ============================================================
[2026-07-27 12:05:38] MFP cron fallback starting
[2026-07-27 12:05:38] Cache: flagged-local.json (created 2026-06-12 07:04), 25 actions
[2026-07-27 12:05:38] Posting 25 actions to Playbook API...
[2026-07-27 12:05:39] CRON FALLBACK: Pushed cached local backup (25 actions) to Playbook API
[2026-07-27 12:05:39] Playbook API response: status=ok, count=25, stored_at=2026-07-27T16:05:39.643Z
[2026-07-27 12:05:39] Result: 25 actions synced to Playbook
[2026-07-27 12:05:39] ============================================================
[2026-07-27 12:22:14] ============================================================
[2026-07-27 12:22:14] MFP cron fallback starting
[2026-07-27 12:22:14] Fallback already ran today (25 actions). Suppressing.
[2026-07-27 12:38:14] BLOCKED: Session 0 (use VBS startup script)
[2026-07-27 12:38:51] ============================================================
[2026-07-27 12:38:51] MFP cron fallback starting
[2026-07-27 12:38:51] Fallback already ran today (25 actions). Suppressing.
[2026-07-27 13:12:23] ============================================================
[2026-07-27 13:12:23] MFP cron fallback starting
[2026-07-27 13:12:23] Fallback already ran today (25 actions). Suppressing.
[2026-07-27 13:28:13] ============================================================
[2026-07-27 13:28:13] MFP cron fallback starting
[2026-07-27 13:28:13] Fallback already ran today (25 actions). Suppressing.
[2026-07-27 13:45:17] BLOCKED: Session 0 (use VBS startup script)
[2026-07-27 13:45:49] Cache: flagged-local.json (created 2026-06-12 07:04:49), 25 actions
[2026-07-27 13:45:49] Fallback already ran today (25 actions). Suppressing.
[2026-07-27 14:03:06] ============================================================
[2026-07-27 14:03:06] MFP cron fallback starting
[2026-07-27 14:03:06] Fallback already ran today (25 actions). Suppressing.
[2026-07-27 14:19:42] ============================================================
[2026-07-27 14:19:42] MFP cron fallback starting
[2026-07-27 14:19:42] Fallback already ran today (25 actions). Suppressing.
[2026-07-27 14:36:17] ============================================================
[2026-07-27 14:36:17] MFP cron fallback starting
[2026-07-27 14:36:17] Fallback already ran today (25 actions). Suppressing.
[2026-07-27 14:52:27] ============================================================
[2026-07-27 14:52:27] MFP cron fallback starting
[2026-07-27 14:52:27] Fallback already ran today (25 actions). Suppressing.
[2026-07-27 15:09:21] BLOCKED: Session 0 (use VBS startup script)
[2026-07-27 15:27:30] Cache: flagged-local.json (created 2026-06-12 07:04:49), 25 actions
[2026-07-27 15:27:30] Fallback already ran today (25 actions). Suppressing.
[2026-07-27 15:43:30] Cache: flagged-local.json (created 2026-06-12 07:04:49), 25 actions
[2026-07-27 15:43:30] Fallback already ran today (25 actions). Suppressing.
[2026-07-27 18:07:32] BLOCKED: Session 0 (use VBS startup script)
[2026-07-27 18:08:10] ============================================================
[2026-07-27 18:08:10] MFP cron fallback starting
[2026-07-27 18:08:10] Fallback already ran today (25 actions). Suppressing.
[2026-07-27 18:42:28] ============================================================
[2026-07-27 18:42:28] MFP cron fallback starting
[2026-07-27 18:42:28] Fallback already ran today (25 actions). Suppressing.
[2026-07-27 19:01:05] ============================================================
[2026-07-27 19:01:05] MFP cron fallback starting
[2026-07-27 19:01:05] Fallback already ran today (25 actions). Suppressing.
[2026-07-27 19:17:25] BLOCKED: Session 0 (use VBS startup script)
[2026-07-27 19:17:39] ============================================================
[2026-07-27 19:17:39] MFP cron fallback starting
[2026-07-27 19:17:39] Fallback already ran today (25 actions). Suppressing.
[2026-07-27 19:36:16] ============================================================
[2026-07-27 19:36:16] MFP cron fallback starting
[2026-07-27 19:36:16] Fallback already ran today (25 actions). Suppressing.
[2026-07-27 19:52:48] ============================================================
[2026-07-27 19:52:48] MFP cron fallback starting
[2026-07-27 19:52:48] Fallback already ran today (25 actions). Suppressing.
[2026-07-27 20:09:41] ============================================================
[2026-07-27 20:09:41] MFP cron fallback starting
[2026-07-27 20:09:41] Fallback already ran today (25 actions). Suppressing.
[2026-07-27 20:25:54] BLOCKED: Session 0 (use VBS startup script)
[2026-07-27 20:27:56] ============================================================
[2026-07-27 20:27:56] MFP cron fallback starting
[2026-07-27 20:27:56] Fallback already ran today (25 actions). Suppressing.
[2026-07-27 20:44:37] ============================================================
[2026-07-27 20:44:37] MFP cron fallback starting
[2026-07-27 20:44:37] Fallback already ran today (25 actions). Suppressing.
[2026-07-27 21:01:01] ============================================================
[2026-07-27 21:01:01] MFP cron fallback starting
[2026-07-27 21:01:01] Fallback already ran today (25 actions). Suppressing.
[2026-07-27 21:19:13] ============================================================
[2026-07-27 21:19:13] MFP cron fallback starting
[2026-07-27 21:19:13] Fallback already ran today (25 actions). Suppressing.
[2026-07-27 21:36:31] BLOCKED: Session 0 (use VBS startup script)
[2026-07-28 09:39:03] BLOCKED: Session 0 (use VBS startup script)
[2026-07-28 09:56:27] ============================================================
[2026-07-28 09:56:27] MFP cron fallback starting
[2026-07-28 09:56:27] Cache: flagged-local.json (created 2026-06-12 07:04), 25 actions
[2026-07-28 09:56:27] Posting 25 actions to Playbook API...
[2026-07-28 09:56:28] CRON FALLBACK: Pushed cached local backup (25 actions) to Playbook API
[2026-07-28 09:56:28] Playbook API response: status=ok, count=25, stored_at=2026-07-28T13:56:29.096Z
[2026-07-28 09:56:28] Result: 25 actions synced to Playbook
[2026-07-28 09:56:28] ============================================================
[2026-07-28 10:46:30] BLOCKED: Session 0 (use VBS startup script)
[2026-07-28 10:46:39] Cache: flagged-local.json (created 2026-06-12 07:04:49), 25 actions
[2026-07-28 10:46:39] Fallback already ran today (25 actions). Suppressing.
[2026-07-28 11:03:19] ============================================================
[2026-07-28 11:03:19] MFP cron fallback starting
[2026-07-28 11:03:19] Fallback already ran today (25 actions). Suppressing.
[2026-07-28 11:19:15] ============================================================
[2026-07-28 11:19:15] MFP cron fallback starting
[2026-07-28 11:19:15] Fallback already ran today (25 actions). Suppressing.
[2026-07-28 11:36:03] Cache: flagged-local.json (created 2026-06-12 07:04:49), 25 actions
[2026-07-28 11:36:03] Fallback already ran today (25 actions). Suppressing.
[2026-07-28 11:52:04] BLOCKED: Session 0 (use VBS startup script)
[2026-07-28 11:52:21] ============================================================
[2026-07-28 11:52:21] MFP cron fallback starting
[2026-07-28 11:52:21] Fallback already ran today (25 actions). Suppressing.
[2026-07-28 12:08:19] ============================================================
[2026-07-28 12:08:19] MFP cron fallback starting
[2026-07-28 12:08:19] Fallback already ran today (25 actions). Suppressing.
[2026-07-28 12:57:03] BLOCKED: Session 0 (use VBS startup script)
[2026-07-28 12:57:23] ============================================================
[2026-07-28 12:57:23] MFP cron fallback starting
[2026-07-28 12:57:23] Fallback already ran today (25 actions). Suppressing.
[2026-07-28 13:13:18] ============================================================
[2026-07-28 13:13:18] MFP cron fallback starting
[2026-07-28 13:13:18] Fallback already ran today (25 actions). Suppressing.
[2026-07-28 13:45:51] Cache: flagged-local.json (created 2026-06-12 07:04:49), 25 actions
[2026-07-28 13:45:51] Fallback already ran today (25 actions). Suppressing.
[2026-07-28 14:02:10] BLOCKED: Session 0 (use VBS startup script)
[2026-07-28 14:02:35] ============================================================
[2026-07-28 14:02:35] MFP cron fallback starting
[2026-07-28 14:02:35] Fallback already ran today (25 actions). Suppressing.
[2026-07-28 14:18:15] ============================================================
[2026-07-28 14:18:15] MFP cron fallback starting
[2026-07-28 14:18:15] Fallback already ran today (25 actions). Suppressing.
[2026-07-28 14:34:24] ============================================================
[2026-07-28 14:34:24] MFP cron fallback starting
[2026-07-28 14:34:24] Fallback already ran today (25 actions). Suppressing.
[2026-07-28 14:50:27] ============================================================
[2026-07-28 14:50:27] MFP cron fallback starting
[2026-07-28 14:50:27] Fallback already ran today (25 actions). Suppressing.
[2026-07-28 15:06:14] BLOCKED: Session 0 (use VBS startup script)
[2026-07-28 15:06:29] Cache: flagged-local.json (created 2026-06-12 07:04:49), 25 actions
[2026-07-28 15:06:29] Fallback already ran today (25 actions). Suppressing.
[2026-07-28 15:22:19] ============================================================
[2026-07-28 15:22:19] MFP cron fallback starting
[2026-07-28 15:22:19] Fallback already ran today (25 actions). Suppressing.
[2026-07-28 15:55:27] Cache: flagged-local.json (created 2026-06-12 07:04:49), 25 actions
[2026-07-28 15:55:27] Fallback already ran today (25 actions). Suppressing.
[2026-07-28 16:11:09] BLOCKED: Session 0 (use VBS startup script)
[2026-07-28 16:11:24] ============================================================
[2026-07-28 16:11:24] MFP cron fallback starting
[2026-07-28 16:11:24] Fallback already ran today (25 actions). Suppressing.
[2026-07-28 16:44:12] ============================================================
[2026-07-28 16:44:12] MFP cron fallback starting
[2026-07-28 16:44:12] Fallback already ran today (25 actions). Suppressing.
[2026-07-28 17:00:38] ============================================================
[2026-07-28 17:00:38] MFP cron fallback starting
[2026-07-28 17:00:38] Fallback already ran today (25 actions). Suppressing.
[2026-07-28 17:16:12] BLOCKED: Session 0 (use VBS startup script)
[2026-07-28 17:16:31] ============================================================
[2026-07-28 17:16:31] MFP cron fallback starting
[2026-07-28 17:16:31] Fallback already ran today (25 actions). Suppressing.
[2026-07-28 17:50:28] ============================================================
[2026-07-28 17:50:28] MFP cron fallback starting
[2026-07-28 17:50:28] Fallback already ran today (25 actions). Suppressing.
[2026-07-28 18:38:37] BLOCKED: Session 0 (use VBS startup script)
[2026-07-28 18:39:11] ============================================================
[2026-07-28 18:39:11] MFP cron fallback starting
[2026-07-28 18:39:11] Fallback already ran today (25 actions). Suppressing.
[2026-07-28 18:58:28] ============================================================
[2026-07-28 18:58:28] MFP cron fallback starting
[2026-07-28 18:58:28] Fallback already ran today (25 actions). Suppressing.
[2026-07-28 19:18:43] ============================================================
[2026-07-28 19:18:43] MFP Flagged Email Sync starting (direct mode)
[2026-07-28 19:21:45] ERROR: Outlook COM dispatch failed: (-2147418111, 'Call was rejected by callee.', None, None)
[2026-07-28 19:21:57] ============================================================
[2026-07-28 19:21:57] MFP Flagged Email Sync starting (direct mode)
[2026-07-28 19:24:58] ERROR: Outlook COM dispatch failed: (-2147418111, 'Call was rejected by callee.', None, None)
[2026-07-28 19:25:25] Cache: flagged-local.json (created 2026-06-12 07:04:49), 25 actions
[2026-07-28 19:25:25] Fallback already ran today (25 actions). Suppressing.
[2026-07-28 19:25:31] ============================================================
[2026-07-28 19:25:31] MFP Flagged Email Sync starting
[2026-07-28 19:28:33] ERROR: Cannot connect to Outlook. Dispatch: (-2147418111, 'Call was rejected by callee.', None, None). GetActiveObject: (-2147221021, 'Operation unavailable', None, None)
[2026-07-28 19:28:33] HINT: Outlook COM automation only works from an interactive Windows session
[2026-07-28 19:28:33] HINT: where the user is logged in and a mail profile is configured.
[2026-07-28 19:28:33] HINT: Current session: 1, PID: 30140
[2026-07-28 19:45:01] BLOCKED: Session 0 (use VBS startup script)
[2026-07-28 19:45:27] ============================================================
[2026-07-28 19:45:27] MFP Flagged Email Sync starting (direct mode)
[2026-07-28 19:47:53] Cache: flagged-local.json (created 2026-06-12 07:04:49), 25 actions
[2026-07-28 19:47:53] Fallback already ran today (25 actions). Suppressing.
[2026-07-28 19:48:29] ERROR: Outlook COM dispatch failed: (-2147418111, 'Call was rejected by callee.', None, None)
[2026-07-28 20:22:41] ============================================================
[2026-07-28 20:22:41] MFP cron fallback starting
[2026-07-28 20:22:41] Fallback already ran today (25 actions). Suppressing.
[2026-07-28 20:39:15] ============================================================
[2026-07-28 20:39:15] MFP cron fallback starting
[2026-07-28 20:39:15] Fallback already ran today (25 actions). Suppressing.
[2026-07-28 20:58:35] BLOCKED: Session 0 (use VBS startup script)
[2026-07-28 20:59:30] ============================================================
[2026-07-28 20:59:30] MFP cron fallback starting
[2026-07-28 20:59:30] Fallback already ran today (25 actions). Suppressing.
[2026-07-28 21:53:33] ============================================================
[2026-07-28 21:53:33] MFP cron fallback starting
[2026-07-28 21:53:33] Fallback already ran today (25 actions). Suppressing.
[2026-07-28 22:10:29] BLOCKED: Session 0 (use VBS startup script)
[2026-07-28 22:11:05] ============================================================
[2026-07-28 22:11:05] MFP cron fallback starting
[2026-07-28 22:11:05] Fallback already ran today (25 actions). Suppressing.
[2026-07-28 22:29:06] ============================================================
[2026-07-28 22:29:06] MFP cron fallback starting
[2026-07-28 22:29:06] Fallback already ran today (25 actions). Suppressing.
[2026-07-28 23:17:44] BLOCKED: Session 0 (use VBS startup script)
[2026-07-28 23:18:39] ============================================================
[2026-07-28 23:18:39] MFP cron fallback starting
[2026-07-28 23:18:39] Fallback already ran today (25 actions). Suppressing.
[2026-07-28 23:34:57] Cache: flagged-local.json (created 2026-06-12 07:04:49), 25 actions
[2026-07-28 23:34:57] Posting 25 actions to Playbook API...
[2026-07-28 23:34:58] CRON FALLBACK: Pushed cached local backup (25 actions) to Playbook API
[2026-07-28 23:34:58] Playbook API response: status=ok, count=25, stored_at=2026-07-29T03:34:58.824Z
[2026-07-28 23:34:58] Result: 25 actions synced to Playbook
[2026-07-29 00:27:02] BLOCKED: Session 0 (use VBS startup script)
[2026-07-29 01:15:19] ============================================================
[2026-07-29 01:15:19] MFP cron fallback starting
[2026-07-29 01:15:19] Cache: flagged-local.json (created 2026-06-12 07:04), 25 actions
[2026-07-29 01:15:19] Posting 25 actions to Playbook API...
[2026-07-29 01:15:20] CRON FALLBACK: Pushed cached local backup (25 actions) to Playbook API
[2026-07-29 01:15:20] Playbook API response: status=ok, count=25, stored_at=2026-07-29T05:15:21.550Z
[2026-07-29 01:15:20] Result: 25 actions synced to Playbook
[2026-07-29 01:15:20] ============================================================
[2026-07-29 01:31:50] BLOCKED: Session 0 (use VBS startup script)
[2026-07-29 01:32:16] ============================================================
[2026-07-29 01:32:16] MFP cron fallback starting
[2026-07-29 01:32:16] Fallback already ran today (25 actions). Suppressing.
[2026-07-29 01:48:02] ============================================================
[2026-07-29 01:48:02] MFP cron fallback starting
[2026-07-29 01:48:02] Fallback already ran today (25 actions). Suppressing.
[2026-07-29 09:16:12] BLOCKED: Session 0 (use VBS startup script)
[2026-07-29 09:48:45] Cache: flagged-local.json (created 2026-06-12 07:04:49), 25 actions
[2026-07-29 09:48:45] Fallback already ran today (25 actions). Suppressing.
[2026-07-29 10:05:57] Cache: flagged-local.json (created 2026-06-12 07:04:49), 25 actions
[2026-07-29 10:05:57] Fallback already ran today (25 actions). Suppressing.
[2026-07-29 10:22:07] BLOCKED: Session 0 (use VBS startup script)
[2026-07-29 10:23:10] Cache: flagged-local.json (created 2026-06-12 07:04:49), 25 actions
[2026-07-29 10:23:10] Fallback already ran today (25 actions). Suppressing.
[2026-07-29 10:39:27] ============================================================
[2026-07-29 10:39:27] MFP cron fallback starting
[2026-07-29 10:39:27] Fallback already ran today (25 actions). Suppressing.
[2026-07-29 11:27:28] BLOCKED: Session 0 (use VBS startup script)
[2026-07-29 11:44:41] Cache: flagged-local.json (created 2026-06-12 07:04:49), 25 actions
[2026-07-29 11:44:41] Fallback already ran today (25 actions). Suppressing.
[2026-07-29 12:34:32] ============================================================
[2026-07-29 12:34:32] MFP Flagged Email Sync starting (direct mode)
[2026-07-29 12:36:51] Cache: flagged-local.json (created 2026-06-12 07:04:49), 25 actions
[2026-07-29 12:36:51] Fallback already ran today (25 actions). Suppressing.
[2026-07-29 12:37:33] ERROR: Outlook COM dispatch failed: (-2147418111, 'Call was rejected by callee.', None, None)
[2026-07-29 12:53:17] BLOCKED: Session 0 (use VBS startup script)
[2026-07-29 12:54:38] ============================================================
[2026-07-29 12:54:38] MFP Flagged Email Sync starting (direct mode)
[2026-07-29 12:57:39] ERROR: Outlook COM dispatch failed: (-2147418111, 'Call was rejected by callee.', None, None)
[2026-07-29 13:29:54] Cache: flagged-local.json (created 2026-06-12 07:04:49), 25 actions
[2026-07-29 13:29:54] Fallback already ran today (25 actions). Suppressing.
[2026-07-29 14:02:18] BLOCKED: Session 0 (use VBS startup script)
[2026-07-29 14:02:52] ============================================================
[2026-07-29 14:02:52] MFP cron fallback starting
[2026-07-29 14:02:52] Fallback already ran today (25 actions). Suppressing.
[2026-07-29 14:51:38] ============================================================
[2026-07-29 14:51:38] MFP cron fallback starting
[2026-07-29 14:51:38] Fallback already ran today (25 actions). Suppressing.
[2026-07-29 15:07:19] BLOCKED: Session 0 (use VBS startup script)
[2026-07-29 15:08:50] Cache: flagged-local.json (created 2026-06-12 07:04:49), 25 actions
[2026-07-29 15:08:50] Fallback already ran today (25 actions). Suppressing.
[2026-07-29 15:56:50] Cache: flagged-local.json (created 2026-06-12 07:04:49), 25 actions
[2026-07-29 15:56:50] Fallback already ran today (25 actions). Suppressing.
[2026-07-29 16:12:21] BLOCKED: Session 0 (use VBS startup script)
[2026-07-29 16:13:05] Cache: flagged-local.json (created 2026-06-12 07:04:49), 25 actions
[2026-07-29 16:13:05] Fallback already ran today (25 actions). Suppressing.
[2026-07-29 17:02:00] ============================================================
[2026-07-29 17:02:00] MFP cron fallback starting
[2026-07-29 17:02:00] Fallback already ran today (25 actions). Suppressing.
[2026-07-29 17:17:21] BLOCKED: Session 0 (use VBS startup script)
[2026-07-31 14:20:53] BLOCKED: Session 0 (use VBS startup script)
[2026-07-31 14:21:53] Cache: flagged-local.json (created 2026-06-12 07:04:49), 25 actions
[2026-07-31 14:21:53] Posting 25 actions to Playbook API...
[2026-07-31 14:21:54] CRON FALLBACK: Pushed cached local backup (25 actions) to Playbook API
[2026-07-31 14:21:54] Playbook API response: status=ok, count=25, stored_at=2026-07-31T18:21:56.796Z
[2026-07-31 14:21:54] Result: 25 actions synced to Playbook
[2026-07-31 14:38:19] ============================================================
[2026-07-31 14:38:19] MFP cron fallback starting
[2026-07-31 14:38:19] Fallback already ran today (25 actions). Suppressing.
[2026-07-31 14:57:31] Cache: flagged-local.json (created 2026-06-12 07:04:49), 25 actions
[2026-07-31 14:57:31] Fallback already ran today (25 actions). Suppressing.
[2026-07-31 15:29:36] BLOCKED: Session 0 (use VBS startup script)
[2026-07-31 15:31:48] Cache: flagged-local.json (created 2026-06-12 07:04:49), 25 actions
[2026-07-31 15:31:48] Fallback already ran today (25 actions). Suppressing.
[2026-07-31 15:48:21] Cache: flagged-local.json (created 2026-06-12 07:04:49), 25 actions
[2026-07-31 15:48:21] Fallback already ran today (25 actions). Suppressing.
[2026-07-31 16:37:28] BLOCKED: Session 0 (use VBS startup script)
[2026-07-31 16:53:16] Cache: flagged-local.json (created 2026-06-12 07:04:49), 25 actions
[2026-07-31 16:53:16] Fallback already ran today (25 actions). Suppressing.
[2026-07-31 17:30:07] Cache: flagged-local.json (created 2026-06-12 07:04:49), 25 actions
[2026-07-31 17:30:07] Fallback already ran today (25 actions). Suppressing.
[2026-07-31 17:47:15] Cache: flagged-local.json (created 2026-06-12 07:04:49), 25 actions
[2026-07-31 17:47:15] Fallback already ran today (25 actions). Suppressing.
[2026-07-31 18:03:23] BLOCKED: Session 0 (use VBS startup script)
[2026-07-31 18:03:38] Cache: flagged-local.json (created 2026-06-12 07:04:49), 25 actions
[2026-07-31 18:03:38] Fallback already ran today (25 actions). Suppressing.
[2026-07-31 18:20:15] Cache: flagged-local.json (created 2026-06-12 07:04:49), 25 actions
[2026-07-31 18:20:15] Fallback already ran today (25 actions). Suppressing.
[2026-07-31 18:37:19] ============================================================
[2026-07-31 18:37:19] MFP cron fallback starting
[2026-07-31 18:37:19] Fallback already ran today (25 actions). Suppressing.
[2026-07-31 18:54:14] ============================================================
[2026-07-31 18:54:14] MFP cron fallback starting
[2026-07-31 18:54:14] Fallback already ran today (25 actions). Suppressing.
[2026-07-31 19:10:31] BLOCKED: Session 0 (use VBS startup script)
[2026-07-31 19:26:49] ============================================================
[2026-07-31 19:26:49] MFP Flagged Email Sync starting (direct mode)
[2026-07-31 19:29:06] ============================================================
[2026-07-31 19:29:06] MFP cron fallback starting
[2026-07-31 19:29:06] Fallback already ran today (25 actions). Suppressing.
[2026-07-31 19:29:50] ERROR: Outlook COM dispatch failed: (-2147418111, 'Call was rejected by callee.', None, None)
[2026-07-31 19:44:58] Cache: flagged-local.json (created 2026-06-12 07:04:49), 25 actions
[2026-07-31 19:44:58] Fallback already ran today (25 actions). Suppressing.
[2026-07-31 20:00:44] Cache: flagged-local.json (created 2026-06-12 07:04:49), 25 actions
[2026-07-31 20:00:44] Posting 25 actions to Playbook API...
[2026-07-31 20:00:45] CRON FALLBACK: Pushed cached local backup (25 actions) to Playbook API
[2026-07-31 20:00:45] Playbook API response: status=ok, count=25, stored_at=2026-08-01T00:00:45.713Z
[2026-07-31 20:00:45] Result: 25 actions synced to Playbook
[2026-07-31 20:16:56] Cache: flagged-local.json (created 2026-06-12 07:04:49), 25 actions
[2026-07-31 20:16:56] Posting 25 actions to Playbook API...
[2026-07-31 20:16:57] CRON FALLBACK: Pushed cached local backup (25 actions) to Playbook API
[2026-07-31 20:16:57] Playbook API response: status=ok, count=25, stored_at=2026-08-01T00:16:57.579Z
[2026-07-31 20:16:57] Result: 25 actions synced to Playbook
[2026-07-31 20:34:04] Cache: flagged-local.json (created 2026-06-12 07:04:49), 25 actions
[2026-07-31 20:34:04] Posting 25 actions to Playbook API...
[2026-07-31 20:34:05] CRON FALLBACK: Pushed cached local backup (25 actions) to Playbook API
[2026-07-31 20:34:05] Playbook API response: status=ok, count=25, stored_at=2026-08-01T00:34:05.590Z
[2026-07-31 20:34:05] Result: 25 actions synced to Playbook
[2026-07-31 20:50:00] BLOCKED: Session 0 (use VBS startup script)
[2026-07-31 21:07:54] Cache: flagged-local.json (created 2026-06-12 07:04:49), 25 actions
[2026-07-31 21:07:54] Posting 25 actions to Playbook API...
[2026-07-31 21:07:55] CRON FALLBACK: Pushed cached local backup (25 actions) to Playbook API
[2026-07-31 21:07:55] Playbook API response: status=ok, count=25, stored_at=2026-08-01T01:07:54.816Z
[2026-07-31 21:07:55] Result: 25 actions synced to Playbook
[2026-07-31 21:24:47] Cache: flagged-local.json (created 2026-06-12 07:04:49), 25 actions
[2026-07-31 21:24:47] Posting 25 actions to Playbook API...
[2026-07-31 21:24:48] CRON FALLBACK: Pushed cached local backup (25 actions) to Playbook API
[2026-07-31 21:24:48] Playbook API response: status=ok, count=25, stored_at=2026-08-01T01:24:48.760Z
[2026-07-31 21:24:48] Result: 25 actions synced to Playbook
[2026-07-31 21:58:53] BLOCKED: Session 0 (use VBS startup script)
[2026-07-31 21:59:57] Cache: flagged-local.json (created 2026-06-12 07:04:49), 25 actions
[2026-07-31 21:59:57] Posting 25 actions to Playbook API...
[2026-07-31 21:59:58] CRON FALLBACK: Pushed cached local backup (25 actions) to Playbook API
[2026-07-31 21:59:58] Playbook API response: status=ok, count=25, stored_at=2026-08-01T01:59:57.943Z
[2026-07-31 21:59:58] Result: 25 actions synced to Playbook
[2026-07-31 22:33:31] ============================================================
[2026-07-31 22:33:31] MFP cron fallback starting
[2026-07-31 22:33:31] Fallback already ran today (25 actions). Suppressing.
[2026-07-31 23:06:54] BLOCKED: Session 0 (use VBS startup script)
[2026-07-31 23:07:16] Cache: flagged-local.json (created 2026-06-12 07:04:49), 25 actions
[2026-07-31 23:07:16] Posting 25 actions to Playbook API...
[2026-07-31 23:07:16] CRON FALLBACK: Pushed cached local backup (25 actions) to Playbook API
[2026-07-31 23:07:16] Playbook API response: status=ok, count=25, stored_at=2026-08-01T03:07:16.855Z
[2026-07-31 23:07:16] Result: 25 actions synced to Playbook
[2026-07-31 23:24:56] Cache: flagged-local.json (created 2026-06-12 07:04:49), 25 actions
[2026-07-31 23:24:56] Posting 25 actions to Playbook API...
[2026-07-31 23:24:57] CRON FALLBACK: Pushed cached local backup (25 actions) to Playbook API
[2026-07-31 23:24:57] Playbook API response: status=ok, count=25, stored_at=2026-08-01T03:24:57.570Z
[2026-07-31 23:24:57] Result: 25 actions synced to Playbook
[2026-08-01 00:14:23] BLOCKED: Session 0 (use VBS startup script)
[2026-08-01 00:15:24] Cache: flagged-local.json (created 2026-06-12 07:04:49), 25 actions
[2026-08-01 00:15:24] Posting 25 actions to Playbook API...
[2026-08-01 00:15:26] CRON FALLBACK: Pushed cached local backup (25 actions) to Playbook API
[2026-08-01 00:15:26] Playbook API response: status=ok, count=25, stored_at=2026-08-01T04:15:25.960Z
[2026-08-01 00:15:26] Result: 25 actions synced to Playbook
[2026-08-01 00:32:59] ============================================================
[2026-08-01 00:32:59] MFP cron fallback starting
[2026-08-01 00:32:59] Fallback already ran today (25 actions). Suppressing.
[2026-08-01 00:49:11] ============================================================
[2026-08-01 00:49:11] MFP cron fallback starting
[2026-08-01 00:49:11] Fallback already ran today (25 actions). Suppressing.
[2026-08-01 01:20:52] BLOCKED: Session 0 (use VBS startup script)
[2026-08-01 01:37:33] ============================================================
[2026-08-01 01:37:33] MFP cron fallback starting
[2026-08-01 01:37:33] Fallback already ran today (25 actions). Suppressing.
[2026-08-01 01:37:39] Cache: flagged-local.json (created 2026-06-12 07:04:49), 25 actions
[2026-08-01 01:37:39] Fallback already ran today (25 actions). Suppressing.
[2026-08-01 01:55:05] ============================================================
[2026-08-01 01:55:05] MFP cron fallback starting
[2026-08-01 01:55:05] Fallback already ran today (25 actions). Suppressing.
[2026-08-01 02:28:24] BLOCKED: Session 0 (use VBS startup script)
[2026-08-01 02:28:53] ============================================================
[2026-08-01 02:28:53] MFP cron fallback starting
[2026-08-01 02:28:53] Fallback already ran today (25 actions). Suppressing.
[2026-08-01 03:19:01] ============================================================
[2026-08-01 03:19:01] MFP cron fallback starting
[2026-08-01 03:19:01] Fallback already ran today (25 actions). Suppressing.
[2026-08-01 03:35:08] BLOCKED: Session 0 (use VBS startup script)
[2026-08-01 03:52:21] ============================================================
[2026-08-01 03:52:21] MFP cron fallback starting
[2026-08-01 03:52:21] Fallback already ran today (25 actions). Suppressing.
[2026-08-01 10:19:30] BLOCKED: Session 0 (use VBS startup script)
[2026-08-01 10:19:40] Cache: flagged-local.json (created 2026-06-12 07:04:49), 25 actions
[2026-08-01 10:19:40] Fallback already ran today (25 actions). Suppressing.
[2026-08-01 10:52:08] Cache: flagged-local.json (created 2026-06-12 07:04:49), 25 actions
[2026-08-01 10:52:08] Fallback already ran today (25 actions). Suppressing.
[2026-08-01 11:08:24] ============================================================
[2026-08-01 11:08:24] MFP cron fallback starting
[2026-08-01 11:08:24] Fallback already ran today (25 actions). Suppressing.
[2026-08-01 11:24:20] BLOCKED: Session 0 (use VBS startup script)
[2026-08-01 11:24:42] ============================================================
[2026-08-01 11:24:42] MFP cron fallback starting
[2026-08-01 11:24:42] Fallback already ran today (25 actions). Suppressing.
[2026-08-01 11:42:01] ============================================================
[2026-08-01 11:42:01] MFP cron fallback starting
[2026-08-01 11:42:01] Fallback already ran today (25 actions). Suppressing.
[2026-08-01 12:31:10] BLOCKED: Session 0 (use VBS startup script)
[2026-08-01 12:31:20] ============================================================
[2026-08-01 12:31:20] MFP cron fallback starting
[2026-08-01 12:31:20] Fallback already ran today (25 actions). Suppressing.
[2026-08-01 12:48:28] Cache: flagged-local.json (created 2026-06-12 07:04:49), 25 actions
[2026-08-01 12:48:28] Fallback already ran today (25 actions). Suppressing.
[2026-08-01 13:04:40] Cache: flagged-local.json (created 2026-06-12 07:04:49), 25 actions
[2026-08-01 13:04:40] Fallback already ran today (25 actions). Suppressing.
[2026-08-01 13:36:30] BLOCKED: Session 0 (use VBS startup script)
[2026-08-01 13:36:34] Cache: flagged-local.json (created 2026-06-12 07:04:49), 25 actions
[2026-08-01 13:36:34] Fallback already ran today (25 actions). Suppressing.
[2026-08-01 13:53:14] Cache: flagged-local.json (created 2026-06-12 07:04:49), 25 actions
[2026-08-01 13:53:14] Fallback already ran today (25 actions). Suppressing.
[2026-08-01 14:09:40] Cache: flagged-local.json (created 2026-06-12 07:04:49), 25 actions
[2026-08-01 14:09:40] Fallback already ran today (25 actions). Suppressing.
[2026-08-01 14:41:23] BLOCKED: Session 0 (use VBS startup script)
[2026-08-01 14:41:34] Cache: flagged-local.json (created 2026-06-12 07:04:49), 25 actions
[2026-08-01 14:41:34] Fallback already ran today (25 actions). Suppressing.
[2026-08-01 14:57:38] Cache: flagged-local.json (created 2026-06-12 07:04:49), 25 actions
[2026-08-01 14:57:38] Fallback already ran today (25 actions). Suppressing.
[2026-08-01 15:48:27] BLOCKED: Session 0 (use VBS startup script)
[2026-08-01 16:21:09] Cache: flagged-local.json (created 2026-06-12 07:04:49), 25 actions
[2026-08-01 16:21:09] Fallback already ran today (25 actions). Suppressing.
[2026-08-01 16:38:52] Cache: flagged-local.json (created 2026-06-12 07:04:49), 25 actions
[2026-08-01 16:38:52] Fallback already ran today (25 actions). Suppressing.
[2026-08-01 16:54:33] BLOCKED: Session 0 (use VBS startup script)
[2026-08-01 16:54:38] Cache: flagged-local.json (created 2026-06-12 07:04:49), 25 actions
[2026-08-01 16:54:38] Fallback already ran today (25 actions). Suppressing.
[2026-08-01 17:59:29] BLOCKED: Session 0 (use VBS startup script)
[2026-08-01 18:32:35] Cache: flagged-local.json (created 2026-06-12 07:04:49), 25 actions
[2026-08-01 18:32:35] Fallback already ran today (25 actions). Suppressing.
[2026-08-01 18:48:48] Cache: flagged-local.json (created 2026-06-12 07:04:49), 25 actions
[2026-08-01 18:48:48] Fallback already ran today (25 actions). Suppressing.
[2026-08-01 19:04:34] BLOCKED: Session 0 (use VBS startup script)
[2026-08-01 19:05:04] ============================================================
[2026-08-01 19:05:04] MFP cron fallback starting
[2026-08-01 19:05:04] Fallback already ran today (25 actions). Suppressing.
[2026-08-01 19:36:48] Cache: flagged-local.json (created 2026-06-12 07:04:49), 25 actions
[2026-08-01 19:36:48] Fallback already ran today (25 actions). Suppressing.
[2026-08-01 19:54:23] Cache: flagged-local.json (created 2026-06-12 07:04:49), 25 actions
[2026-08-01 19:54:23] Fallback already ran today (25 actions). Suppressing.
[2026-08-01 20:10:33] BLOCKED: Session 0 (use VBS startup script)
[2026-08-01 20:10:36] Cache: flagged-local.json (created 2026-06-12 07:04:49), 25 actions
[2026-08-01 20:10:36] Posting 25 actions to Playbook API...
[2026-08-01 20:10:37] CRON FALLBACK: Pushed cached local backup (25 actions) to Playbook API
[2026-08-01 20:10:37] Playbook API response: status=ok, count=25, stored_at=2026-08-02T00:10:37.764Z
[2026-08-01 20:10:37] Result: 25 actions synced to Playbook
[2026-08-01 20:42:54] Cache: flagged-local.json (created 2026-06-12 07:04:49), 25 actions
[2026-08-01 20:42:54] Posting 25 actions to Playbook API...
[2026-08-01 20:42:54] CRON FALLBACK: Pushed cached local backup (25 actions) to Playbook API
[2026-08-01 20:42:54] Playbook API response: status=ok, count=25, stored_at=2026-08-02T00:42:54.916Z
[2026-08-01 20:42:54] Result: 25 actions synced to Playbook
[2026-08-01 20:58:41] Cache: flagged-local.json (created 2026-06-12 07:04:49), 25 actions
[2026-08-01 20:58:41] Posting 25 actions to Playbook API...
[2026-08-01 20:58:42] CRON FALLBACK: Pushed cached local backup (25 actions) to Playbook API
[2026-08-01 20:58:42] Playbook API response: status=ok, count=25, stored_at=2026-08-02T00:58:42.407Z
[2026-08-01 20:58:42] Result: 25 actions synced to Playbook
[2026-08-01 21:14:35] BLOCKED: Session 0 (use VBS startup script)
[2026-08-01 21:15:10] Cache: flagged-local.json (created 2026-06-12 07:04:49), 25 actions
[2026-08-01 21:15:10] Posting 25 actions to Playbook API...
[2026-08-01 21:15:11] CRON FALLBACK: Pushed cached local backup (25 actions) to Playbook API
[2026-08-01 21:15:11] Playbook API response: status=ok, count=25, stored_at=2026-08-02T01:15:11.469Z
[2026-08-01 21:15:11] Result: 25 actions synced to Playbook
[2026-08-01 21:15:17] ============================================================
[2026-08-01 21:15:17] MFP Flagged Email Sync starting
[2026-08-01 21:18:18] ERROR: Cannot connect to Outlook. Dispatch: (-2147418111, 'Call was rejected by callee.', None, None). GetActiveObject: (-2147221021, 'Operation unavailable', None, None)
[2026-08-01 21:18:18] HINT: Outlook COM automation only works from an interactive Windows session
[2026-08-01 21:18:18] HINT: where the user is logged in and a mail profile is configured.
[2026-08-01 21:18:18] HINT: Current session: RDP-Tcp#0, PID: 43808
[2026-08-01 21:31:57] ============================================================
[2026-08-01 21:31:57] MFP cron fallback starting
[2026-08-01 21:31:57] Fallback already ran today (25 actions). Suppressing.
[2026-08-01 21:48:22] ============================================================
[2026-08-01 21:48:22] MFP cron fallback starting
[2026-08-01 21:48:22] Fallback already ran today (25 actions). Suppressing.
[2026-08-01 22:20:40] BLOCKED: Session 0 (use VBS startup script)
[2026-08-01 22:36:51] Cache: flagged-local.json (created 2026-06-12 07:04:49), 25 actions
[2026-08-01 22:36:51] Posting 25 actions to Playbook API...
[2026-08-01 22:36:51] CRON FALLBACK: Pushed cached local backup (25 actions) to Playbook API
[2026-08-01 22:36:51] Playbook API response: status=ok, count=25, stored_at=2026-08-02T02:36:51.819Z
[2026-08-01 22:36:51] Result: 25 actions synced to Playbook
[2026-08-01 23:08:48] Cache: flagged-local.json (created 2026-06-12 07:04:49), 25 actions
[2026-08-01 23:08:48] Posting 25 actions to Playbook API...
[2026-08-01 23:08:49] CRON FALLBACK: Pushed cached local backup (25 actions) to Playbook API
[2026-08-01 23:08:49] Playbook API response: status=ok, count=25, stored_at=2026-08-02T03:08:49.569Z
[2026-08-01 23:08:49] Result: 25 actions synced to Playbook
[2026-08-01 23:24:38] BLOCKED: Session 0 (use VBS startup script)
[2026-08-01 23:42:14] ============================================================
[2026-08-01 23:42:14] MFP cron fallback starting
[2026-08-01 23:42:14] Fallback already ran today (25 actions). Suppressing.
[2026-08-02 00:29:42] BLOCKED: Session 0 (use VBS startup script)
[2026-08-02 00:46:42] Cache: flagged-local.json (created 2026-06-12 07:04:49), 25 actions
[2026-08-02 00:46:42] Posting 25 actions to Playbook API...
[2026-08-02 00:46:43] CRON FALLBACK: Pushed cached local backup (25 actions) to Playbook API
[2026-08-02 00:46:43] Playbook API response: status=ok, count=25, stored_at=2026-08-02T04:46:42.999Z
[2026-08-02 00:46:43] Result: 25 actions synced to Playbook
[2026-08-02 01:04:51] Cache: flagged-local.json (created 2026-06-12 07:04:49), 25 actions
[2026-08-02 01:04:51] Fallback already ran today (25 actions). Suppressing.
[2026-08-02 01:21:18] Cache: flagged-local.json (created 2026-06-12 07:04:49), 25 actions
[2026-08-02 01:21:18] Fallback already ran today (25 actions). Suppressing.
[2026-08-02 01:36:54] BLOCKED: Session 0 (use VBS startup script)
[2026-08-02 02:10:10] Cache: flagged-local.json (created 2026-06-12 07:04:49), 25 actions
[2026-08-02 02:10:10] Fallback already ran today (25 actions). Suppressing.
[2026-08-02 02:58:53] BLOCKED: Session 0 (use VBS startup script)
[2026-08-02 02:59:52] Cache: flagged-local.json (created 2026-06-12 07:04:49), 25 actions
[2026-08-02 02:59:52] Fallback already ran today (25 actions). Suppressing.
[2026-08-02 04:03:59] BLOCKED: Session 0 (use VBS startup script)
[2026-08-02 04:06:21] Cache: flagged-local.json (created 2026-06-12 07:04:49), 25 actions
[2026-08-02 04:06:21] Fallback already ran today (25 actions). Suppressing.
[2026-08-02 04:24:49] ============================================================
[2026-08-02 04:24:49] MFP cron fallback starting
[2026-08-02 04:24:49] Fallback already ran today (25 actions). Suppressing.
[2026-08-02 05:14:24] ============================================================
[2026-08-02 05:14:24] MFP cron fallback starting
[2026-08-02 05:14:24] Fallback already ran today (25 actions). Suppressing.
[2026-08-02 05:30:00] BLOCKED: Session 0 (use VBS startup script)
[2026-08-02 05:31:56] ============================================================
[2026-08-02 05:31:56] MFP cron fallback starting
[2026-08-02 05:31:56] Fallback already ran today (25 actions). Suppressing.
[2026-08-02 05:53:00] Cache: flagged-local.json (created 2026-06-12 07:04:49), 25 actions
[2026-08-02 05:53:00] Fallback already ran today (25 actions). Suppressing.
[2026-08-02 06:25:44] Cache: flagged-local.json (created 2026-06-12 07:04:49), 25 actions
[2026-08-02 06:25:44] Fallback already ran today (25 actions). Suppressing.
[2026-08-02 06:42:00] BLOCKED: Session 0 (use VBS startup script)
[2026-08-02 07:15:16] ============================================================
[2026-08-02 07:15:16] MFP cron fallback starting
[2026-08-02 07:15:16] Fallback already ran today (25 actions). Suppressing.
[2026-08-02 07:47:58] BLOCKED: Session 0 (use VBS startup script)
[2026-08-02 08:04:45] Cache: flagged-local.json (created 2026-06-12 07:04:49), 25 actions
[2026-08-02 08:04:45] Fallback already ran today (25 actions). Suppressing.
[2026-08-02 08:23:30] Cache: flagged-local.json (created 2026-06-12 07:04:49), 25 actions
[2026-08-02 08:23:30] Fallback already ran today (25 actions). Suppressing.
[2026-08-02 08:56:25] BLOCKED: Session 0 (use VBS startup script)
[2026-08-02 08:56:50] ============================================================
[2026-08-02 08:56:50] MFP cron fallback starting
[2026-08-02 08:56:50] Fallback already ran today (25 actions). Suppressing.
[2026-08-02 10:01:14] BLOCKED: Session 0 (use VBS startup script)
[2026-08-02 10:17:48] ============================================================
[2026-08-02 10:17:48] MFP cron fallback starting
[2026-08-02 10:17:48] Fallback already ran today (25 actions). Suppressing.
[2026-08-02 11:08:40] BLOCKED: Session 0 (use VBS startup script)
[2026-08-02 11:42:03] ============================================================
[2026-08-02 11:42:03] MFP cron fallback starting
[2026-08-02 11:42:03] Fallback already ran today (25 actions). Suppressing.
[2026-08-02 11:58:26] Cache: flagged-local.json (created 2026-06-12 07:04:49), 25 actions
[2026-08-02 11:58:26] Fallback already ran today (25 actions). Suppressing.
[2026-08-02 12:31:12] BLOCKED: Session 0 (use VBS startup script)
[2026-08-02 12:31:24] ============================================================
[2026-08-02 12:31:24] MFP cron fallback starting
[2026-08-02 12:31:24] Fallback already ran today (25 actions). Suppressing.
[2026-08-02 13:05:10] Cache: flagged-local.json (created 2026-06-12 07:04:49), 25 actions
[2026-08-02 13:05:10] Fallback already ran today (25 actions). Suppressing.
[2026-08-02 13:21:32] Cache: flagged-local.json (created 2026-06-12 07:04:49), 25 actions
[2026-08-02 13:21:32] Fallback already ran today (25 actions). Suppressing.
[2026-08-02 13:37:03] BLOCKED: Session 0 (use VBS startup script)
[2026-08-02 14:09:39] ============================================================
[2026-08-02 14:09:39] MFP cron fallback starting
[2026-08-02 14:09:39] Fallback already ran today (25 actions). Suppressing.
[2026-08-02 14:25:47] ============================================================
[2026-08-02 14:25:47] MFP Flagged Email Sync starting (direct mode)
[2026-08-02 14:28:48] ERROR: Outlook COM dispatch failed: (-2147418111, 'Call was rejected by callee.', None, None)
[2026-08-02 14:44:00] BLOCKED: Session 0 (use VBS startup script)
[2026-08-02 14:44:33] Cache: flagged-local.json (created 2026-06-12 07:04:49), 25 actions
[2026-08-02 14:44:33] Fallback already ran today (25 actions). Suppressing.
[2026-08-02 15:00:27] Cache: flagged-local.json (created 2026-06-12 07:04:49), 25 actions
[2026-08-02 15:00:27] Fallback already ran today (25 actions). Suppressing.
[2026-08-02 15:49:17] BLOCKED: Session 0 (use VBS startup script)
[2026-08-02 16:22:01] ============================================================
[2026-08-02 16:22:01] MFP cron fallback starting
[2026-08-02 16:22:01] Fallback already ran today (25 actions). Suppressing.
[2026-08-02 16:54:23] BLOCKED: Session 0 (use VBS startup script)
[2026-08-02 17:12:27] Cache: flagged-local.json (created 2026-06-12 07:04:49), 25 actions
[2026-08-02 17:12:27] Fallback already ran today (25 actions). Suppressing.
[2026-08-02 17:29:25] Cache: flagged-local.json (created 2026-06-12 07:04:49), 25 actions
[2026-08-02 17:29:25] Fallback already ran today (25 actions). Suppressing.
[2026-08-02 18:02:12] BLOCKED: Session 0 (use VBS startup script)
[2026-08-02 19:07:19] BLOCKED: Session 0 (use VBS startup script)
[2026-08-02 19:41:30] Cache: flagged-local.json (created 2026-06-12 07:04:49), 25 actions
[2026-08-02 19:41:30] Fallback already ran today (25 actions). Suppressing.
[2026-08-02 20:29:29] BLOCKED: Session 0 (use VBS startup script)
[2026-08-02 20:30:38] Cache: flagged-local.json (created 2026-06-12 07:04:49), 25 actions
[2026-08-02 20:30:38] Posting 25 actions to Playbook API...
[2026-08-02 20:30:39] CRON FALLBACK: Pushed cached local backup (25 actions) to Playbook API
[2026-08-02 20:30:39] Playbook API response: status=ok, count=25, stored_at=2026-08-03T00:30:39.074Z
[2026-08-02 20:30:39] Result: 25 actions synced to Playbook
[2026-08-02 20:47:49] Cache: flagged-local.json (created 2026-06-12 07:04:49), 25 actions
[2026-08-02 20:47:49] Posting 25 actions to Playbook API...
[2026-08-02 20:47:50] CRON FALLBACK: Pushed cached local backup (25 actions) to Playbook API
[2026-08-02 20:47:50] Playbook API response: status=ok, count=25, stored_at=2026-08-03T00:47:49.942Z
[2026-08-02 20:47:50] Result: 25 actions synced to Playbook
[2026-08-02 21:07:24] Cache: flagged-local.json (created 2026-06-12 07:04:49), 25 actions
[2026-08-02 21:07:24] Posting 25 actions to Playbook API...
[2026-08-02 21:07:25] CRON FALLBACK: Pushed cached local backup (25 actions) to Playbook API
[2026-08-02 21:07:25] Playbook API response: status=ok, count=25, stored_at=2026-08-03T01:07:25.490Z
[2026-08-02 21:07:25] Result: 25 actions synced to Playbook
[2026-08-02 21:24:18] Cache: flagged-local.json (created 2026-06-12 07:04:49), 25 actions
[2026-08-02 21:24:18] Posting 25 actions to Playbook API...
[2026-08-02 21:24:19] CRON FALLBACK: Pushed cached local backup (25 actions) to Playbook API
[2026-08-02 21:24:19] Playbook API response: status=ok, count=25, stored_at=2026-08-03T01:24:19.052Z
[2026-08-02 21:24:19] Result: 25 actions synced to Playbook
[2026-08-02 21:40:53] BLOCKED: Session 0 (use VBS startup script)
[2026-08-02 22:14:54] ============================================================
[2026-08-02 22:14:54] MFP Flagged Email Sync starting (direct mode)
[2026-08-02 22:17:55] ERROR: Outlook COM dispatch failed: (-2147418111, 'Call was rejected by callee.', None, None)
[2026-08-02 22:50:28] BLOCKED: Session 0 (use VBS startup script)
[2026-08-02 23:24:44] Cache: flagged-local.json (created 2026-06-12 07:04:49), 25 actions
[2026-08-02 23:24:44] Posting 25 actions to Playbook API...
[2026-08-02 23:24:45] CRON FALLBACK: Pushed cached local backup (25 actions) to Playbook API
[2026-08-02 23:24:45] Playbook API response: status=ok, count=25, stored_at=2026-08-03T03:24:44.883Z
[2026-08-02 23:24:45] Result: 25 actions synced to Playbook
[2026-08-03 00:01:27] BLOCKED: Session 0 (use VBS startup script)
[2026-08-03 00:20:00] Cache: flagged-local.json (created 2026-06-12 07:04:49), 25 actions
[2026-08-03 00:20:00] Posting 25 actions to Playbook API...
[2026-08-03 00:20:00] CRON FALLBACK: Pushed cached local backup (25 actions) to Playbook API
[2026-08-03 00:20:00] Playbook API response: status=ok, count=25, stored_at=2026-08-03T04:20:00.649Z
[2026-08-03 00:20:00] Result: 25 actions synced to Playbook
[2026-08-03 00:37:36] Cache: flagged-local.json (created 2026-06-12 07:04:49), 25 actions
[2026-08-03 00:37:36] Fallback already ran today (25 actions). Suppressing.
[2026-08-03 00:54:28] Cache: flagged-local.json (created 2026-06-12 07:04:49), 25 actions
[2026-08-03 00:54:28] Fallback already ran today (25 actions). Suppressing.
[2026-08-03 01:10:56] BLOCKED: Session 0 (use VBS startup script)
[2026-08-03 01:11:01] Cache: flagged-local.json (created 2026-06-12 07:04:49), 25 actions
[2026-08-03 01:11:01] Fallback already ran today (25 actions). Suppressing.
[2026-08-03 01:28:21] ============================================================
[2026-08-03 01:28:21] MFP cron fallback starting
[2026-08-03 01:28:21] Fallback already ran today (25 actions). Suppressing.
[2026-08-03 02:18:31] BLOCKED: Session 0 (use VBS startup script)
[2026-08-03 02:18:39] Cache: flagged-local.json (created 2026-06-12 07:04:49), 25 actions
[2026-08-03 02:18:39] Fallback already ran today (25 actions). Suppressing.
[2026-08-03 02:53:24] ============================================================
[2026-08-03 02:53:24] MFP cron fallback starting
[2026-08-03 02:53:24] Fallback already ran today (25 actions). Suppressing.
[2026-08-03 03:11:58] Cache: flagged-local.json (created 2026-06-12 07:04:49), 25 actions
[2026-08-03 03:11:58] Fallback already ran today (25 actions). Suppressing.
[2026-08-03 03:44:27] BLOCKED: Session 0 (use VBS startup script)
[2026-08-03 04:36:19] Cache: flagged-local.json (created 2026-06-12 07:04:49), 25 actions
[2026-08-03 04:36:19] Fallback already ran today (25 actions). Suppressing.
[2026-08-03 04:52:40] BLOCKED: Session 0 (use VBS startup script)
[2026-08-03 04:52:58] Cache: flagged-local.json (created 2026-06-12 07:04:49), 25 actions
[2026-08-03 04:52:58] Fallback already ran today (25 actions). Suppressing.
[2026-08-03 05:11:20] Cache: flagged-local.json (created 2026-06-12 07:04:49), 25 actions
[2026-08-03 05:11:20] Fallback already ran today (25 actions). Suppressing.
[2026-08-03 05:28:31] Cache: flagged-local.json (created 2026-06-12 07:04:49), 25 actions
[2026-08-03 05:28:31] Fallback already ran today (25 actions). Suppressing.
[2026-08-03 06:01:42] BLOCKED: Session 0 (use VBS startup script)
[2026-08-03 06:02:42] Cache: flagged-local.json (created 2026-06-12 07:04:49), 25 actions
[2026-08-03 06:02:42] Fallback already ran today (25 actions). Suppressing.
[2026-08-03 06:39:59] Cache: flagged-local.json (created 2026-06-12 07:04:49), 25 actions
[2026-08-03 06:39:59] Fallback already ran today (25 actions). Suppressing.
[2026-08-03 06:57:59] ============================================================
[2026-08-03 06:57:59] MFP cron fallback starting
[2026-08-03 06:57:59] Fallback already ran today (25 actions). Suppressing.
[2026-08-03 07:14:01] BLOCKED: Session 0 (use VBS startup script)
[2026-08-03 07:14:26] Cache: flagged-local.json (created 2026-06-12 07:04:49), 25 actions
[2026-08-03 07:14:26] Fallback already ran today (25 actions). Suppressing.
[2026-08-03 07:48:31] Cache: flagged-local.json (created 2026-06-12 07:04:49), 25 actions
[2026-08-03 07:48:31] Fallback already ran today (25 actions). Suppressing.
[2026-08-03 08:23:06] BLOCKED: Session 0 (use VBS startup script)
[2026-08-03 08:24:45] ============================================================
[2026-08-03 08:24:45] MFP cron fallback starting
[2026-08-03 08:24:45] Fallback already ran today (25 actions). Suppressing.
[2026-08-03 08:41:59] Cache: flagged-local.json (created 2026-06-12 07:04:49), 25 actions
[2026-08-03 08:41:59] Fallback already ran today (25 actions). Suppressing.
[2026-08-03 08:57:54] Cache: flagged-local.json (created 2026-06-12 07:04:49), 25 actions
[2026-08-03 08:57:54] Fallback already ran today (25 actions). Suppressing.
[2026-08-03 09:13:51] Cache: flagged-local.json (created 2026-06-12 07:04:49), 25 actions
[2026-08-03 09:13:51] Fallback already ran today (25 actions). Suppressing.
[2026-08-03 09:30:36] BLOCKED: Session 0 (use VBS startup script)
[2026-08-03 09:46:52] Cache: flagged-local.json (created 2026-06-12 07:04:49), 25 actions
[2026-08-03 09:46:52] Fallback already ran today (25 actions). Suppressing.
[2026-08-03 10:21:01] Cache: flagged-local.json (created 2026-06-12 07:04:49), 25 actions
[2026-08-03 10:21:01] Fallback already ran today (25 actions). Suppressing.
[2026-08-03 10:36:54] BLOCKED: Session 0 (use VBS startup script)
[2026-08-03 10:52:51] Cache: flagged-local.json (created 2026-06-12 07:04:49), 25 actions
[2026-08-03 10:52:51] Fallback already ran today (25 actions). Suppressing.
[2026-08-03 11:25:39] Cache: flagged-local.json (created 2026-06-12 07:04:49), 25 actions
[2026-08-03 11:25:39] Fallback already ran today (25 actions). Suppressing.
[2026-08-03 11:41:48] BLOCKED: Session 0 (use VBS startup script)
[2026-08-03 11:59:00] Cache: flagged-local.json (created 2026-06-12 07:04:49), 25 actions
[2026-08-03 11:59:00] Fallback already ran today (25 actions). Suppressing.
[2026-08-03 12:49:42] BLOCKED: Session 0 (use VBS startup script)
[2026-08-03 13:53:44] BLOCKED: Session 0 (use VBS startup script)
[2026-08-03 14:42:51] Cache: flagged-local.json (created 2026-06-12 07:04:49), 25 actions
[2026-08-03 14:42:51] Fallback already ran today (25 actions). Suppressing.
[2026-08-03 14:58:48] BLOCKED: Session 0 (use VBS startup script)
[2026-08-03 14:59:15] Cache: flagged-local.json (created 2026-06-12 07:04:49), 25 actions
[2026-08-03 14:59:15] Fallback already ran today (25 actions). Suppressing.
[2026-08-03 16:03:00] BLOCKED: Session 0 (use VBS startup script)
[2026-08-03 16:03:21] Cache: flagged-local.json (created 2026-06-12 07:04:49), 25 actions
[2026-08-03 16:03:21] Fallback already ran today (25 actions). Suppressing.
[2026-08-03 16:37:28] Cache: flagged-local.json (created 2026-06-12 07:04:49), 25 actions
[2026-08-03 16:37:28] Fallback already ran today (25 actions). Suppressing.
[2026-08-03 17:12:56] BLOCKED: Session 0 (use VBS startup script)
[2026-08-03 18:17:51] BLOCKED: Session 0 (use VBS startup script)
[2026-08-03 18:18:36] ============================================================
[2026-08-03 18:18:36] MFP cron fallback starting
[2026-08-03 18:18:36] Fallback already ran today (25 actions). Suppressing.
[2026-08-03 18:54:29] Cache: flagged-local.json (created 2026-06-12 07:04:49), 25 actions
[2026-08-03 18:54:29] Fallback already ran today (25 actions). Suppressing.
[2026-08-03 19:25:59] BLOCKED: Session 0 (use VBS startup script)
[2026-08-03 19:26:11] Cache: flagged-local.json (created 2026-06-12 07:04:49), 25 actions
[2026-08-03 19:26:11] Fallback already ran today (25 actions). Suppressing.
[2026-08-03 20:32:04] BLOCKED: Session 0 (use VBS startup script)
[2026-08-03 20:50:14] Cache: flagged-local.json (created 2026-06-12 07:04:49), 25 actions
[2026-08-03 20:50:14] Posting 25 actions to Playbook API...
[2026-08-03 20:50:15] CRON FALLBACK: Pushed cached local backup (25 actions) to Playbook API
[2026-08-03 20:50:15] Playbook API response: status=ok, count=25, stored_at=2026-08-04T00:50:15.410Z
[2026-08-03 20:50:15] Result: 25 actions synced to Playbook
[2026-08-03 23:47:54] BLOCKED: Session 0 (use VBS startup script)
[2026-08-03 23:48:32] Cache: flagged-local.json (created 2026-06-12 07:04:49), 25 actions
[2026-08-03 23:48:32] Posting 25 actions to Playbook API...
[2026-08-03 23:48:33] CRON FALLBACK: Pushed cached local backup (25 actions) to Playbook API
[2026-08-03 23:48:33] Playbook API response: status=ok, count=25, stored_at=2026-08-04T03:48:33.104Z
[2026-08-03 23:48:33] Result: 25 actions synced to Playbook
[2026-08-04 00:04:33] ============================================================
[2026-08-04 00:04:33] MFP Flagged Email Sync starting (direct mode)
[2026-08-04 00:07:00] Cache: flagged-local.json (created 2026-06-12 07:04:49), 25 actions
[2026-08-04 00:07:00] Posting 25 actions to Playbook API...
[2026-08-04 00:07:00] CRON FALLBACK: Pushed cached local backup (25 actions) to Playbook API
[2026-08-04 00:07:00] Playbook API response: status=ok, count=25, stored_at=2026-08-04T04:07:00.549Z
[2026-08-04 00:07:00] Result: 25 actions synced to Playbook
[2026-08-04 00:07:34] ERROR: Outlook COM dispatch failed: (-2147418111, 'Call was rejected by callee.', None, None)
[2026-08-04 01:28:15] BLOCKED: Session 0 (use VBS startup script)
[2026-08-04 01:51:04] ============================================================
[2026-08-04 01:51:04] MFP Cron Sync starting
[2026-08-04 01:51:04] Cache: flagged-local.json (modified 2026-06-12 07:04:49.733070), 25 actions
[2026-08-04 01:51:04] Posting 25 actions to Playbook API...
[2026-08-04 01:51:05] CRON FALLBACK: Pushed cached local backup (25 actions) to Playbook API
[2026-08-04 01:51:05] Playbook API response: status=ok, count=25, stored_at=2026-08-04T05:51:04.679Z
[2026-08-04 01:51:05] Result: 25 actions synced to Playbook
[2026-08-04 02:43:39] BLOCKED: Session 0 (use VBS startup script)
[2026-08-04 03:03:57] ============================================================
[2026-08-04 03:03:57] MFP Cron Sync starting
[2026-08-04 03:03:57] Cache: flagged-local.json (modified 2026-06-12 07:04:49.733070), 25 actions
[2026-08-04 03:03:57] Posting 25 actions to Playbook API...
[2026-08-04 03:03:58] CRON FALLBACK: Pushed cached local backup (25 actions) to Playbook API
[2026-08-04 03:03:58] Playbook API response: status=ok, count=25, stored_at=2026-08-04T07:03:57.941Z
[2026-08-04 03:03:58] Result: 25 actions synced to Playbook
[2026-08-04 03:20:36] ============================================================
[2026-08-04 03:20:36] MFP Flagged Email Sync starting (direct mode)
[2026-08-04 03:23:37] ERROR: Outlook COM dispatch failed: (-2147418111, 'Call was rejected by callee.', None, None)
[2026-08-04 03:23:58] ============================================================
[2026-08-04 03:23:58] MFP Cron Sync starting
[2026-08-04 03:23:58] Cache: flagged-local.json (modified 2026-06-12 07:04:49.733070), 25 actions
[2026-08-04 03:23:58] Posting 25 actions to Playbook API...
[2026-08-04 03:23:59] CRON FALLBACK: Pushed cached local backup (25 actions) to Playbook API
[2026-08-04 03:23:59] Playbook API response: status=ok, count=25, stored_at=2026-08-04T07:23:59.139Z
[2026-08-04 03:23:59] Result: 25 actions synced to Playbook
[2026-08-04 03:41:01] Cache: flagged-local.json (created 2026-06-12 07:04:49), 25 actions
[2026-08-04 03:41:01] Fallback already ran today (25 actions). Suppressing.
[2026-08-04 03:58:32] BLOCKED: Session 0 (use VBS startup script)
[2026-08-04 04:16:17] Cache: flagged-local.json (created 2026-06-12 07:04:49), 25 actions
[2026-08-04 04:16:17] Fallback already ran today (25 actions). Suppressing.
[2026-08-04 05:05:17] BLOCKED: Session 0 (use VBS startup script)
[2026-08-04 05:06:05] ============================================================
[2026-08-04 05:06:05] MFP Cron Sync starting
[2026-08-04 05:06:05] Cache: flagged-local.json (modified 2026-06-12 07:04:49.733070), 25 actions
[2026-08-04 05:06:05] Posting 25 actions to Playbook API...
[2026-08-04 05:06:06] CRON FALLBACK: Pushed cached local backup (25 actions) to Playbook API
[2026-08-04 05:06:06] Playbook API response: status=ok, count=25, stored_at=2026-08-04T09:06:05.690Z
[2026-08-04 05:06:06] Result: 25 actions synced to Playbook
============================================================
[2026-08-04 05:44:40] MFP Cron Sync starting
[2026-08-04 05:44:40] Cache: flagged-local.json, 25 actions
[2026-08-04 05:44:40] LUCI cron fallback: Pushed cached backup (25 actions) to Playbook API
============================================================
[2026-08-04 06:02:14] ============================================================
[2026-08-04 06:02:14] MFP Cron Sync starting
[2026-08-04 06:02:14] Cache: flagged-local.json (modified 2026-06-12 07:04:49.733070), 25 actions
[2026-08-04 06:02:14] Posting 25 actions to Playbook API...
[2026-08-04 06:02:15] CRON FALLBACK: Pushed cached local backup (25 actions) to Playbook API
[2026-08-04 06:02:15] Playbook API response: status=ok, count=25, stored_at=2026-08-04T10:02:14.557Z
[2026-08-04 06:02:15] Result: 25 actions synced to Playbook
[2026-08-04 06:18:37] BLOCKED: Session 0 (use VBS startup script)
[2026-08-04 06:19:18] ============================================================
[2026-08-04 06:19:18] MFP Cron Sync starting
[2026-08-04 06:19:18] Cache: flagged-local.json (modified 2026-06-12 07:04:49.733070), 25 actions
[2026-08-04 06:19:18] Posting 25 actions to Playbook API...
[2026-08-04 06:19:19] CRON FALLBACK: Pushed cached local backup (25 actions) to Playbook API
[2026-08-04 06:19:19] Playbook API response: status=ok, count=25, stored_at=2026-08-04T10:19:18.816Z
[2026-08-04 06:19:19] Result: 25 actions synced to Playbook
[2026-08-04 06:37:35] ============================================================
[2026-08-04 06:37:35] MFP cron fallback starting
[2026-08-04 06:37:35] Fallback already ran today (25 actions). Suppressing.
[2026-08-04 07:09:38] ============================================================
[2026-08-04 07:09:38] MFP Cron Sync starting
[2026-08-04 07:09:38] Cache: flagged-local.json (modified 2026-06-12 07:04:49.733070), 25 actions
[2026-08-04 07:09:38] Posting 25 actions to Playbook API...
[2026-08-04 07:09:39] CRON FALLBACK: Pushed cached local backup (25 actions) to Playbook API
[2026-08-04 07:09:39] Playbook API response: status=ok, count=25, stored_at=2026-08-04T11:09:38.995Z
[2026-08-04 07:09:39] Result: 25 actions synced to Playbook
[2026-08-04 07:26:26] BLOCKED: Session 0 (use VBS startup script)
[2026-08-04 07:26:46] ============================================================
[2026-08-04 07:26:46] MFP Cron Sync starting
[2026-08-04 07:26:46] Cache: flagged-local.json (modified 2026-06-12 07:04:49.733070), 25 actions
[2026-08-04 07:26:46] Posting 25 actions to Playbook API...
[2026-08-04 07:26:46] CRON FALLBACK: Pushed cached local backup (25 actions) to Playbook API
[2026-08-04 07:26:46] Playbook API response: status=ok, count=25, stored_at=2026-08-04T11:26:46.198Z
[2026-08-04 07:26:46] Result: 25 actions synced to Playbook
[2026-08-04 07:42:43] ============================================================
[2026-08-04 07:42:43] MFP Cron Sync starting
[2026-08-04 07:42:43] Cache: flagged-local.json (modified 2026-06-12 07:04:49.733070), 25 actions
[2026-08-04 07:42:43] Posting 25 actions to Playbook API...
[2026-08-04 07:42:44] CRON FALLBACK: Pushed cached local backup (25 actions) to Playbook API
[2026-08-04 07:42:44] Playbook API response: status=ok, count=25, stored_at=2026-08-04T11:42:44.073Z
[2026-08-04 07:42:44] Result: 25 actions synced to Playbook
[2026-08-04 07:59:39] ============================================================
[2026-08-04 07:59:39] MFP Cron Sync starting
[2026-08-04 07:59:39] Cache: flagged-local.json (modified 2026-06-12 07:04:49.733070), 25 actions
[2026-08-04 07:59:39] Posting 25 actions to Playbook API...
[2026-08-04 07:59:40] CRON FALLBACK: Pushed cached local backup (25 actions) to Playbook API
[2026-08-04 07:59:40] Playbook API response: status=ok, count=25, stored_at=2026-08-04T11:59:39.618Z
[2026-08-04 07:59:40] Result: 25 actions synced to Playbook
[2026-08-04 08:17:18] ============================================================
[2026-08-04 08:17:18] MFP Cron Sync starting
[2026-08-04 08:17:18] Cache: flagged-local.json (modified 2026-06-12 07:04:49.733070), 25 actions
[2026-08-04 08:17:18] Posting 25 actions to Playbook API...
[2026-08-04 08:17:18] CRON FALLBACK: Pushed cached local backup (25 actions) to Playbook API
[2026-08-04 08:17:18] Playbook API response: status=ok, count=25, stored_at=2026-08-04T12:17:18.417Z
[2026-08-04 08:17:18] Result: 25 actions synced to Playbook
[2026-08-04 08:33:31] BLOCKED: Session 0 (use VBS startup script)
[2026-08-04 08:34:27] ============================================================
[2026-08-04 08:34:27] MFP Cron Sync starting
[2026-08-04 08:34:27] Cache: flagged-local.json (modified 2026-06-12 07:04:49.733070), 25 actions
[2026-08-04 08:34:27] Posting 25 actions to Playbook API...
[2026-08-04 08:34:27] CRON FALLBACK: Pushed cached local backup (25 actions) to Playbook API
[2026-08-04 08:34:27] Playbook API response: status=ok, count=25, stored_at=2026-08-04T12:34:27.453Z
[2026-08-04 08:34:27] Result: 25 actions synced to Playbook
[2026-08-04 08:50:35] ============================================================
[2026-08-04 08:50:35] MFP Cron Sync starting
[2026-08-04 08:50:35] Cache: flagged-local.json (modified 2026-06-12 07:04:49.733070), 25 actions
[2026-08-04 08:50:35] Posting 25 actions to Playbook API...
[2026-08-04 08:50:36] CRON FALLBACK: Pushed cached local backup (25 actions) to Playbook API
[2026-08-04 08:50:36] Playbook API response: status=ok, count=25, stored_at=2026-08-04T12:50:36.059Z
[2026-08-04 08:50:36] Result: 25 actions synced to Playbook
[2026-08-04 09:07:06] ============================================================
[2026-08-04 09:07:06] MFP Cron Sync starting
[2026-08-04 09:07:06] Cache: flagged-local.json (modified 2026-06-12 07:04:49.733070), 25 actions
[2026-08-04 09:07:06] Posting 25 actions to Playbook API...
[2026-08-04 09:07:07] CRON FALLBACK: Pushed cached local backup (25 actions) to Playbook API
[2026-08-04 09:07:07] Playbook API response: status=ok, count=25, stored_at=2026-08-04T13:07:07.039Z
[2026-08-04 09:07:07] Result: 25 actions synced to Playbook
[2026-08-04 09:24:51] ============================================================
[2026-08-04 09:24:51] MFP Cron Sync starting
[2026-08-04 09:24:51] Cache: flagged-local.json (modified 2026-06-12 07:04:49.733070), 25 actions
[2026-08-04 09:24:51] Posting 25 actions to Playbook API...
[2026-08-04 09:24:52] CRON FALLBACK: Pushed cached local backup (25 actions) to Playbook API
[2026-08-04 09:24:52] Playbook API response: status=ok, count=25, stored_at=2026-08-04T13:24:52.018Z
[2026-08-04 09:24:52] Result: 25 actions synced to Playbook
[2026-08-04 09:40:30] BLOCKED: Session 0 (use VBS startup script)
[2026-08-04 09:41:30] Cache: flagged-local.json (created 2026-06-12 07:04:49), 25 actions
[2026-08-04 09:41:30] Fallback already ran today (25 actions). Suppressing.
[2026-08-04 09:58:42] ============================================================
[2026-08-04 09:58:42] MFP Flagged Email Sync starting (direct mode)
[2026-08-04 09:59:58] ============================================================
[2026-08-04 09:59:58] MFP Cron Sync starting
[2026-08-04 09:59:58] Cache: flagged-local.json (modified 2026-06-12 07:04:49.733070), 25 actions
[2026-08-04 09:59:58] Posting 25 actions to Playbook API...
[2026-08-04 09:59:59] CRON FALLBACK: Pushed cached local backup (25 actions) to Playbook API
[2026-08-04 09:59:59] Playbook API response: status=ok, count=25, stored_at=2026-08-04T13:59:58.956Z
[2026-08-04 09:59:59] Result: 25 actions synced to Playbook
[2026-08-04 10:01:43] ERROR: Outlook COM dispatch failed: (-2147418111, 'Call was rejected by callee.', None, None)
[2026-08-04 10:16:58] ============================================================
[2026-08-04 10:16:58] MFP Cron Sync starting
[2026-08-04 10:16:58] Cache: flagged-local.json (modified 2026-06-12 07:04:49.733070), 25 actions
[2026-08-04 10:16:58] Posting 25 actions to Playbook API...
[2026-08-04 10:16:59] CRON FALLBACK: Pushed cached local backup (25 actions) to Playbook API
[2026-08-04 10:16:59] Playbook API response: status=ok, count=25, stored_at=2026-08-04T14:16:59.283Z
[2026-08-04 10:16:59] Result: 25 actions synced to Playbook
[2026-08-04 10:33:01] ============================================================
[2026-08-04 10:33:01] MFP Flagged Email Sync starting (direct mode)
[2026-08-04 10:36:02] ERROR: Outlook COM dispatch failed: (-2147418111, 'Call was rejected by callee.', None, None)
[2026-08-04 10:37:28] ============================================================
[2026-08-04 10:37:28] MFP Cron Sync starting
[2026-08-04 10:37:28] Cache: flagged-local.json (modified 2026-06-12 07:04:49.733070), 25 actions
[2026-08-04 10:37:28] Posting 25 actions to Playbook API...
[2026-08-04 10:37:29] CRON FALLBACK: Pushed cached local backup (25 actions) to Playbook API
[2026-08-04 10:37:29] Playbook API response: status=ok, count=25, stored_at=2026-08-04T14:37:29.205Z
[2026-08-04 10:37:29] Result: 25 actions synced to Playbook
[2026-08-04 10:53:54] ============================================================
[2026-08-04 10:53:54] MFP Cron Sync starting
[2026-08-04 10:53:54] Cache: flagged-local.json (modified 2026-06-12 07:04:49.733070), 25 actions
[2026-08-04 10:53:54] Posting 25 actions to Playbook API...
[2026-08-04 10:53:54] CRON FALLBACK: Pushed cached local backup (25 actions) to Playbook API
[2026-08-04 10:53:54] Playbook API response: status=ok, count=25, stored_at=2026-08-04T14:53:54.501Z
[2026-08-04 10:53:54] Result: 25 actions synced to Playbook
[2026-08-04 11:10:32] BLOCKED: Session 0 (use VBS startup script)
[2026-08-04 11:10:39] ============================================================
[2026-08-04 11:10:39] MFP Cron Sync starting
[2026-08-04 11:10:39] Cache: flagged-local.json (modified 2026-06-12 07:04:49.733070), 25 actions
[2026-08-04 11:10:39] Posting 25 actions to Playbook API...
[2026-08-04 11:10:40] CRON FALLBACK: Pushed cached local backup (25 actions) to Playbook API
[2026-08-04 11:10:40] Playbook API response: status=ok, count=25, stored_at=2026-08-04T15:10:40.126Z
[2026-08-04 11:10:40] Result: 25 actions synced to Playbook
[2026-08-04 11:26:44] ============================================================
[2026-08-04 11:26:44] MFP Cron Sync starting
[2026-08-04 11:26:44] Cache: flagged-local.json (modified 2026-06-12 07:04:49.733070), 25 actions
[2026-08-04 11:26:44] Posting 25 actions to Playbook API...
[2026-08-04 11:26:44] CRON FALLBACK: Pushed cached local backup (25 actions) to Playbook API
[2026-08-04 11:26:44] Playbook API response: status=ok, count=25, stored_at=2026-08-04T15:26:44.382Z
[2026-08-04 11:26:44] Result: 25 actions synced to Playbook
[2026-08-04 11:43:13] ============================================================
[2026-08-04 11:43:13] MFP cron fallback starting
[2026-08-04 11:43:13] Fallback already ran today (25 actions). Suppressing.
[2026-08-04 12:15:37] BLOCKED: Session 0 (use VBS startup script)
[2026-08-04 12:47:48] ============================================================
[2026-08-04 12:47:48] MFP Cron Sync starting
[2026-08-04 12:47:48] Cache: flagged-local.json (modified 2026-06-12 07:04:49.733070), 25 actions
[2026-08-04 12:47:48] Posting 25 actions to Playbook API...
[2026-08-04 12:47:49] CRON FALLBACK: Pushed cached local backup (25 actions) to Playbook API
[2026-08-04 12:47:49] Playbook API response: status=ok, count=25, stored_at=2026-08-04T16:47:48.674Z
[2026-08-04 12:47:49] Result: 25 actions synced to Playbook
[2026-08-04 13:03:53] ============================================================
[2026-08-04 13:03:53] MFP Cron Sync starting
[2026-08-04 13:03:53] Cache: flagged-local.json (modified 2026-06-12 07:04:49.733070), 25 actions
[2026-08-04 13:03:53] Posting 25 actions to Playbook API...
[2026-08-04 13:03:54] CRON FALLBACK: Pushed cached local backup (25 actions) to Playbook API
[2026-08-04 13:03:54] Playbook API response: status=ok, count=25, stored_at=2026-08-04T17:03:53.810Z
[2026-08-04 13:03:54] Result: 25 actions synced to Playbook
[2026-08-04 13:20:12] Cache: flagged-local.json (created 2026-06-12 07:04:49), 25 actions
[2026-08-04 13:20:12] Fallback already ran today (25 actions). Suppressing.
[2026-08-04 13:35:32] BLOCKED: Session 0 (use VBS startup script)
[2026-08-04 13:51:49] ============================================================
[2026-08-04 13:51:49] MFP Cron Sync starting
[2026-08-04 13:51:49] Cache: flagged-local.json (modified 2026-06-12 07:04:49.733070), 25 actions
[2026-08-04 13:51:49] Posting 25 actions to Playbook API...
[2026-08-04 13:51:50] CRON FALLBACK: Pushed cached local backup (25 actions) to Playbook API
[2026-08-04 13:51:50] Playbook API response: status=ok, count=25, stored_at=2026-08-04T17:51:50.129Z
[2026-08-04 13:51:50] Result: 25 actions synced to Playbook
[2026-08-04 14:07:57] ============================================================
[2026-08-04 14:07:57] MFP Cron Sync starting
[2026-08-04 14:07:57] Cache: flagged-local.json (modified 2026-06-12 07:04:49.733070), 25 actions
[2026-08-04 14:07:57] Posting 25 actions to Playbook API...
[2026-08-04 14:07:58] CRON FALLBACK: Pushed cached local backup (25 actions) to Playbook API
[2026-08-04 14:07:58] Playbook API response: status=ok, count=25, stored_at=2026-08-04T18:07:58.018Z
[2026-08-04 14:07:58] Result: 25 actions synced to Playbook
[2026-08-04 14:39:39] BLOCKED: Session 0 (use VBS startup script)
[2026-08-04 14:57:46] ============================================================
[2026-08-04 14:57:46] MFP Cron Sync starting
[2026-08-04 14:57:46] Cache: flagged-local.json (modified 2026-06-12 07:04:49.733070), 25 actions
[2026-08-04 14:57:46] Posting 25 actions to Playbook API...
[2026-08-04 14:57:47] CRON FALLBACK: Pushed cached local backup (25 actions) to Playbook API
[2026-08-04 14:57:47] Playbook API response: status=ok, count=25, stored_at=2026-08-04T18:57:46.851Z
[2026-08-04 14:57:47] Result: 25 actions synced to Playbook
[2026-08-04 15:14:20] ============================================================
[2026-08-04 15:14:20] MFP Cron Sync starting
[2026-08-04 15:14:20] Cache: flagged-local.json (modified 2026-06-12 07:04:49.733070), 25 actions
[2026-08-04 15:14:20] Posting 25 actions to Playbook API...
[2026-08-04 15:14:21] CRON FALLBACK: Pushed cached local backup (25 actions) to Playbook API
[2026-08-04 15:14:21] Playbook API response: status=ok, count=25, stored_at=2026-08-04T19:14:21.074Z
[2026-08-04 15:14:21] Result: 25 actions synced to Playbook
[2026-08-04 15:31:42] ============================================================
[2026-08-04 15:31:42] MFP Cron Sync starting
[2026-08-04 15:31:42] Cache: flagged-local.json (modified 2026-06-12 07:04:49.733070), 25 actions
[2026-08-04 15:31:42] Posting 25 actions to Playbook API...
[2026-08-04 15:31:43] CRON FALLBACK: Pushed cached local backup (25 actions) to Playbook API
[2026-08-04 15:31:43] Playbook API response: status=ok, count=25, stored_at=2026-08-04T19:31:42.909Z
[2026-08-04 15:31:43] Result: 25 actions synced to Playbook
[2026-08-04 15:47:33] BLOCKED: Session 0 (use VBS startup script)
[2026-08-04 15:50:17] ============================================================
[2026-08-04 15:50:17] MFP Cron Sync starting
[2026-08-04 15:50:17] Cache: flagged-local.json (modified 2026-06-12 07:04:49.733070), 25 actions
[2026-08-04 15:50:17] Posting 25 actions to Playbook API...
[2026-08-04 15:50:17] CRON FALLBACK: Pushed cached local backup (25 actions) to Playbook API
[2026-08-04 15:50:17] Playbook API response: status=ok, count=25, stored_at=2026-08-04T19:50:17.325Z
[2026-08-04 15:50:17] Result: 25 actions synced to Playbook
[2026-08-04 16:06:48] ============================================================
[2026-08-04 16:06:48] MFP Cron Sync starting
[2026-08-04 16:06:48] Cache: flagged-local.json (modified 2026-06-12 07:04:49.733070), 25 actions
[2026-08-04 16:06:48] Posting 25 actions to Playbook API...
[2026-08-04 16:06:49] CRON FALLBACK: Pushed cached local backup (25 actions) to Playbook API
[2026-08-04 16:06:49] Playbook API response: status=ok, count=25, stored_at=2026-08-04T20:06:48.688Z
[2026-08-04 16:06:49] Result: 25 actions synced to Playbook
[2026-08-04 16:23:10] Cache: flagged-local.json (created 2026-06-12 07:04:49), 25 actions
[2026-08-04 16:23:10] Fallback already ran today (25 actions). Suppressing.
[2026-08-04 16:38:44] ============================================================
[2026-08-04 16:38:44] MFP Cron Sync starting
[2026-08-04 16:38:44] Cache: flagged-local.json (modified 2026-06-12 07:04:49.733070), 25 actions
[2026-08-04 16:38:44] Posting 25 actions to Playbook API...
[2026-08-04 16:38:45] CRON FALLBACK: Pushed cached local backup (25 actions) to Playbook API
[2026-08-04 16:38:45] Playbook API response: status=ok, count=25, stored_at=2026-08-04T20:38:44.772Z
[2026-08-04 16:38:45] Result: 25 actions synced to Playbook
[2026-08-04 16:54:36] BLOCKED: Session 0 (use VBS startup script)
[2026-08-04 16:54:56] ============================================================
[2026-08-04 16:54:56] MFP Cron Sync starting
[2026-08-04 16:54:56] Cache: flagged-local.json (modified 2026-06-12 07:04:49.733070), 25 actions
[2026-08-04 16:54:56] Posting 25 actions to Playbook API...
[2026-08-04 16:54:57] CRON FALLBACK: Pushed cached local backup (25 actions) to Playbook API
[2026-08-04 16:54:57] Playbook API response: status=ok, count=25, stored_at=2026-08-04T20:54:56.930Z
[2026-08-04 16:54:57] Result: 25 actions synced to Playbook
[2026-08-04 17:44:26] ============================================================
[2026-08-04 17:44:26] MFP Cron Sync starting
[2026-08-04 17:44:26] Cache: flagged-local.json (modified 2026-06-12 07:04:49.733070), 25 actions
[2026-08-04 17:44:26] Posting 25 actions to Playbook API...
[2026-08-04 17:44:26] CRON FALLBACK: Pushed cached local backup (25 actions) to Playbook API
[2026-08-04 17:44:26] Playbook API response: status=ok, count=25, stored_at=2026-08-04T21:44:26.412Z
[2026-08-04 17:44:26] Result: 25 actions synced to Playbook
[2026-08-04 18:00:42] BLOCKED: Session 0 (use VBS startup script)
[2026-08-04 19:05:52] BLOCKED: Session 0 (use VBS startup script)
[2026-08-04 19:06:29] Cache: flagged-local.json (created 2026-06-12 07:04:49), 25 actions
[2026-08-04 19:06:29] Fallback already ran today (25 actions). Suppressing.
[2026-08-04 19:40:01] ============================================================
[2026-08-04 19:40:01] MFP Cron Sync starting
[2026-08-04 19:40:01] Cache: flagged-local.json (modified 2026-06-12 07:04:49.733070), 25 actions
[2026-08-04 19:40:01] Posting 25 actions to Playbook API...
[2026-08-04 19:40:02] CRON FALLBACK: Pushed cached local backup (25 actions) to Playbook API
[2026-08-04 19:40:02] Playbook API response: status=ok, count=25, stored_at=2026-08-04T23:40:01.655Z
[2026-08-04 19:40:02] Result: 25 actions synced to Playbook
[2026-08-04 19:56:53] ============================================================
[2026-08-04 19:56:53] MFP Cron Sync starting
[2026-08-04 19:56:53] Cache: flagged-local.json (modified 2026-06-12 07:04:49.733070), 25 actions
[2026-08-04 19:56:53] Posting 25 actions to Playbook API...
[2026-08-04 19:56:54] CRON FALLBACK: Pushed cached local backup (25 actions) to Playbook API
[2026-08-04 19:56:54] Playbook API response: status=ok, count=25, stored_at=2026-08-04T23:56:53.508Z
[2026-08-04 19:56:54] Result: 25 actions synced to Playbook
[2026-08-04 20:13:19] BLOCKED: Session 0 (use VBS startup script)
[2026-08-04 21:03:47] ============================================================
[2026-08-04 21:03:47] MFP Cron Sync starting
[2026-08-04 21:03:47] Cache: flagged-local.json (modified 2026-06-12 07:04:49.733070), 25 actions
[2026-08-04 21:03:47] Posting 25 actions to Playbook API...
[2026-08-04 21:03:47] CRON FALLBACK: Pushed cached local backup (25 actions) to Playbook API
[2026-08-04 21:03:47] Playbook API response: status=ok, count=25, stored_at=2026-08-05T01:03:47.191Z
[2026-08-04 21:03:47] Result: 25 actions synced to Playbook
[2026-08-04 21:19:55] BLOCKED: Session 0 (use VBS startup script)
[2026-08-04 21:20:44] ============================================================
[2026-08-04 21:20:44] MFP Cron Sync starting
[2026-08-04 21:20:44] Cache: flagged-local.json (modified 2026-06-12 07:04:49.733070), 25 actions
[2026-08-04 21:20:44] Posting 25 actions to Playbook API...
[2026-08-04 21:20:45] CRON FALLBACK: Pushed cached local backup (25 actions) to Playbook API
[2026-08-04 21:20:45] Playbook API response: status=ok, count=25, stored_at=2026-08-05T01:20:44.766Z
[2026-08-04 21:20:45] Result: 25 actions synced to Playbook
[2026-08-04 21:37:35] ============================================================
[2026-08-04 21:37:35] MFP Cron Sync starting
[2026-08-04 21:37:35] Cache: flagged-local.json (modified 2026-06-12 07:04:49.733070), 25 actions
[2026-08-04 21:37:35] Posting 25 actions to Playbook API...
[2026-08-04 21:37:36] CRON FALLBACK: Pushed cached local backup (25 actions) to Playbook API
[2026-08-04 21:37:36] Playbook API response: status=ok, count=25, stored_at=2026-08-05T01:37:35.767Z
[2026-08-04 21:37:36] Result: 25 actions synced to Playbook
[2026-08-04 21:56:00] ============================================================
[2026-08-04 21:56:00] MFP Cron Sync starting
[2026-08-04 21:56:00] Cache: flagged-local.json (modified 2026-06-12 07:04:49.733070), 25 actions
[2026-08-04 21:56:00] Posting 25 actions to Playbook API...
[2026-08-04 21:56:01] CRON FALLBACK: Pushed cached local backup (25 actions) to Playbook API
[2026-08-04 21:56:01] Playbook API response: status=ok, count=25, stored_at=2026-08-05T01:56:01.022Z
[2026-08-04 21:56:01] Result: 25 actions synced to Playbook
[2026-08-04 22:14:33] ============================================================
[2026-08-04 22:14:33] MFP Cron Sync starting
[2026-08-04 22:14:33] Cache: flagged-local.json (modified 2026-06-12 07:04:49.733070), 25 actions
[2026-08-04 22:14:33] Posting 25 actions to Playbook API...
[2026-08-04 22:14:34] CRON FALLBACK: Pushed cached local backup (25 actions) to Playbook API
[2026-08-04 22:14:34] Playbook API response: status=ok, count=25, stored_at=2026-08-05T02:14:33.789Z
[2026-08-04 22:14:34] Result: 25 actions synced to Playbook
[2026-08-04 22:30:58] ============================================================
[2026-08-04 22:30:58] MFP Cron Sync starting
[2026-08-04 22:30:58] Cache: flagged-local.json (modified 2026-06-12 07:04:49.733070), 25 actions
[2026-08-04 22:30:58] Posting 25 actions to Playbook API...
[2026-08-04 22:30:59] CRON FALLBACK: Pushed cached local backup (25 actions) to Playbook API
[2026-08-04 22:30:59] Playbook API response: status=ok, count=25, stored_at=2026-08-05T02:30:58.980Z
[2026-08-04 22:30:59] Result: 25 actions synced to Playbook
[2026-08-04 22:47:03] BLOCKED: Session 0 (use VBS startup script)
[2026-08-04 22:47:06] ============================================================
[2026-08-04 22:47:06] MFP Cron Sync starting
[2026-08-04 22:47:06] Cache: flagged-local.json (modified 2026-06-12 07:04:49.733070), 25 actions
[2026-08-04 22:47:06] Posting 25 actions to Playbook API...
[2026-08-04 22:47:07] CRON FALLBACK: Pushed cached local backup (25 actions) to Playbook API
[2026-08-04 22:47:07] Playbook API response: status=ok, count=25, stored_at=2026-08-05T02:47:07.250Z
[2026-08-04 22:47:07] Result: 25 actions synced to Playbook
[2026-08-04 23:04:48] ============================================================
[2026-08-04 23:04:48] MFP Cron Sync starting
[2026-08-04 23:04:48] Cache: flagged-local.json (modified 2026-06-12 07:04:49.733070), 25 actions
[2026-08-04 23:04:48] Posting 25 actions to Playbook API...
[2026-08-04 23:04:49] CRON FALLBACK: Pushed cached local backup (25 actions) to Playbook API
[2026-08-04 23:04:49] Playbook API response: status=ok, count=25, stored_at=2026-08-05T03:04:49.111Z
[2026-08-04 23:04:49] Result: 25 actions synced to Playbook
[2026-08-04 23:22:30] ============================================================
[2026-08-04 23:22:30] MFP Cron Sync starting
[2026-08-04 23:22:30] Cache: flagged-local.json (modified 2026-06-12 07:04:49.733070), 25 actions
[2026-08-04 23:22:30] Posting 25 actions to Playbook API...
[2026-08-04 23:22:31] CRON FALLBACK: Pushed cached local backup (25 actions) to Playbook API
[2026-08-04 23:22:31] Playbook API response: status=ok, count=25, stored_at=2026-08-05T03:22:30.596Z
[2026-08-04 23:22:31] Result: 25 actions synced to Playbook
[2026-08-04 23:39:28] ============================================================
[2026-08-04 23:39:28] MFP Cron Sync starting
[2026-08-04 23:39:28] Cache: flagged-local.json (modified 2026-06-12 07:04:49.733070), 25 actions
[2026-08-04 23:39:28] Posting 25 actions to Playbook API...
[2026-08-04 23:39:29] CRON FALLBACK: Pushed cached local backup (25 actions) to Playbook API
[2026-08-04 23:39:29] Playbook API response: status=ok, count=25, stored_at=2026-08-05T03:39:28.714Z
[2026-08-04 23:39:29] Result: 25 actions synced to Playbook
[2026-08-04 23:56:01] BLOCKED: Session 0 (use VBS startup script)
[2026-08-05 00:13:09] ============================================================
[2026-08-05 00:13:09] MFP Cron Sync starting
[2026-08-05 00:13:09] Cache: flagged-local.json (modified 2026-06-12 07:04:49.733070), 25 actions
[2026-08-05 00:13:09] Posting 25 actions to Playbook API...
[2026-08-05 00:13:09] CRON FALLBACK: Pushed cached local backup (25 actions) to Playbook API
[2026-08-05 00:13:09] Playbook API response: status=ok, count=25, stored_at=2026-08-05T04:13:09.130Z
[2026-08-05 00:13:09] Result: 25 actions synced to Playbook
[2026-08-05 00:29:41] ============================================================
[2026-08-05 00:29:41] MFP Cron Sync starting
[2026-08-05 00:29:41] Cache: flagged-local.json (modified 2026-06-12 07:04:49.733070), 25 actions
[2026-08-05 00:29:41] Posting 25 actions to Playbook API...
[2026-08-05 00:29:41] CRON FALLBACK: Pushed cached local backup (25 actions) to Playbook API
[2026-08-05 00:29:41] Playbook API response: status=ok, count=25, stored_at=2026-08-05T04:29:41.277Z
[2026-08-05 00:29:41] Result: 25 actions synced to Playbook
[2026-08-05 00:46:21] ============================================================
[2026-08-05 00:46:21] MFP Cron Sync starting
[2026-08-05 00:46:21] Cache: flagged-local.json (modified 2026-06-12 07:04:49.733070), 25 actions
[2026-08-05 00:46:21] Posting 25 actions to Playbook API...
[2026-08-05 00:46:22] CRON FALLBACK: Pushed cached local backup (25 actions) to Playbook API
[2026-08-05 00:46:22] Playbook API response: status=ok, count=25, stored_at=2026-08-05T04:46:22.127Z
[2026-08-05 00:46:22] Result: 25 actions synced to Playbook
[2026-08-05 01:02:06] BLOCKED: Session 0 (use VBS startup script)
[2026-08-05 01:04:12] ============================================================
[2026-08-05 01:04:12] MFP Cron Sync starting
[2026-08-05 01:04:12] Cache: flagged-local.json (modified 2026-06-12 07:04:49.733070), 25 actions
[2026-08-05 01:04:12] Posting 25 actions to Playbook API...
[2026-08-05 01:04:12] CRON FALLBACK: Pushed cached local backup (25 actions) to Playbook API
[2026-08-05 01:04:12] Playbook API response: status=ok, count=25, stored_at=2026-08-05T05:04:12.303Z
[2026-08-05 01:04:12] Result: 25 actions synced to Playbook
[2026-08-05 01:21:23] ============================================================
[2026-08-05 01:21:23] MFP Cron Sync starting
[2026-08-05 01:21:23] Cache: flagged-local.json (modified 2026-06-12 07:04:49.733070), 25 actions
[2026-08-05 01:21:23] Posting 25 actions to Playbook API...
[2026-08-05 01:21:24] CRON FALLBACK: Pushed cached local backup (25 actions) to Playbook API
[2026-08-05 01:21:24] Playbook API response: status=ok, count=25, stored_at=2026-08-05T05:21:23.787Z
[2026-08-05 01:21:24] Result: 25 actions synced to Playbook
[2026-08-05 01:39:29] Cache: flagged-local.json (created 2026-06-12 07:04:49), 25 actions
[2026-08-05 01:39:29] Fallback already ran today (25 actions). Suppressing.
[2026-08-05 01:58:26] ============================================================
[2026-08-05 01:58:26] MFP cron fallback starting
[2026-08-05 01:58:26] Fallback already ran today (25 actions). Suppressing.
[2026-08-05 02:15:23] BLOCKED: Session 0 (use VBS startup script)
[2026-08-05 02:31:09] ============================================================
[2026-08-05 02:31:09] MFP Cron Sync starting
[2026-08-05 02:31:09] Cache: flagged-local.json (modified 2026-06-12 07:04:49.733070), 25 actions
[2026-08-05 02:31:09] Posting 25 actions to Playbook API...
[2026-08-05 02:31:10] CRON FALLBACK: Pushed cached local backup (25 actions) to Playbook API
[2026-08-05 02:31:10] Playbook API response: status=ok, count=25, stored_at=2026-08-05T06:31:09.814Z
[2026-08-05 02:31:10] Result: 25 actions synced to Playbook
[2026-08-05 03:20:17] BLOCKED: Session 0 (use VBS startup script)
[2026-08-05 03:20:34] ============================================================
[2026-08-05 03:20:34] MFP Cron Sync starting
[2026-08-05 03:20:34] Cache: flagged-local.json (modified 2026-06-12 07:04:49.733070), 25 actions
[2026-08-05 03:20:34] Posting 25 actions to Playbook API...
[2026-08-05 03:20:35] CRON FALLBACK: Pushed cached local backup (25 actions) to Playbook API
[2026-08-05 03:20:35] Playbook API response: status=ok, count=25, stored_at=2026-08-05T07:20:34.701Z
[2026-08-05 03:20:35] Result: 25 actions synced to Playbook
[2026-08-05 03:37:52] ============================================================
[2026-08-05 03:37:52] MFP Cron Sync starting
[2026-08-05 03:37:52] Cache: flagged-local.json (modified 2026-06-12 07:04:49.733070), 25 actions
[2026-08-05 03:37:52] Posting 25 actions to Playbook API...
[2026-08-05 03:37:53] CRON FALLBACK: Pushed cached local backup (25 actions) to Playbook API
[2026-08-05 03:37:53] Playbook API response: status=ok, count=25, stored_at=2026-08-05T07:37:52.867Z
[2026-08-05 03:37:53] Result: 25 actions synced to Playbook
[2026-08-05 03:54:20] ============================================================
[2026-08-05 03:54:20] MFP Cron Sync starting
[2026-08-05 03:54:20] Cache: flagged-local.json (modified 2026-06-12 07:04:49.733070), 25 actions
[2026-08-05 03:54:20] Posting 25 actions to Playbook API...
[2026-08-05 03:54:21] CRON FALLBACK: Pushed cached local backup (25 actions) to Playbook API
[2026-08-05 03:54:21] Playbook API response: status=ok, count=25, stored_at=2026-08-05T07:54:21.007Z
[2026-08-05 03:54:21] Result: 25 actions synced to Playbook
[2026-08-05 04:10:44] ============================================================
[2026-08-05 04:10:44] MFP Cron Sync starting
[2026-08-05 04:10:44] Cache: flagged-local.json (modified 2026-06-12 07:04:49.733070), 25 actions
[2026-08-05 04:10:44] Posting 25 actions to Playbook API...
[2026-08-05 04:10:45] CRON FALLBACK: Pushed cached local backup (25 actions) to Playbook API
[2026-08-05 04:10:45] Playbook API response: status=ok, count=25, stored_at=2026-08-05T08:10:45.036Z
[2026-08-05 04:10:45] Result: 25 actions synced to Playbook
[2026-08-05 04:28:40] BLOCKED: Session 0 (use VBS startup script)
[2026-08-05 04:28:47] Cache: flagged-local.json (created 2026-06-12 07:04:49), 25 actions
[2026-08-05 04:28:47] Fallback already ran today (25 actions). Suppressing.
[2026-08-05 05:04:51] ============================================================
[2026-08-05 05:04:51] MFP Cron Sync starting
[2026-08-05 05:04:51] Cache: flagged-local.json (modified 2026-06-12 07:04:49.733070), 25 actions
[2026-08-05 05:04:51] Posting 25 actions to Playbook API...
[2026-08-05 05:04:52] CRON FALLBACK: Pushed cached local backup (25 actions) to Playbook API
[2026-08-05 05:04:52] Playbook API response: status=ok, count=25, stored_at=2026-08-05T09:04:51.566Z
[2026-08-05 05:04:52] Result: 25 actions synced to Playbook
[2026-08-05 05:22:23] ============================================================
[2026-08-05 05:22:23] MFP Cron Sync starting
[2026-08-05 05:22:23] Cache: flagged-local.json (modified 2026-06-12 07:04:49.733070), 25 actions
[2026-08-05 05:22:23] Posting 25 actions to Playbook API...
[2026-08-05 05:22:24] CRON FALLBACK: Pushed cached local backup (25 actions) to Playbook API
[2026-08-05 05:22:24] Playbook API response: status=ok, count=25, stored_at=2026-08-05T09:22:23.922Z
[2026-08-05 05:22:24] Result: 25 actions synced to Playbook
[2026-08-05 05:38:13] BLOCKED: Session 0 (use VBS startup script)
[2026-08-05 05:39:59] ============================================================
[2026-08-05 05:39:59] MFP Cron Sync starting
[2026-08-05 05:39:59] Cache: flagged-local.json (modified 2026-06-12 07:04:49.733070), 25 actions
[2026-08-05 05:39:59] Posting 25 actions to Playbook API...
[2026-08-05 05:39:59] CRON FALLBACK: Pushed cached local backup (25 actions) to Playbook API
[2026-08-05 05:39:59] Playbook API response: status=ok, count=25, stored_at=2026-08-05T09:39:59.281Z
[2026-08-05 05:39:59] Result: 25 actions synced to Playbook
[2026-08-05 06:12:56] Cache: flagged-local.json (created 2026-06-12 07:04:49), 25 actions
[2026-08-05 06:12:56] Fallback already ran today (25 actions). Suppressing.
[2026-08-05 06:29:25] ============================================================
[2026-08-05 06:29:25] MFP Cron Sync starting
[2026-08-05 06:29:25] Cache: flagged-local.json (modified 2026-06-12 07:04:49.733070), 25 actions
[2026-08-05 06:29:25] Posting 25 actions to Playbook API...
[2026-08-05 06:29:26] CRON FALLBACK: Pushed cached local backup (25 actions) to Playbook API
[2026-08-05 06:29:26] Playbook API response: status=ok, count=25, stored_at=2026-08-05T10:29:26.001Z
[2026-08-05 06:29:26] Result: 25 actions synced to Playbook
[2026-08-05 06:45:18] BLOCKED: Session 0 (use VBS startup script)
[2026-08-05 06:45:39] ============================================================
[2026-08-05 06:45:39] MFP Cron Sync starting
[2026-08-05 06:45:39] Cache: flagged-local.json (modified 2026-06-12 07:04:49.733070), 25 actions
[2026-08-05 06:45:39] Posting 25 actions to Playbook API...
[2026-08-05 06:45:40] CRON FALLBACK: Pushed cached local backup (25 actions) to Playbook API
[2026-08-05 06:45:40] Playbook API response: status=ok, count=25, stored_at=2026-08-05T10:45:39.623Z
[2026-08-05 06:45:40] Result: 25 actions synced to Playbook
[2026-08-05 07:03:33] ============================================================
[2026-08-05 07:03:33] MFP Cron Sync starting
[2026-08-05 07:03:33] Cache: flagged-local.json (modified 2026-06-12 07:04:49.733070), 25 actions
[2026-08-05 07:03:33] Posting 25 actions to Playbook API...
[2026-08-05 07:03:34] CRON FALLBACK: Pushed cached local backup (25 actions) to Playbook API
[2026-08-05 07:03:34] Playbook API response: status=ok, count=25, stored_at=2026-08-05T11:03:33.579Z
[2026-08-05 07:03:34] Result: 25 actions synced to Playbook
[2026-08-05 07:20:45] ============================================================
[2026-08-05 07:20:45] MFP Cron Sync starting
[2026-08-05 07:20:45] Cache: flagged-local.json (modified 2026-06-12 07:04:49.733070), 25 actions
[2026-08-05 07:20:45] Posting 25 actions to Playbook API...
[2026-08-05 07:20:46] CRON FALLBACK: Pushed cached local backup (25 actions) to Playbook API
[2026-08-05 07:20:46] Playbook API response: status=ok, count=25, stored_at=2026-08-05T11:20:45.989Z
[2026-08-05 07:20:46] Result: 25 actions synced to Playbook
[2026-08-05 07:38:30] ============================================================
[2026-08-05 07:38:30] MFP Cron Sync starting
[2026-08-05 07:38:30] Cache: C:\Users\HermesAdmin\Level-Up-Playbook\scripts\flagged-local.json (modified 2026-06-12T07:04:49.733070), 25 actions
[2026-08-05 07:38:30] Posting 25 actions to Playbook API...
[2026-08-05 07:38:30] CRON FALLBACK: Pushed cached local backup (25 actions) to Playbook API
[2026-08-05 07:38:30] Playbook API response: status=401, count=0, stored_at=
[2026-08-05 07:38:30] Result: 0 actions synced to Playbook
[2026-08-05 07:40:03] ============================================================
[2026-08-05 07:40:03] MFP Cron Sync starting (individual POST fallback)
[2026-08-05 07:40:03] Cache: C:\Users\HermesAdmin\Level-Up-Playbook\scripts\flagged-local.json (25 actions)
[2026-08-05 07:40:03] Posting 25 actions individually...
[2026-08-05 07:40:03] CRON FALLBACK: 0 synced, 0 skipped, 25 errors
[2026-08-05 07:40:03] Result: 0 actions synced to Playbook
[2026-08-05 07:43:32] ============================================================
[2026-08-05 07:43:32] MFP cron fallback starting
[2026-08-05 07:43:32] Fallback already ran today (25 actions). Suppressing.
[2026-08-05 07:59:44] BLOCKED: Session 0 (use VBS startup script)
[2026-08-05 08:00:35] ============================================================
[2026-08-05 08:00:35] MFP Flagged Email Sync starting (direct mode)
[2026-08-05 08:01:54] ============================================================
[2026-08-05 08:01:54] MFP Cron Sync starting
[2026-08-05 08:01:54] Cache: flagged-local.json (modified 2026-06-12 07:04:49.733070), 25 actions
[2026-08-05 08:01:54] Posting 25 actions to Playbook API...
[2026-08-05 08:01:55] CRON FALLBACK: Pushed cached local backup (25 actions) to Playbook API
[2026-08-05 08:01:55] Playbook API response: status=ok, count=25, stored_at=2026-08-05T12:01:54.504Z
[2026-08-05 08:01:55] Result: 25 actions synced to Playbook
[2026-08-05 08:19:08] ============================================================
[2026-08-05 08:19:08] MFP Cron Sync starting
[2026-08-05 08:19:08] Cache: flagged-local.json (modified 2026-06-12 07:04:49.733070), 25 actions
[2026-08-05 08:19:08] Posting 25 actions to Playbook API...
[2026-08-05 08:19:09] CRON FALLBACK: Pushed cached local backup (25 actions) to Playbook API
[2026-08-05 08:19:09] Playbook API response: status=ok, count=25, stored_at=2026-08-05T12:19:08.924Z
[2026-08-05 08:19:09] Result: 25 actions synced to Playbook
[2026-08-05 08:35:29] ============================================================
[2026-08-05 08:35:29] MFP Cron Sync starting
[2026-08-05 08:35:29] Cache: flagged-local.json (modified 2026-06-12 07:04:49.733070), 25 actions
[2026-08-05 08:35:29] Posting 25 actions to Playbook API...
[2026-08-05 08:35:30] CRON FALLBACK: Pushed cached local backup (25 actions) to Playbook API
[2026-08-05 08:35:30] Playbook API response: status=ok, count=25, stored_at=2026-08-05T12:35:30.180Z
[2026-08-05 08:35:30] Result: 25 actions synced to Playbook
[2026-08-05 09:10:13] BLOCKED: Session 0 (use VBS startup script)
[2026-08-05 09:27:46] ============================================================
[2026-08-05 09:27:46] MFP Cron Sync starting
[2026-08-05 09:27:46] Cache: flagged-local.json (modified 2026-06-12 07:04:49.733070), 25 actions
[2026-08-05 09:27:46] Posting 25 actions to Playbook API...
[2026-08-05 09:27:47] CRON FALLBACK: Pushed cached local backup (25 actions) to Playbook API
[2026-08-05 09:27:47] Playbook API response: status=ok, count=25, stored_at=2026-08-05T13:27:46.832Z
[2026-08-05 09:27:47] Result: 25 actions synced to Playbook
[2026-08-05 09:44:14] ============================================================
[2026-08-05 09:44:14] MFP Cron Sync starting
[2026-08-05 09:44:14] Cache: flagged-local.json (modified 2026-06-12 07:04:49.733070), 25 actions
[2026-08-05 09:44:14] Posting 25 actions to Playbook API...
[2026-08-05 09:44:15] CRON FALLBACK: Pushed cached local backup (25 actions) to Playbook API
[2026-08-05 09:44:15] Playbook API response: status=ok, count=25, stored_at=2026-08-05T13:44:15.046Z
[2026-08-05 09:44:15] Result: 25 actions synced to Playbook
[2026-08-05 10:06:43] ============================================================
[2026-08-05 10:06:43] MFP cron fallback starting
[2026-08-05 10:06:43] Fallback already ran today (25 actions). Suppressing.
[2026-08-05 10:06:49] ============================================================
[2026-08-05 10:06:49] MFP Cron Sync starting
[2026-08-05 10:06:49] Cache: flagged-local.json (modified 2026-06-12 07:04:49.733070), 25 actions
[2026-08-05 10:06:49] Posting 25 actions to Playbook API...
[2026-08-05 10:06:50] CRON FALLBACK: Pushed cached local backup (25 actions) to Playbook API
[2026-08-05 10:06:50] Playbook API response: status=ok, count=25, stored_at=2026-08-05T14:06:49.841Z
[2026-08-05 10:06:50] Result: 25 actions synced to Playbook
[2026-08-05 10:23:16] BLOCKED: Session 0 (use VBS startup script)
[2026-08-05 10:23:25] ============================================================
[2026-08-05 10:23:25] MFP Cron Sync starting
[2026-08-05 10:23:25] Cache: flagged-local.json (modified 2026-06-12 07:04:49.733070), 25 actions
[2026-08-05 10:23:25] Posting 25 actions to Playbook API...
[2026-08-05 10:23:26] CRON FALLBACK: Pushed cached local backup (25 actions) to Playbook API
[2026-08-05 10:23:26] Playbook API response: status=ok, count=25, stored_at=2026-08-05T14:23:25.683Z
[2026-08-05 10:23:26] Result: 25 actions synced to Playbook
[2026-08-05 10:40:44] ============================================================
[2026-08-05 10:40:44] MFP Cron Sync starting
[2026-08-05 10:40:44] Cache: flagged-local.json (modified 2026-06-12 07:04:49.733070), 25 actions
[2026-08-05 10:40:44] Posting 25 actions to Playbook API...
[2026-08-05 10:40:45] CRON FALLBACK: Pushed cached local backup (25 actions) to Playbook API
[2026-08-05 10:40:45] Playbook API response: status=ok, count=25, stored_at=2026-08-05T14:40:44.503Z
[2026-08-05 10:40:45] Result: 25 actions synced to Playbook
[2026-08-05 11:13:34] ============================================================
[2026-08-05 11:13:34] MFP Cron Sync starting
[2026-08-05 11:13:34] Cache: flagged-local.json (modified 2026-06-12 07:04:49.733070), 25 actions
[2026-08-05 11:13:34] Posting 25 actions to Playbook API...
[2026-08-05 11:13:34] CRON FALLBACK: Pushed cached local backup (25 actions) to Playbook API
[2026-08-05 11:13:34] Playbook API response: status=ok, count=25, stored_at=2026-08-05T15:13:34.131Z
[2026-08-05 11:13:34] Result: 25 actions synced to Playbook
[2026-08-05 11:29:17] BLOCKED: Session 0 (use VBS startup script)
[2026-08-05 11:29:50] ============================================================
[2026-08-05 11:29:50] MFP Cron Sync starting (individual POST fallback)
[2026-08-05 11:29:50] Cache: C:\Users\HermesAdmin\Level-Up-Playbook\scripts\flagged-local.json (25 actions)
[2026-08-05 11:29:50] Posting 25 actions individually...
[2026-08-05 11:29:50] CRON FALLBACK: 0 synced, 0 skipped, 25 errors
[2026-08-05 11:29:50] Result: 0 actions synced to Playbook
[2026-08-05 11:31:47] ============================================================
[2026-08-05 11:31:47] MFP Cron Sync starting (individual POST fallback)
[2026-08-05 11:31:47] Cache: C:\Users\HermesAdmin\Level-Up-Playbook\scripts\flagged-local.json (25 actions)
[2026-08-05 11:31:47] Posting 25 actions individually...
[2026-08-05 11:31:47] CRON FALLBACK: 0 synced, 0 skipped, 25 errors
[2026-08-05 11:31:47] Result: 0 actions synced to Playbook
[2026-08-05 11:32:32] MFP Cron Fallback v3: 23 pending of 25 total
[2026-08-05 11:32:32] Result: 23 actions synced to Playbook
[2026-08-05 11:32:45] ============================================================
[2026-08-05 11:32:45] MFP Cron Sync starting
[2026-08-05 11:32:45] Cache: flagged-local.json (modified 2026-06-12 07:04:49.733070), 25 actions
[2026-08-05 11:32:45] Posting 25 actions to Playbook API...
[2026-08-05 11:32:45] CRON FALLBACK: Pushed cached local backup (25 actions) to Playbook API
[2026-08-05 11:32:45] Playbook API response: status=ok, count=25, stored_at=2026-08-05T15:32:45.195Z
[2026-08-05 11:32:45] Result: 25 actions synced to Playbook
[2026-08-05 11:49:08] ============================================================
[2026-08-05 11:49:08] MFP Cron Sync starting
[2026-08-05 11:49:08] Cache: flagged-local.json (modified 2026-06-12 07:04:49.733070), 25 actions
[2026-08-05 11:49:08] Posting 25 actions to Playbook API...
[2026-08-05 11:49:09] CRON FALLBACK: Pushed cached local backup (25 actions) to Playbook API
[2026-08-05 11:49:09] Playbook API response: status=ok, count=25, stored_at=2026-08-05T15:49:08.870Z
[2026-08-05 11:49:09] Result: 25 actions synced to Playbook
[2026-08-05 12:21:34] ============================================================
[2026-08-05 12:21:34] MFP Flagged Email Sync starting (direct mode)
[2026-08-05 12:22:55] ============================================================
[2026-08-05 12:22:55] MFP Cron Sync starting
[2026-08-05 12:22:55] Cache: flagged-local.json (modified 2026-06-12 07:04:49.733070), 25 actions
[2026-08-05 12:22:55] Posting 25 actions to Playbook API...
[2026-08-05 12:22:56] CRON FALLBACK: Pushed cached local backup (25 actions) to Playbook API
[2026-08-05 12:22:56] Playbook API response: status=ok, count=25, stored_at=2026-08-05T16:22:56.116Z
[2026-08-05 12:22:56] Result: 25 actions synced to Playbook
[2026-08-05 12:24:35] ERROR: Outlook COM dispatch failed: (-2147418111, 'Call was rejected by callee.', None, None)
[2026-08-05 12:39:13] BLOCKED: Session 0 (use VBS startup script)
[2026-08-05 12:57:54] ============================================================
[2026-08-05 12:57:54] MFP Cron Sync starting
[2026-08-05 12:57:54] Cache: flagged-local.json (modified 2026-06-12 07:04:49.733070), 25 actions
[2026-08-05 12:57:54] Posting 25 actions to Playbook API...
[2026-08-05 12:57:55] CRON FALLBACK: Pushed cached local backup (25 actions) to Playbook API
[2026-08-05 12:57:55] Playbook API response: status=ok, count=25, stored_at=2026-08-05T16:57:54.840Z
[2026-08-05 12:57:55] Result: 25 actions synced to Playbook
[2026-08-05 13:46:25] BLOCKED: Session 0 (use VBS startup script)
[2026-08-05 13:47:05] ============================================================
[2026-08-05 13:47:05] MFP Cron Sync starting
[2026-08-05 13:47:05] Cache: flagged-local.json (modified 2026-06-12 07:04:49.733070), 25 actions
[2026-08-05 13:47:05] Posting 25 actions to Playbook API...
[2026-08-05 13:47:06] CRON FALLBACK: Pushed cached local backup (25 actions) to Playbook API
[2026-08-05 13:47:06] Playbook API response: status=ok, count=25, stored_at=2026-08-05T17:47:05.654Z
[2026-08-05 13:47:06] Result: 25 actions synced to Playbook
[2026-08-05 14:04:01] ============================================================
[2026-08-05 14:04:01] MFP Cron Sync starting
[2026-08-05 14:04:01] Cache: flagged-local.json (modified 2026-06-12 07:04:49.733070), 25 actions
[2026-08-05 14:04:01] Posting 25 actions to Playbook API...
[2026-08-05 14:04:02] CRON FALLBACK: Pushed cached local backup (25 actions) to Playbook API
[2026-08-05 14:04:02] Playbook API response: status=ok, count=25, stored_at=2026-08-05T18:04:01.568Z
[2026-08-05 14:04:02] Result: 25 actions synced to Playbook
[2026-08-05 14:22:21] MFP Cron Fallback (via curl): 23 pending of 25 total synced to Playbook
[2026-08-05 14:38:31] ============================================================
[2026-08-05 14:38:31] MFP Cron Sync starting
[2026-08-05 14:38:31] Cache: flagged-local.json (modified 2026-06-12 07:04:49.733070), 25 actions
[2026-08-05 14:38:31] Posting 25 actions to Playbook API...
[2026-08-05 14:38:32] CRON FALLBACK: Pushed cached local backup (25 actions) to Playbook API
[2026-08-05 14:38:32] Playbook API response: status=ok, count=25, stored_at=2026-08-05T18:38:31.819Z
[2026-08-05 14:38:32] Result: 25 actions synced to Playbook
[2026-08-05 14:54:20] BLOCKED: Session 0 (use VBS startup script)
[2026-08-05 15:42:34] ============================================================
[2026-08-05 15:42:34] MFP Cron Sync starting
[2026-08-05 15:42:34] Cache: flagged-local.json (modified 2026-06-12 07:04:49.733070), 25 actions
[2026-08-05 15:42:34] Posting 25 actions to Playbook API...
[2026-08-05 15:42:35] CRON FALLBACK: Pushed cached local backup (25 actions) to Playbook API
[2026-08-05 15:42:35] Playbook API response: status=ok, count=25, stored_at=2026-08-05T19:42:35.066Z
[2026-08-05 15:42:35] Result: 25 actions synced to Playbook
[2026-08-05 15:58:16] ============================================================
[2026-08-05 15:58:16] MFP Cron Sync starting
[2026-08-05 15:58:16] Cache: flagged-local.json (modified 2026-06-12 07:04:49.733070), 25 actions
[2026-08-05 15:58:16] Posting 25 actions to Playbook API...
[2026-08-05 15:58:17] CRON FALLBACK: Pushed cached local backup (25 actions) to Playbook API
[2026-08-05 15:58:17] Playbook API response: status=ok, count=25, stored_at=2026-08-05T19:58:16.346Z
[2026-08-05 15:58:17] Result: 25 actions synced to Playbook
[2026-08-05 16:14:21] BLOCKED: Session 0 (use VBS startup script)
[2026-08-05 16:15:04] ============================================================
[2026-08-05 16:15:04] MFP cron fallback starting
[2026-08-05 16:15:04] Fallback already ran today (25 actions). Suppressing.
[2026-08-05 16:15:08] ============================================================
[2026-08-05 16:15:08] MFP Cron Sync starting
[2026-08-05 16:15:08] Cache: flagged-local.json (modified 2026-06-12 07:04:49.733070), 25 actions
[2026-08-05 16:15:08] Posting 25 actions to Playbook API...
[2026-08-05 16:15:09] CRON FALLBACK: Pushed cached local backup (25 actions) to Playbook API
[2026-08-05 16:15:09] Playbook API response: status=ok, count=25, stored_at=2026-08-05T20:15:08.740Z
[2026-08-05 16:15:09] Result: 25 actions synced to Playbook
[2026-08-05 16:36:47] ============================================================
[2026-08-05 16:36:47] MFP Cron Sync starting
[2026-08-05 16:36:47] Cache: flagged-local.json (modified 2026-06-12 07:04:49.733070), 25 actions
[2026-08-05 16:36:47] Posting 25 actions to Playbook API...
[2026-08-05 16:36:48] CRON FALLBACK: Pushed cached local backup (25 actions) to Playbook API
[2026-08-05 16:36:48] Playbook API response: status=ok, count=25, stored_at=2026-08-05T20:36:48.116Z
[2026-08-05 16:36:48] Result: 25 actions synced to Playbook
[2026-08-05 16:53:01] MFP Cron Fallback v3: 23 pending of 25 total
[2026-08-05 16:53:01] Result: 23 actions synced to Playbook
[2026-08-05 17:26:26] BLOCKED: Session 0 (use VBS startup script)
[2026-08-05 17:26:34] ============================================================
[2026-08-05 17:26:34] MFP Cron Sync starting
[2026-08-05 17:26:34] Cache: flagged-local.json (modified 2026-06-12 07:04:49.733070), 25 actions
[2026-08-05 17:26:34] Posting 25 actions to Playbook API...
[2026-08-05 17:26:34] CRON FALLBACK: Pushed cached local backup (25 actions) to Playbook API
[2026-08-05 17:26:34] Playbook API response: status=ok, count=25, stored_at=2026-08-05T21:26:34.166Z
[2026-08-05 17:26:34] Result: 25 actions synced to Playbook
[2026-08-05 17:42:57] ============================================================
[2026-08-05 17:42:57] MFP Cron Sync starting
[2026-08-05 17:42:57] Cache: flagged-local.json (modified 2026-06-12 07:04:49.733070), 25 actions
[2026-08-05 17:42:57] Posting 25 actions to Playbook API...
[2026-08-05 17:42:58] CRON FALLBACK: Pushed cached local backup (25 actions) to Playbook API
[2026-08-05 17:42:58] Playbook API response: status=ok, count=25, stored_at=2026-08-05T21:42:57.625Z
[2026-08-05 17:42:58] Result: 25 actions synced to Playbook
[2026-08-05 17:59:33] ============================================================
[2026-08-05 17:59:33] MFP Flagged Email Sync starting (direct mode)
[2026-08-05 18:00:53] MFP Cron Fallback v3: 23 pending of 25 total
[2026-08-05 18:00:53] Result: 23 actions synced to Playbook
[2026-08-05 18:02:34] ERROR: Outlook COM dispatch failed: (-2147418111, 'Call was rejected by callee.', None, None)
[2026-08-05 18:33:23] BLOCKED: Session 0 (use VBS startup script)
[2026-08-05 18:34:02] ============================================================
[2026-08-05 18:34:02] MFP Cron Sync starting
[2026-08-05 18:34:02] Cache: flagged-local.json (modified 2026-06-12 07:04:49.733070), 25 actions
[2026-08-05 18:34:02] Posting 25 actions to Playbook API...
[2026-08-05 18:34:03] CRON FALLBACK: Pushed cached local backup (25 actions) to Playbook API
[2026-08-05 18:34:03] Playbook API response: status=ok, count=25, stored_at=2026-08-05T22:34:02.879Z
[2026-08-05 18:34:03] Result: 25 actions synced to Playbook
[2026-08-05 19:05:36] ============================================================
[2026-08-05 19:05:36] MFP Cron Sync starting
[2026-08-05 19:05:36] Cache: flagged-local.json (modified 2026-06-12 07:04:49.733070), 25 actions
[2026-08-05 19:05:36] Posting 25 actions to Playbook API...
[2026-08-05 19:05:37] CRON FALLBACK: Pushed cached local backup (25 actions) to Playbook API
[2026-08-05 19:05:37] Playbook API response: status=ok, count=25, stored_at=2026-08-05T23:05:36.571Z
[2026-08-05 19:05:37] Result: 25 actions synced to Playbook
[2026-08-05 19:37:34] BLOCKED: Session 0 (use VBS startup script)
[2026-08-05 19:37:53] ============================================================
[2026-08-05 19:37:53] MFP Cron Sync starting
[2026-08-05 19:37:53] Cache: flagged-local.json (modified 2026-06-12 07:04:49.733070), 25 actions
[2026-08-05 19:37:53] Posting 25 actions to Playbook API...
[2026-08-05 19:37:54] CRON FALLBACK: Pushed cached local backup (25 actions) to Playbook API
[2026-08-05 19:37:54] Playbook API response: status=ok, count=25, stored_at=2026-08-05T23:37:53.298Z
[2026-08-05 19:37:54] Result: 25 actions synced to Playbook
[2026-08-05 19:55:03] ============================================================
[2026-08-05 19:55:03] MFP Cron Sync starting
[2026-08-05 19:55:03] Cache: flagged-local.json (modified 2026-06-12 07:04:49.733070), 25 actions
[2026-08-05 19:55:03] Posting 25 actions to Playbook API...
[2026-08-05 19:55:03] CRON FALLBACK: Pushed cached local backup (25 actions) to Playbook API
[2026-08-05 19:55:03] Playbook API response: status=ok, count=25, stored_at=2026-08-05T23:55:03.145Z
[2026-08-05 19:55:03] Result: 25 actions synced to Playbook
[2026-08-05 20:11:31] MFP Cron Fallback v3: 23 pending of 25 total
[2026-08-05 20:11:31] Result: 23 actions synced to Playbook
[2026-08-05 20:44:22] BLOCKED: Session 0 (use VBS startup script)
[2026-08-05 20:44:45] ============================================================
[2026-08-05 20:44:45] MFP Cron Sync starting
[2026-08-05 20:44:45] Cache: flagged-local.json (modified 2026-06-12 07:04:49.733070), 25 actions
[2026-08-05 20:44:45] Posting 25 actions to Playbook API...
[2026-08-05 20:44:45] CRON FALLBACK: Pushed cached local backup (25 actions) to Playbook API
[2026-08-05 20:44:45] Playbook API response: status=ok, count=25, stored_at=2026-08-06T00:44:45.112Z
[2026-08-05 20:44:45] Result: 25 actions synced to Playbook
[2026-08-05 21:03:24] ============================================================
[2026-08-05 21:03:24] MFP Cron Sync starting
[2026-08-05 21:03:24] Cache: flagged-local.json (modified 2026-06-12 07:04:49.733070), 25 actions
[2026-08-05 21:03:24] Posting 25 actions to Playbook API...
[2026-08-05 21:03:25] CRON FALLBACK: Pushed cached local backup (25 actions) to Playbook API
[2026-08-05 21:03:25] Playbook API response: status=ok, count=25, stored_at=2026-08-06T01:03:24.746Z
[2026-08-05 21:03:25] Result: 25 actions synced to Playbook
[2026-08-05 21:37:00] ============================================================
[2026-08-05 21:37:00] MFP Cron Sync starting
[2026-08-05 21:37:00] Cache: flagged-local.json (modified 2026-06-12 07:04:49.733070), 25 actions
[2026-08-05 21:37:00] Posting 25 actions to Playbook API...
[2026-08-05 21:37:01] CRON FALLBACK: Pushed cached local backup (25 actions) to Playbook API
[2026-08-05 21:37:01] Playbook API response: status=ok, count=25, stored_at=2026-08-06T01:37:00.394Z
[2026-08-05 21:37:01] Result: 25 actions synced to Playbook
[2026-08-05 21:52:46] BLOCKED: Session 0 (use VBS startup script)
[2026-08-05 21:56:13] ============================================================
[2026-08-05 21:56:13] MFP Flagged Email Sync starting (direct mode)
[2026-08-05 21:59:04] ============================================================
[2026-08-05 21:59:04] MFP Cron Sync starting (Hermes agent fallback)
[2026-08-05 21:59:04] Cache: flagged-local.json (modified 2026-06-12 07:04:49.733070), 25 actions
[2026-08-05 21:59:04] Posting 25 actions to Playbook API...
[2026-08-05 21:59:04] CRON FALLBACK: Pushed cached local backup (25 actions) to Playbook API
[2026-08-05 21:59:04] Playbook API response: status=ok, count=25, stored_at=2026-08-06T01:58:56.528Z
[2026-08-05 21:59:04] Result: 25 actions synced to Playbook
[2026-08-05 21:59:14] ERROR: Outlook COM dispatch failed: (-2147418111, 'Call was rejected by callee.', None, None)
[2026-08-05 22:01:43] ============================================================
[2026-08-05 22:01:43] MFP Cron Sync starting (fallback mode)
[2026-08-05 22:01:43] Cache: flagged-local.json (modified 2026-06-12 07:04:49), 25 actions
[2026-08-05 22:01:43] Posting 25 actions to Playbook API...
[2026-08-05 22:01:43] CRON FALLBACK: Pushed cached local backup (25 actions) to Playbook API
[2026-08-05 22:01:43] Playbook API response: status=ok, count=25, stored_at=2026-08-06T02:01:43.063Z
[2026-08-05 22:01:43] Result: 25 actions synced to Playbook
[2026-08-05 22:01:43] ============================================================
[2026-08-05 22:17:40] ============================================================
[2026-08-05 22:17:40] MFP Cron Sync starting (fallback mode)
[2026-08-05 22:17:40] Cache: flagged-local.json (modified 2026-06-12 07:04:49), 25 actions
[2026-08-05 22:17:40] Posting 25 actions to Playbook API...
[2026-08-05 22:17:41] CRON FALLBACK: Pushed cached local backup (25 actions) to Playbook API
[2026-08-05 22:17:41] Playbook API response: status=ok, count=25, stored_at=2026-08-06T02:17:40.764Z
[2026-08-05 22:17:41] Result: 25 actions synced to Playbook
[2026-08-05 22:17:41] ============================================================
[2026-08-05 22:33:37] ============================================================
[2026-08-05 22:33:37] MFP Cron Sync starting (fallback mode)
[2026-08-05 22:33:37] Cache: flagged-local.json (modified 2026-06-12 07:04:49), 25 actions
[2026-08-05 22:33:37] Posting 25 actions to Playbook API...
[2026-08-05 22:33:38] CRON FALLBACK: Pushed cached local backup (25 actions) to Playbook API
[2026-08-05 22:33:38] Playbook API response: status=ok, count=25, stored_at=2026-08-06T02:33:37.923Z
[2026-08-05 22:33:38] Result: 25 actions synced to Playbook
[2026-08-05 22:33:38] ============================================================
[2026-08-05 22:49:41] ============================================================
[2026-08-05 22:49:41] MFP Cron Sync starting (fallback mode)
[2026-08-05 22:49:41] Cache: flagged-local.json (modified 2026-06-12 07:04:49), 25 actions
[2026-08-05 22:49:41] Posting 25 actions to Playbook API...
[2026-08-05 22:49:41] CRON FALLBACK: Pushed cached local backup (25 actions) to Playbook API
[2026-08-05 22:49:41] Playbook API response: status=ok, count=25, stored_at=2026-08-06T02:49:41.024Z
[2026-08-05 22:49:41] Result: 25 actions synced to Playbook
[2026-08-05 22:49:41] ============================================================
[2026-08-05 23:05:43] ============================================================
[2026-08-05 23:05:43] MFP Cron Sync starting (fallback mode)
[2026-08-05 23:05:43] Cache: flagged-local.json (modified 2026-06-12 07:04:49), 25 actions
[2026-08-05 23:05:43] Posting 25 actions to Playbook API...
[2026-08-05 23:05:44] CRON FALLBACK: Pushed cached local backup (25 actions) to Playbook API
[2026-08-05 23:05:44] Playbook API response: status=ok, count=25, stored_at=2026-08-06T03:05:43.256Z
[2026-08-05 23:05:44] Result: 25 actions synced to Playbook
[2026-08-05 23:05:44] ============================================================
[2026-08-05 23:21:41] ============================================================
[2026-08-05 23:21:41] MFP Cron Sync starting (fallback mode)
[2026-08-05 23:21:41] Cache: flagged-local.json (modified 2026-06-12 07:04:49), 25 actions
[2026-08-05 23:21:41] Posting 25 actions to Playbook API...
[2026-08-05 23:21:42] CRON FALLBACK: Pushed cached local backup (25 actions) to Playbook API
[2026-08-05 23:21:42] Playbook API response: status=ok, count=25, stored_at=2026-08-06T03:21:41.408Z
[2026-08-05 23:21:42] Result: 25 actions synced to Playbook
[2026-08-05 23:21:42] ============================================================
[2026-08-05 23:37:49] ============================================================
[2026-08-05 23:37:49] MFP Cron Sync starting (fallback mode)
[2026-08-05 23:37:49] Cache: flagged-local.json (modified 2026-06-12 07:04:49), 25 actions
[2026-08-05 23:37:49] Posting 25 actions to Playbook API...
[2026-08-05 23:37:50] CRON FALLBACK: Pushed cached local backup (25 actions) to Playbook API
[2026-08-05 23:37:50] Playbook API response: status=ok, count=25, stored_at=2026-08-06T03:37:49.729Z
[2026-08-05 23:37:50] Result: 25 actions synced to Playbook
[2026-08-05 23:37:50] ============================================================
[2026-08-05 23:53:55] ============================================================
[2026-08-05 23:53:55] MFP Cron Sync starting (fallback mode)
[2026-08-05 23:53:55] Cache: flagged-local.json (modified 2026-06-12 07:04:49), 25 actions
[2026-08-05 23:53:55] Posting 25 actions to Playbook API...
[2026-08-05 23:53:55] CRON FALLBACK: Pushed cached local backup (25 actions) to Playbook API
[2026-08-05 23:53:55] Playbook API response: status=ok, count=25, stored_at=2026-08-06T03:53:54.949Z
[2026-08-05 23:53:55] Result: 25 actions synced to Playbook
[2026-08-05 23:53:55] ============================================================
[2026-08-06 00:10:00] ============================================================
[2026-08-06 00:10:00] MFP Cron Sync starting (fallback mode)
[2026-08-06 00:10:00] Cache: flagged-local.json (modified 2026-06-12 07:04:49), 25 actions
[2026-08-06 00:10:00] Posting 25 actions to Playbook API...
[2026-08-06 00:10:00] CRON FALLBACK: Pushed cached local backup (25 actions) to Playbook API
[2026-08-06 00:10:00] Playbook API response: status=ok, count=25, stored_at=2026-08-06T04:10:00.187Z
[2026-08-06 00:10:00] Result: 25 actions synced to Playbook
[2026-08-06 00:10:00] ============================================================
[2026-08-06 00:26:11] ============================================================
[2026-08-06 00:26:11] MFP Cron Sync starting (fallback mode)
[2026-08-06 00:26:11] Cache: flagged-local.json (modified 2026-06-12 07:04:49), 25 actions
[2026-08-06 00:26:11] Posting 25 actions to Playbook API...
[2026-08-06 00:26:12] CRON FALLBACK: Pushed cached local backup (25 actions) to Playbook API
[2026-08-06 00:26:12] Playbook API response: status=ok, count=25, stored_at=2026-08-06T04:26:11.974Z
[2026-08-06 00:26:12] Result: 25 actions synced to Playbook
[2026-08-06 00:26:12] ============================================================
[2026-08-06 00:41:46] ============================================================
[2026-08-06 00:41:46] MFP Cron Sync starting (fallback mode)
[2026-08-06 00:41:46] Cache: flagged-local.json (modified 2026-06-12 07:04:49), 25 actions
[2026-08-06 00:41:46] Posting 25 actions to Playbook API...
[2026-08-06 00:41:47] CRON FALLBACK: Pushed cached local backup (25 actions) to Playbook API
[2026-08-06 00:41:47] Playbook API response: status=ok, count=25, stored_at=2026-08-06T04:41:46.908Z
[2026-08-06 00:41:47] Result: 25 actions synced to Playbook
[2026-08-06 00:41:47] ============================================================
[2026-08-06 00:57:46] ============================================================
[2026-08-06 00:57:46] MFP Cron Sync starting (fallback mode)
[2026-08-06 00:57:46] Cache: flagged-local.json (modified 2026-06-12 07:04:49), 25 actions
[2026-08-06 00:57:46] Posting 25 actions to Playbook API...
[2026-08-06 00:57:47] CRON FALLBACK: Pushed cached local backup (25 actions) to Playbook API
[2026-08-06 00:57:47] Playbook API response: status=ok, count=25, stored_at=2026-08-06T04:57:46.238Z
[2026-08-06 00:57:47] Result: 25 actions synced to Playbook
[2026-08-06 00:57:47] ============================================================
[2026-08-06 01:13:41] ============================================================
[2026-08-06 01:13:41] MFP Cron Sync starting (fallback mode)
[2026-08-06 01:13:41] Cache: flagged-local.json (modified 2026-06-12 07:04:49), 25 actions
[2026-08-06 01:13:41] Posting 25 actions to Playbook API...
[2026-08-06 01:13:42] CRON FALLBACK: Pushed cached local backup (25 actions) to Playbook API
[2026-08-06 01:13:42] Playbook API response: status=ok, count=25, stored_at=2026-08-06T05:13:41.683Z
[2026-08-06 01:13:42] Result: 25 actions synced to Playbook
[2026-08-06 01:13:42] ============================================================
[2026-08-06 01:30:26] ============================================================
[2026-08-06 01:30:26] MFP Cron Sync starting (fallback mode)
[2026-08-06 01:30:26] Cache: flagged-local.json (modified 2026-06-12 07:04:49), 25 actions
[2026-08-06 01:30:26] Posting 25 actions to Playbook API...
[2026-08-06 01:30:26] CRON FALLBACK: Pushed cached local backup (25 actions) to Playbook API
[2026-08-06 01:30:26] Playbook API response: status=ok, count=25, stored_at=2026-08-06T05:30:26.118Z
[2026-08-06 01:30:26] Result: 25 actions synced to Playbook
[2026-08-06 01:30:26] ============================================================
[2026-08-06 01:47:13] ============================================================
[2026-08-06 01:47:13] MFP Cron Sync starting (fallback mode)
[2026-08-06 01:47:13] Cache: flagged-local.json (modified 2026-06-12 07:04:49), 25 actions
[2026-08-06 01:47:13] Posting 25 actions to Playbook API...
[2026-08-06 01:47:13] CRON FALLBACK: Pushed cached local backup (25 actions) to Playbook API
[2026-08-06 01:47:13] Playbook API response: status=ok, count=25, stored_at=2026-08-06T05:47:12.869Z
[2026-08-06 01:47:13] Result: 25 actions synced to Playbook
[2026-08-06 01:47:13] ============================================================
[2026-08-06 02:03:42] ============================================================
[2026-08-06 02:03:42] MFP Cron Sync starting (fallback mode)
[2026-08-06 02:03:42] Cache: flagged-local.json (modified 2026-06-12 07:04:49), 25 actions
[2026-08-06 02:03:42] Posting 25 actions to Playbook API...
[2026-08-06 02:03:43] CRON FALLBACK: Pushed cached local backup (25 actions) to Playbook API
[2026-08-06 02:03:43] Playbook API response: status=ok, count=25, stored_at=2026-08-06T06:03:42.367Z
[2026-08-06 02:03:43] Result: 25 actions synced to Playbook
[2026-08-06 02:03:43] ============================================================
[2026-08-08 11:26:50] ============================================================
[2026-08-08 11:26:50] MFP Cron Sync starting (fallback mode)
[2026-08-08 11:26:50] Cache: flagged-local.json (modified 2026-06-12 07:04:49), 25 actions
[2026-08-08 11:26:50] Posting 25 actions to Playbook API...
[2026-08-08 11:26:51] CRON FALLBACK: Pushed cached local backup (25 actions) to Playbook API
[2026-08-08 11:26:51] Playbook API response: status=ok, count=25, stored_at=2026-08-08T15:26:50.947Z
[2026-08-08 11:26:51] Result: 25 actions synced to Playbook
[2026-08-08 11:26:51] ============================================================
[2026-08-08 11:42:56] ============================================================
[2026-08-08 11:42:56] MFP Cron Sync starting (fallback mode)
[2026-08-08 11:42:56] Cache: flagged-local.json (modified 2026-06-12 07:04:49), 25 actions
[2026-08-08 11:42:56] Posting 25 actions to Playbook API...
[2026-08-08 11:42:57] CRON FALLBACK: Pushed cached local backup (25 actions) to Playbook API
[2026-08-08 11:42:57] Playbook API response: status=ok, count=25, stored_at=2026-08-08T15:42:57.356Z
[2026-08-08 11:42:57] Result: 25 actions synced to Playbook
[2026-08-08 11:42:57] ============================================================
[2026-08-08 11:58:48] ============================================================
[2026-08-08 11:58:48] MFP Cron Sync starting (fallback mode)
[2026-08-08 11:58:48] Cache: flagged-local.json (modified 2026-06-12 07:04:49), 25 actions
[2026-08-08 11:58:48] Posting 25 actions to Playbook API...
[2026-08-08 11:58:49] CRON FALLBACK: Pushed cached local backup (25 actions) to Playbook API
[2026-08-08 11:58:49] Playbook API response: status=ok, count=25, stored_at=2026-08-08T15:58:49.038Z
[2026-08-08 11:58:49] Result: 25 actions synced to Playbook
[2026-08-08 11:58:49] ============================================================
[2026-08-08 12:14:49] ============================================================
[2026-08-08 12:14:49] MFP Cron Sync starting (fallback mode)
[2026-08-08 12:14:49] Cache: flagged-local.json (modified 2026-06-12 07:04:49), 25 actions
[2026-08-08 12:14:49] Posting 25 actions to Playbook API...
[2026-08-08 12:14:50] CRON FALLBACK: Pushed cached local backup (25 actions) to Playbook API
[2026-08-08 12:14:50] Playbook API response: status=ok, count=25, stored_at=2026-08-08T16:14:50.273Z
[2026-08-08 12:14:50] Result: 25 actions synced to Playbook
[2026-08-08 12:14:50] ============================================================
[2026-08-08 12:31:00] ============================================================
[2026-08-08 12:31:00] MFP Cron Sync starting (fallback mode)
[2026-08-08 12:31:00] Cache: flagged-local.json (modified 2026-06-12 07:04:49), 25 actions
[2026-08-08 12:31:00] Posting 25 actions to Playbook API...
[2026-08-08 12:31:01] CRON FALLBACK: Pushed cached local backup (25 actions) to Playbook API
[2026-08-08 12:31:01] Playbook API response: status=ok, count=25, stored_at=2026-08-08T16:31:01.243Z
[2026-08-08 12:31:01] Result: 25 actions synced to Playbook
[2026-08-08 12:31:01] ============================================================
[2026-08-08 12:46:50] ============================================================
[2026-08-08 12:46:50] MFP Cron Sync starting (fallback mode)
[2026-08-08 12:46:50] Cache: flagged-local.json (modified 2026-06-12 07:04:49), 25 actions
[2026-08-08 12:46:50] Posting 25 actions to Playbook API...
[2026-08-08 12:46:51] CRON FALLBACK: Pushed cached local backup (25 actions) to Playbook API
[2026-08-08 12:46:51] Playbook API response: status=ok, count=25, stored_at=2026-08-08T16:46:51.443Z
[2026-08-08 12:46:51] Result: 25 actions synced to Playbook
[2026-08-08 12:46:51] ============================================================
[2026-08-08 13:02:51] ============================================================
[2026-08-08 13:02:51] MFP Cron Sync starting (fallback mode)
[2026-08-08 13:02:51] Cache: flagged-local.json (modified 2026-06-12 07:04:49), 25 actions
[2026-08-08 13:02:51] Posting 25 actions to Playbook API...
[2026-08-08 13:02:51] CRON FALLBACK: Pushed cached local backup (25 actions) to Playbook API
[2026-08-08 13:02:51] Playbook API response: status=ok, count=25, stored_at=2026-08-08T17:02:51.783Z
[2026-08-08 13:02:51] Result: 25 actions synced to Playbook
[2026-08-08 13:02:51] ============================================================
[2026-08-08 13:18:57] ============================================================
[2026-08-08 13:18:57] MFP Cron Sync starting (fallback mode)
[2026-08-08 13:18:57] Cache: flagged-local.json (modified 2026-06-12 07:04:49), 25 actions
[2026-08-08 13:18:57] Posting 25 actions to Playbook API...
[2026-08-08 13:18:58] CRON FALLBACK: Pushed cached local backup (25 actions) to Playbook API
[2026-08-08 13:18:58] Playbook API response: status=ok, count=25, stored_at=2026-08-08T17:18:58.486Z
[2026-08-08 13:18:58] Result: 25 actions synced to Playbook
[2026-08-08 13:18:58] ============================================================
[2026-08-08 13:35:04] ============================================================
[2026-08-08 13:35:04] MFP Cron Sync starting (fallback mode)
[2026-08-08 13:35:04] Cache: flagged-local.json (modified 2026-06-12 07:04:49), 25 actions
[2026-08-08 13:35:04] Posting 25 actions to Playbook API...
[2026-08-08 13:35:05] CRON FALLBACK: Pushed cached local backup (25 actions) to Playbook API
[2026-08-08 13:35:05] Playbook API response: status=ok, count=25, stored_at=2026-08-08T17:35:05.210Z
[2026-08-08 13:35:05] Result: 25 actions synced to Playbook
[2026-08-08 13:35:05] ============================================================
[2026-08-08 13:50:56] ============================================================
[2026-08-08 13:50:56] MFP Cron Sync starting (fallback mode)
[2026-08-08 13:50:56] Cache: flagged-local.json (modified 2026-06-12 07:04:49), 25 actions
[2026-08-08 13:50:56] Posting 25 actions to Playbook API...
[2026-08-08 13:50:56] CRON FALLBACK: Pushed cached local backup (25 actions) to Playbook API
[2026-08-08 13:50:56] Playbook API response: status=ok, count=25, stored_at=2026-08-08T17:50:56.542Z
[2026-08-08 13:50:56] Result: 25 actions synced to Playbook
[2026-08-08 13:50:56] ============================================================
[2026-08-08 14:06:56] ============================================================
[2026-08-08 14:06:56] MFP Cron Sync starting (fallback mode)
[2026-08-08 14:06:56] Cache: flagged-local.json (modified 2026-06-12 07:04:49), 25 actions
[2026-08-08 14:06:56] Posting 25 actions to Playbook API...
[2026-08-08 14:06:56] CRON FALLBACK: Pushed cached local backup (25 actions) to Playbook API
[2026-08-08 14:06:56] Playbook API response: status=ok, count=25, stored_at=2026-08-08T18:06:56.589Z
[2026-08-08 14:06:56] Result: 25 actions synced to Playbook
[2026-08-08 14:06:56] ============================================================
[2026-08-08 14:22:57] ============================================================
[2026-08-08 14:22:57] MFP Cron Sync starting (fallback mode)
[2026-08-08 14:22:57] Cache: flagged-local.json (modified 2026-06-12 07:04:49), 25 actions
[2026-08-08 14:22:57] Posting 25 actions to Playbook API...
[2026-08-08 14:22:58] CRON FALLBACK: Pushed cached local backup (25 actions) to Playbook API
[2026-08-08 14:22:58] Playbook API response: status=ok, count=25, stored_at=2026-08-08T18:22:57.883Z
[2026-08-08 14:22:58] Result: 25 actions synced to Playbook
[2026-08-08 14:22:58] ============================================================
[2026-08-08 14:39:06] ============================================================
[2026-08-08 14:39:06] MFP Cron Sync starting (fallback mode)
[2026-08-08 14:39:06] Cache: flagged-local.json (modified 2026-06-12 07:04:49), 25 actions
[2026-08-08 14:39:06] Posting 25 actions to Playbook API...
[2026-08-08 14:39:07] CRON FALLBACK: Pushed cached local backup (25 actions) to Playbook API
[2026-08-08 14:39:07] Playbook API response: status=ok, count=25, stored_at=2026-08-08T18:39:06.894Z
[2026-08-08 14:39:07] Result: 25 actions synced to Playbook
[2026-08-08 14:39:07] ============================================================
[2026-08-08 14:54:56] ============================================================
[2026-08-08 14:54:56] MFP Cron Sync starting (fallback mode)
[2026-08-08 14:54:56] Cache: flagged-local.json (modified 2026-06-12 07:04:49), 25 actions
[2026-08-08 14:54:56] Posting 25 actions to Playbook API...
[2026-08-08 14:54:56] CRON FALLBACK: Pushed cached local backup (25 actions) to Playbook API
[2026-08-08 14:54:56] Playbook API response: status=ok, count=25, stored_at=2026-08-08T18:54:56.841Z
[2026-08-08 14:54:56] Result: 25 actions synced to Playbook
[2026-08-08 14:54:56] ============================================================
[2026-08-08 15:10:48] ============================================================
[2026-08-08 15:10:48] MFP Cron Sync starting (fallback mode)
[2026-08-08 15:10:48] Cache: flagged-local.json (modified 2026-06-12 07:04:49), 25 actions
[2026-08-08 15:10:48] Posting 25 actions to Playbook API...
[2026-08-08 15:10:49] CRON FALLBACK: Pushed cached local backup (25 actions) to Playbook API
[2026-08-08 15:10:49] Playbook API response: status=ok, count=25, stored_at=2026-08-08T19:10:49.414Z
[2026-08-08 15:10:49] Result: 25 actions synced to Playbook
[2026-08-08 15:10:49] ============================================================
[2026-08-08 15:26:46] ============================================================
[2026-08-08 15:26:46] MFP Cron Sync starting (fallback mode)
[2026-08-08 15:26:46] Cache: flagged-local.json (modified 2026-06-12 07:04:49), 25 actions
[2026-08-08 15:26:46] Posting 25 actions to Playbook API...
[2026-08-08 15:26:47] CRON FALLBACK: Pushed cached local backup (25 actions) to Playbook API
[2026-08-08 15:26:47] Playbook API response: status=ok, count=25, stored_at=2026-08-08T19:26:47.383Z
[2026-08-08 15:26:47] Result: 25 actions synced to Playbook
[2026-08-08 15:26:47] ============================================================
[2026-08-08 15:43:02] ============================================================
[2026-08-08 15:43:02] MFP Cron Sync starting (fallback mode)
[2026-08-08 15:43:02] Cache: flagged-local.json (modified 2026-06-12 07:04:49), 25 actions
[2026-08-08 15:43:02] Posting 25 actions to Playbook API...
[2026-08-08 15:43:02] CRON FALLBACK: Pushed cached local backup (25 actions) to Playbook API
[2026-08-08 15:43:02] Playbook API response: status=ok, count=25, stored_at=2026-08-08T19:43:02.786Z
[2026-08-08 15:43:02] Result: 25 actions synced to Playbook
[2026-08-08 15:43:02] ============================================================
[2026-08-08 15:58:59] ============================================================
[2026-08-08 15:58:59] MFP Cron Sync starting (fallback mode)
[2026-08-08 15:58:59] Cache: flagged-local.json (modified 2026-06-12 07:04:49), 25 actions
[2026-08-08 15:58:59] Posting 25 actions to Playbook API...
[2026-08-08 15:59:00] CRON FALLBACK: Pushed cached local backup (25 actions) to Playbook API
[2026-08-08 15:59:00] Playbook API response: status=ok, count=25, stored_at=2026-08-08T19:59:00.148Z
[2026-08-08 15:59:00] Result: 25 actions synced to Playbook
[2026-08-08 15:59:00] ============================================================
[2026-08-08 16:14:47] ============================================================
[2026-08-08 16:14:47] MFP Cron Sync starting (fallback mode)
[2026-08-08 16:14:47] Cache: flagged-local.json (modified 2026-06-12 07:04:49), 25 actions
[2026-08-08 16:14:47] Posting 25 actions to Playbook API...
[2026-08-08 16:14:48] CRON FALLBACK: Pushed cached local backup (25 actions) to Playbook API
[2026-08-08 16:14:48] Playbook API response: status=ok, count=25, stored_at=2026-08-08T20:14:48.456Z
[2026-08-08 16:14:48] Result: 25 actions synced to Playbook
[2026-08-08 16:14:48] ============================================================
[2026-08-08 16:30:49] ============================================================
[2026-08-08 16:30:49] MFP Cron Sync starting (fallback mode)
[2026-08-08 16:30:49] Cache: flagged-local.json (modified 2026-06-12 07:04:49), 25 actions
[2026-08-08 16:30:49] Posting 25 actions to Playbook API...
[2026-08-08 16:30:49] CRON FALLBACK: Pushed cached local backup (25 actions) to Playbook API
[2026-08-08 16:30:49] Playbook API response: status=ok, count=25, stored_at=2026-08-08T20:30:49.818Z
[2026-08-08 16:30:49] Result: 25 actions synced to Playbook
[2026-08-08 16:30:49] ============================================================
[2026-08-08 16:46:49] ============================================================
[2026-08-08 16:46:49] MFP Cron Sync starting (fallback mode)
[2026-08-08 16:46:49] Cache: flagged-local.json (modified 2026-06-12 07:04:49), 25 actions
[2026-08-08 16:46:49] Posting 25 actions to Playbook API...
[2026-08-08 16:46:49] CRON FALLBACK: Pushed cached local backup (25 actions) to Playbook API
[2026-08-08 16:46:49] Playbook API response: status=ok, count=25, stored_at=2026-08-08T20:46:49.650Z
[2026-08-08 16:46:49] Result: 25 actions synced to Playbook
[2026-08-08 16:46:49] ============================================================
[2026-08-08 17:02:48] ============================================================
[2026-08-08 17:02:48] MFP Cron Sync starting (fallback mode)
[2026-08-08 17:02:48] Cache: flagged-local.json (modified 2026-06-12 07:04:49), 25 actions
[2026-08-08 17:02:48] Posting 25 actions to Playbook API...
[2026-08-08 17:02:49] CRON FALLBACK: Pushed cached local backup (25 actions) to Playbook API
[2026-08-08 17:02:49] Playbook API response: status=ok, count=25, stored_at=2026-08-08T21:02:49.475Z
[2026-08-08 17:02:49] Result: 25 actions synced to Playbook
[2026-08-08 17:02:49] ============================================================
[2026-08-08 17:18:48] ============================================================
[2026-08-08 17:18:48] MFP Cron Sync starting (fallback mode)
[2026-08-08 17:18:48] Cache: flagged-local.json (modified 2026-06-12 07:04:49), 25 actions
[2026-08-08 17:18:48] Posting 25 actions to Playbook API...
[2026-08-08 17:18:49] CRON FALLBACK: Pushed cached local backup (25 actions) to Playbook API
[2026-08-08 17:18:49] Playbook API response: status=ok, count=25, stored_at=2026-08-08T21:18:49.235Z
[2026-08-08 17:18:49] Result: 25 actions synced to Playbook
[2026-08-08 17:18:49] ============================================================
[2026-08-08 17:34:52] ============================================================
[2026-08-08 17:34:52] MFP Cron Sync starting (fallback mode)
[2026-08-08 17:34:52] Cache: flagged-local.json (modified 2026-06-12 07:04:49), 25 actions
[2026-08-08 17:34:52] Posting 25 actions to Playbook API...
[2026-08-08 17:34:52] CRON FALLBACK: Pushed cached local backup (25 actions) to Playbook API
[2026-08-08 17:34:52] Playbook API response: status=ok, count=25, stored_at=2026-08-08T21:34:52.492Z
[2026-08-08 17:34:52] Result: 25 actions synced to Playbook
[2026-08-08 17:34:52] ============================================================
[2026-08-08 17:50:51] ============================================================
[2026-08-08 17:50:51] MFP Cron Sync starting (fallback mode)
[2026-08-08 17:50:51] Cache: flagged-local.json (modified 2026-06-12 07:04:49), 25 actions
[2026-08-08 17:50:51] Posting 25 actions to Playbook API...
[2026-08-08 17:50:52] CRON FALLBACK: Pushed cached local backup (25 actions) to Playbook API
[2026-08-08 17:50:52] Playbook API response: status=ok, count=25, stored_at=2026-08-08T21:50:52.355Z
[2026-08-08 17:50:52] Result: 25 actions synced to Playbook
[2026-08-08 17:50:52] ============================================================
[2026-08-08 18:07:27] ============================================================
[2026-08-08 18:07:27] MFP Cron Sync starting (fallback mode)
[2026-08-08 18:07:27] Cache: flagged-local.json (modified 2026-06-12 07:04:49), 25 actions
[2026-08-08 18:07:27] Posting 25 actions to Playbook API...
[2026-08-08 18:07:29] CRON FALLBACK: Pushed cached local backup (25 actions) to Playbook API
[2026-08-08 18:07:29] Playbook API response: status=ok, count=25, stored_at=2026-08-08T22:07:28.962Z
[2026-08-08 18:07:29] Result: 25 actions synced to Playbook
[2026-08-08 18:07:29] ============================================================
[2026-08-08 18:22:54] ============================================================
[2026-08-08 18:22:54] MFP Cron Sync starting (fallback mode)
[2026-08-08 18:22:54] Cache: flagged-local.json (modified 2026-06-12 07:04:49), 25 actions
[2026-08-08 18:22:54] Posting 25 actions to Playbook API...
[2026-08-08 18:22:55] CRON FALLBACK: Pushed cached local backup (25 actions) to Playbook API
[2026-08-08 18:22:55] Playbook API response: status=ok, count=25, stored_at=2026-08-08T22:22:55.321Z
[2026-08-08 18:22:55] Result: 25 actions synced to Playbook
[2026-08-08 18:22:55] ============================================================
[2026-08-08 18:38:57] ============================================================
[2026-08-08 18:38:57] MFP Cron Sync starting (fallback mode)
[2026-08-08 18:38:57] Cache: flagged-local.json (modified 2026-06-12 07:04:49), 25 actions
[2026-08-08 18:38:57] Posting 25 actions to Playbook API...
[2026-08-08 18:38:58] CRON FALLBACK: Pushed cached local backup (25 actions) to Playbook API
[2026-08-08 18:38:58] Playbook API response: status=ok, count=25, stored_at=2026-08-08T22:38:58.159Z
[2026-08-08 18:38:58] Result: 25 actions synced to Playbook
[2026-08-08 18:38:58] ============================================================
[2026-08-08 18:54:55] ============================================================
[2026-08-08 18:54:55] MFP Cron Sync starting (fallback mode)
[2026-08-08 18:54:55] Cache: flagged-local.json (modified 2026-06-12 07:04:49), 25 actions
[2026-08-08 18:54:55] Posting 25 actions to Playbook API...
[2026-08-08 18:54:56] CRON FALLBACK: Pushed cached local backup (25 actions) to Playbook API
[2026-08-08 18:54:56] Playbook API response: status=ok, count=25, stored_at=2026-08-08T22:54:56.222Z
[2026-08-08 18:54:56] Result: 25 actions synced to Playbook
[2026-08-08 18:54:56] ============================================================
[2026-08-08 19:10:55] ============================================================
[2026-08-08 19:10:55] MFP Cron Sync starting (fallback mode)
[2026-08-08 19:10:55] Cache: flagged-local.json (modified 2026-06-12 07:04:49), 25 actions
[2026-08-08 19:10:55] Posting 25 actions to Playbook API...
[2026-08-08 19:10:56] CRON FALLBACK: Pushed cached local backup (25 actions) to Playbook API
[2026-08-08 19:10:56] Playbook API response: status=ok, count=25, stored_at=2026-08-08T23:10:56.012Z
[2026-08-08 19:10:56] Result: 25 actions synced to Playbook
[2026-08-08 19:10:56] ============================================================
[2026-08-08 19:27:04] ============================================================
[2026-08-08 19:27:04] MFP Cron Sync starting (fallback mode)
[2026-08-08 19:27:04] Cache: flagged-local.json (modified 2026-06-12 07:04:49), 25 actions
[2026-08-08 19:27:04] Posting 25 actions to Playbook API...
[2026-08-08 19:27:05] CRON FALLBACK: Pushed cached local backup (25 actions) to Playbook API
[2026-08-08 19:27:05] Playbook API response: status=ok, count=25, stored_at=2026-08-08T23:27:05.113Z
[2026-08-08 19:27:05] Result: 25 actions synced to Playbook
[2026-08-08 19:27:05] ============================================================
[2026-08-08 19:42:59] ============================================================
[2026-08-08 19:42:59] MFP Cron Sync starting (fallback mode)
[2026-08-08 19:42:59] Cache: flagged-local.json (modified 2026-06-12 07:04:49), 25 actions
[2026-08-08 19:42:59] Posting 25 actions to Playbook API...
[2026-08-08 19:43:00] CRON FALLBACK: Pushed cached local backup (25 actions) to Playbook API
[2026-08-08 19:43:00] Playbook API response: status=ok, count=25, stored_at=2026-08-08T23:43:00.263Z
[2026-08-08 19:43:00] Result: 25 actions synced to Playbook
[2026-08-08 19:43:00] ============================================================
[2026-08-08 19:59:00] ============================================================
[2026-08-08 19:59:00] MFP Cron Sync starting (fallback mode)
[2026-08-08 19:59:00] Cache: flagged-local.json (modified 2026-06-12 07:04:49), 25 actions
[2026-08-08 19:59:00] Posting 25 actions to Playbook API...
[2026-08-08 19:59:01] CRON FALLBACK: Pushed cached local backup (25 actions) to Playbook API
[2026-08-08 19:59:01] Playbook API response: status=ok, count=25, stored_at=2026-08-08T23:59:01.058Z
[2026-08-08 19:59:01] Result: 25 actions synced to Playbook
[2026-08-08 19:59:01] ============================================================
[2026-08-08 20:15:23] ============================================================
[2026-08-08 20:15:23] MFP Cron Sync starting (fallback mode)
[2026-08-08 20:15:23] Cache: flagged-local.json (modified 2026-06-12 07:04:49), 25 actions
[2026-08-08 20:15:23] Posting 25 actions to Playbook API...
[2026-08-08 20:15:24] CRON FALLBACK: Pushed cached local backup (25 actions) to Playbook API
[2026-08-08 20:15:24] Playbook API response: status=ok, count=25, stored_at=2026-08-09T00:15:24.034Z
[2026-08-08 20:15:24] Result: 25 actions synced to Playbook
[2026-08-08 20:15:24] ============================================================
[2026-08-08 20:31:01] ============================================================
[2026-08-08 20:31:01] MFP Cron Sync starting (fallback mode)
[2026-08-08 20:31:01] Cache: flagged-local.json (modified 2026-06-12 07:04:49), 25 actions
[2026-08-08 20:31:01] Posting 25 actions to Playbook API...
[2026-08-08 20:31:02] CRON FALLBACK: Pushed cached local backup (25 actions) to Playbook API
[2026-08-08 20:31:02] Playbook API response: status=ok, count=25, stored_at=2026-08-09T00:31:02.416Z
[2026-08-08 20:31:02] Result: 25 actions synced to Playbook
[2026-08-08 20:31:02] ============================================================
[2026-08-08 20:47:01] ============================================================
[2026-08-08 20:47:01] MFP Cron Sync starting (fallback mode)
[2026-08-08 20:47:01] Cache: flagged-local.json (modified 2026-06-12 07:04:49), 25 actions
[2026-08-08 20:47:01] Posting 25 actions to Playbook API...
[2026-08-08 20:47:02] CRON FALLBACK: Pushed cached local backup (25 actions) to Playbook API
[2026-08-08 20:47:02] Playbook API response: status=ok, count=25, stored_at=2026-08-09T00:47:01.959Z
[2026-08-08 20:47:02] Result: 25 actions synced to Playbook
[2026-08-08 20:47:02] ============================================================
[2026-08-08 21:03:01] ============================================================
[2026-08-08 21:03:01] MFP Cron Sync starting (fallback mode)
[2026-08-08 21:03:01] Cache: flagged-local.json (modified 2026-06-12 07:04:49), 25 actions
[2026-08-08 21:03:01] Posting 25 actions to Playbook API...
[2026-08-08 21:03:02] CRON FALLBACK: Pushed cached local backup (25 actions) to Playbook API
[2026-08-08 21:03:02] Playbook API response: status=ok, count=25, stored_at=2026-08-09T01:03:02.284Z
[2026-08-08 21:03:02] Result: 25 actions synced to Playbook
[2026-08-08 21:03:02] ============================================================
[2026-08-08 21:19:01] ============================================================
[2026-08-08 21:19:01] MFP Cron Sync starting (fallback mode)
[2026-08-08 21:19:01] Cache: flagged-local.json (modified 2026-06-12 07:04:49), 25 actions
[2026-08-08 21:19:01] Posting 25 actions to Playbook API...
[2026-08-08 21:19:01] CRON FALLBACK: Pushed cached local backup (25 actions) to Playbook API
[2026-08-08 21:19:01] Playbook API response: status=ok, count=25, stored_at=2026-08-09T01:19:01.710Z
[2026-08-08 21:19:01] Result: 25 actions synced to Playbook
[2026-08-08 21:19:01] ============================================================
[2026-08-08 21:35:03] ============================================================
[2026-08-08 21:35:03] MFP Cron Sync starting (fallback mode)
[2026-08-08 21:35:03] Cache: flagged-local.json (modified 2026-06-12 07:04:49), 25 actions
[2026-08-08 21:35:03] Posting 25 actions to Playbook API...
[2026-08-08 21:35:04] CRON FALLBACK: Pushed cached local backup (25 actions) to Playbook API
[2026-08-08 21:35:04] Playbook API response: status=ok, count=25, stored_at=2026-08-09T01:35:03.941Z
[2026-08-08 21:35:04] Result: 25 actions synced to Playbook
[2026-08-08 21:35:04] ============================================================
[2026-08-08 21:51:11] ============================================================
[2026-08-08 21:51:11] MFP Cron Sync starting (fallback mode)
[2026-08-08 21:51:11] Cache: flagged-local.json (modified 2026-06-12 07:04:49), 25 actions
[2026-08-08 21:51:11] Posting 25 actions to Playbook API...
[2026-08-08 21:51:12] CRON FALLBACK: Pushed cached local backup (25 actions) to Playbook API
[2026-08-08 21:51:12] Playbook API response: status=ok, count=25, stored_at=2026-08-09T01:51:12.234Z
[2026-08-08 21:51:12] Result: 25 actions synced to Playbook
[2026-08-08 21:51:12] ============================================================
[2026-08-08 22:07:05] ============================================================
[2026-08-08 22:07:05] MFP Cron Sync starting (fallback mode)
[2026-08-08 22:07:05] Cache: flagged-local.json (modified 2026-06-12 07:04:49), 25 actions
[2026-08-08 22:07:05] Posting 25 actions to Playbook API...
[2026-08-08 22:07:06] CRON FALLBACK: Pushed cached local backup (25 actions) to Playbook API
[2026-08-08 22:07:06] Playbook API response: status=ok, count=25, stored_at=2026-08-09T02:07:06.144Z
[2026-08-08 22:07:06] Result: 25 actions synced to Playbook
[2026-08-08 22:07:06] ============================================================
[2026-08-08 22:23:21] ============================================================
[2026-08-08 22:23:21] MFP Cron Sync starting (fallback mode)
[2026-08-08 22:23:21] Cache: flagged-local.json (modified 2026-06-12 07:04:49), 25 actions
[2026-08-08 22:23:21] Posting 25 actions to Playbook API...
[2026-08-08 22:23:22] CRON FALLBACK: Pushed cached local backup (25 actions) to Playbook API
[2026-08-08 22:23:22] Playbook API response: status=ok, count=25, stored_at=2026-08-09T02:23:22.281Z
[2026-08-08 22:23:22] Result: 25 actions synced to Playbook
[2026-08-08 22:23:22] ============================================================
[2026-08-08 22:39:09] ============================================================
[2026-08-08 22:39:09] MFP Cron Sync starting (fallback mode)
[2026-08-08 22:39:09] Cache: flagged-local.json (modified 2026-06-12 07:04:49), 25 actions
[2026-08-08 22:39:09] Posting 25 actions to Playbook API...
[2026-08-08 22:39:10] CRON FALLBACK: Pushed cached local backup (25 actions) to Playbook API
[2026-08-08 22:39:10] Playbook API response: status=ok, count=25, stored_at=2026-08-09T02:39:10.421Z
[2026-08-08 22:39:10] Result: 25 actions synced to Playbook
[2026-08-08 22:39:10] ============================================================
[2026-08-08 22:55:14] ============================================================
[2026-08-08 22:55:14] MFP Cron Sync starting (fallback mode)
[2026-08-08 22:55:14] Cache: flagged-local.json (modified 2026-06-12 07:04:49), 25 actions
[2026-08-08 22:55:14] Posting 25 actions to Playbook API...
[2026-08-08 22:55:15] CRON FALLBACK: Pushed cached local backup (25 actions) to Playbook API
[2026-08-08 22:55:15] Playbook API response: status=ok, count=25, stored_at=2026-08-09T02:55:15.139Z
[2026-08-08 22:55:15] Result: 25 actions synced to Playbook
[2026-08-08 22:55:15] ============================================================
[2026-08-08 23:11:12] ============================================================
[2026-08-08 23:11:12] MFP Cron Sync starting (fallback mode)
[2026-08-08 23:11:12] Cache: flagged-local.json (modified 2026-06-12 07:04:49), 25 actions
[2026-08-08 23:11:12] Posting 25 actions to Playbook API...
[2026-08-08 23:11:13] CRON FALLBACK: Pushed cached local backup (25 actions) to Playbook API
[2026-08-08 23:11:13] Playbook API response: status=ok, count=25, stored_at=2026-08-09T03:11:13.223Z
[2026-08-08 23:11:13] Result: 25 actions synced to Playbook
[2026-08-08 23:11:13] ============================================================
[2026-08-09 11:33:07] ============================================================
[2026-08-09 11:33:07] MFP Cron Sync starting (fallback mode)
[2026-08-09 11:33:07] Cache: flagged-local.json (modified 2026-06-12 07:04:49), 25 actions
[2026-08-09 11:33:07] Posting 25 actions to Playbook API...
[2026-08-09 11:33:08] CRON FALLBACK: Pushed cached local backup (25 actions) to Playbook API
[2026-08-09 11:33:08] Playbook API response: status=ok, count=25, stored_at=2026-08-09T15:33:11.087Z
[2026-08-09 11:33:08] Result: 25 actions synced to Playbook
[2026-08-09 11:33:08] ============================================================
[2026-08-09 11:46:25] ============================================================
[2026-08-09 11:46:25] MFP Cron Sync starting (fallback mode)
[2026-08-09 11:46:25] Cache: flagged-local.json (modified 2026-06-12 07:04:49), 25 actions
[2026-08-09 11:46:25] Posting 25 actions to Playbook API...
[2026-08-09 11:46:25] CRON FALLBACK: Pushed cached local backup (25 actions) to Playbook API
[2026-08-09 11:46:25] Playbook API response: status=ok, count=25, stored_at=2026-08-09T15:46:28.039Z
[2026-08-09 11:46:25] Result: 25 actions synced to Playbook
[2026-08-09 11:46:25] ============================================================
[2026-08-09 12:02:01] ============================================================
[2026-08-09 12:02:01] MFP Cron Sync starting (fallback mode)
[2026-08-09 12:02:01] Cache: flagged-local.json (modified 2026-06-12 07:04:49), 25 actions
[2026-08-09 12:02:01] Posting 25 actions to Playbook API...
[2026-08-09 12:02:02] CRON FALLBACK: Pushed cached local backup (25 actions) to Playbook API
[2026-08-09 12:02:02] Playbook API response: status=ok, count=25, stored_at=2026-08-09T16:02:04.514Z
[2026-08-09 12:02:02] Result: 25 actions synced to Playbook
[2026-08-09 12:02:02] ============================================================
[2026-08-09 12:18:04] ============================================================
[2026-08-09 12:18:04] MFP Cron Sync starting (fallback mode)
[2026-08-09 12:18:04] Cache: flagged-local.json (modified 2026-06-12 07:04:49), 25 actions
[2026-08-09 12:18:04] Posting 25 actions to Playbook API...
[2026-08-09 12:18:05] CRON FALLBACK: Pushed cached local backup (25 actions) to Playbook API
[2026-08-09 12:18:05] Playbook API response: status=ok, count=25, stored_at=2026-08-09T16:18:07.585Z
[2026-08-09 12:18:05] Result: 25 actions synced to Playbook
[2026-08-09 12:18:05] ============================================================
[2026-08-09 12:33:59] ============================================================
[2026-08-09 12:33:59] MFP Cron Sync starting (fallback mode)
[2026-08-09 12:33:59] Cache: flagged-local.json (modified 2026-06-12 07:04:49), 25 actions
[2026-08-09 12:33:59] Posting 25 actions to Playbook API...
[2026-08-09 12:33:59] CRON FALLBACK: Pushed cached local backup (25 actions) to Playbook API
[2026-08-09 12:33:59] Playbook API response: status=ok, count=25, stored_at=2026-08-09T16:34:02.089Z
[2026-08-09 12:33:59] Result: 25 actions synced to Playbook
[2026-08-09 12:33:59] ============================================================
[2026-08-09 12:50:12] ============================================================
[2026-08-09 12:50:12] MFP Cron Sync starting (fallback mode)
[2026-08-09 12:50:12] Cache: flagged-local.json (modified 2026-06-12 07:04:49), 25 actions
[2026-08-09 12:50:12] Posting 25 actions to Playbook API...
[2026-08-09 12:50:13] CRON FALLBACK: Pushed cached local backup (25 actions) to Playbook API
[2026-08-09 12:50:13] Playbook API response: status=ok, count=25, stored_at=2026-08-09T16:50:15.579Z
[2026-08-09 12:50:13] Result: 25 actions synced to Playbook
[2026-08-09 12:50:13] ============================================================
[2026-08-09 13:06:08] ============================================================
[2026-08-09 13:06:08] MFP Cron Sync starting (fallback mode)
[2026-08-09 13:06:08] Cache: flagged-local.json (modified 2026-06-12 07:04:49), 25 actions
[2026-08-09 13:06:08] Posting 25 actions to Playbook API...
[2026-08-09 13:06:09] CRON FALLBACK: Pushed cached local backup (25 actions) to Playbook API
[2026-08-09 13:06:09] Playbook API response: status=ok, count=25, stored_at=2026-08-09T17:06:11.522Z
[2026-08-09 13:06:09] Result: 25 actions synced to Playbook
[2026-08-09 13:06:09] ============================================================
[2026-08-09 13:21:59] ============================================================
[2026-08-09 13:21:59] MFP Cron Sync starting (fallback mode)
[2026-08-09 13:21:59] Cache: flagged-local.json (modified 2026-06-12 07:04:49), 25 actions
[2026-08-09 13:21:59] Posting 25 actions to Playbook API...
[2026-08-09 13:21:59] CRON FALLBACK: Pushed cached local backup (25 actions) to Playbook API
[2026-08-09 13:21:59] Playbook API response: status=ok, count=25, stored_at=2026-08-09T17:22:02.282Z
[2026-08-09 13:21:59] Result: 25 actions synced to Playbook
[2026-08-09 13:21:59] ============================================================
[2026-08-09 13:38:05] ============================================================
[2026-08-09 13:38:05] MFP Cron Sync starting (fallback mode)
[2026-08-09 13:38:05] Cache: flagged-local.json (modified 2026-06-12 07:04:49), 25 actions
[2026-08-09 13:38:05] Posting 25 actions to Playbook API...
[2026-08-09 13:38:06] CRON FALLBACK: Pushed cached local backup (25 actions) to Playbook API
[2026-08-09 13:38:06] Playbook API response: status=ok, count=25, stored_at=2026-08-09T17:38:08.728Z
[2026-08-09 13:38:06] Result: 25 actions synced to Playbook
[2026-08-09 13:38:06] ============================================================
[2026-08-09 13:54:07] ============================================================
[2026-08-09 13:54:07] MFP Cron Sync starting (fallback mode)
[2026-08-09 13:54:07] Cache: flagged-local.json (modified 2026-06-12 07:04:49), 25 actions
[2026-08-09 13:54:07] Posting 25 actions to Playbook API...
[2026-08-09 13:54:07] CRON FALLBACK: Pushed cached local backup (25 actions) to Playbook API
[2026-08-09 13:54:07] Playbook API response: status=ok, count=25, stored_at=2026-08-09T17:54:10.078Z
[2026-08-09 13:54:07] Result: 25 actions synced to Playbook
[2026-08-09 13:54:07] ============================================================
[2026-08-09 14:10:13] ============================================================
[2026-08-09 14:10:13] MFP Cron Sync starting (fallback mode)
[2026-08-09 14:10:13] Cache: flagged-local.json (modified 2026-06-12 07:04:49), 25 actions
[2026-08-09 14:10:13] Posting 25 actions to Playbook API...
[2026-08-09 14:10:13] CRON FALLBACK: Pushed cached local backup (25 actions) to Playbook API
[2026-08-09 14:10:13] Playbook API response: status=ok, count=25, stored_at=2026-08-09T18:10:16.020Z
[2026-08-09 14:10:13] Result: 25 actions synced to Playbook
[2026-08-09 14:10:13] ============================================================
[2026-08-09 14:26:02] ============================================================
[2026-08-09 14:26:02] MFP Cron Sync starting (fallback mode)
[2026-08-09 14:26:02] Cache: flagged-local.json (modified 2026-06-12 07:04:49), 25 actions
[2026-08-09 14:26:02] Posting 25 actions to Playbook API...
[2026-08-09 14:26:03] CRON FALLBACK: Pushed cached local backup (25 actions) to Playbook API
[2026-08-09 14:26:03] Playbook API response: status=ok, count=25, stored_at=2026-08-09T18:26:05.944Z
[2026-08-09 14:26:03] Result: 25 actions synced to Playbook
[2026-08-09 14:26:03] ============================================================
[2026-08-09 14:42:05] ============================================================
[2026-08-09 14:42:05] MFP Cron Sync starting (fallback mode)
[2026-08-09 14:42:05] Cache: flagged-local.json (modified 2026-06-12 07:04:49), 25 actions
[2026-08-09 14:42:05] Posting 25 actions to Playbook API...
[2026-08-09 14:42:06] CRON FALLBACK: Pushed cached local backup (25 actions) to Playbook API
[2026-08-09 14:42:06] Playbook API response: status=ok, count=25, stored_at=2026-08-09T18:42:08.876Z
[2026-08-09 14:42:06] Result: 25 actions synced to Playbook
[2026-08-09 14:42:06] ============================================================
[2026-08-09 14:58:00] ============================================================
[2026-08-09 14:58:00] MFP Cron Sync starting (fallback mode)
[2026-08-09 14:58:00] Cache: flagged-local.json (modified 2026-06-12 07:04:49), 25 actions
[2026-08-09 14:58:00] Posting 25 actions to Playbook API...
[2026-08-09 14:58:00] CRON FALLBACK: Pushed cached local backup (25 actions) to Playbook API
[2026-08-09 14:58:00] Playbook API response: status=ok, count=25, stored_at=2026-08-09T18:58:03.226Z
[2026-08-09 14:58:00] Result: 25 actions synced to Playbook
[2026-08-09 14:58:00] ============================================================
[2026-08-09 15:14:04] ============================================================
[2026-08-09 15:14:04] MFP Cron Sync starting (fallback mode)
[2026-08-09 15:14:04] Cache: flagged-local.json (modified 2026-06-12 07:04:49), 25 actions
[2026-08-09 15:14:04] Posting 25 actions to Playbook API...
[2026-08-09 15:14:04] CRON FALLBACK: Pushed cached local backup (25 actions) to Playbook API
[2026-08-09 15:14:04] Playbook API response: status=ok, count=25, stored_at=2026-08-09T19:14:07.199Z
[2026-08-09 15:14:04] Result: 25 actions synced to Playbook
[2026-08-09 15:14:04] ============================================================
[2026-08-09 15:30:20] ============================================================
[2026-08-09 15:30:20] MFP Cron Sync starting (fallback mode)
[2026-08-09 15:30:20] Cache: flagged-local.json (modified 2026-06-12 07:04:49), 25 actions
[2026-08-09 15:30:20] Posting 25 actions to Playbook API...
[2026-08-09 15:30:21] CRON FALLBACK: Pushed cached local backup (25 actions) to Playbook API
[2026-08-09 15:30:21] Playbook API response: status=ok, count=25, stored_at=2026-08-09T19:30:23.454Z
[2026-08-09 15:30:21] Result: 25 actions synced to Playbook
[2026-08-09 15:30:21] ============================================================
[2026-08-09 15:46:23] ============================================================
[2026-08-09 15:46:23] MFP Cron Sync starting (fallback mode)
[2026-08-09 15:46:23] Cache: flagged-local.json (modified 2026-06-12 07:04:49), 25 actions
[2026-08-09 15:46:23] Posting 25 actions to Playbook API...
[2026-08-09 15:46:23] CRON FALLBACK: Pushed cached local backup (25 actions) to Playbook API
[2026-08-09 15:46:23] Playbook API response: status=ok, count=25, stored_at=2026-08-09T19:46:26.137Z
[2026-08-09 15:46:23] Result: 25 actions synced to Playbook
[2026-08-09 15:46:23] ============================================================
[2026-08-09 16:02:04] ============================================================
[2026-08-09 16:02:04] MFP Cron Sync starting (fallback mode)
[2026-08-09 16:02:04] Cache: flagged-local.json (modified 2026-06-12 07:04:49), 25 actions
[2026-08-09 16:02:04] Posting 25 actions to Playbook API...
[2026-08-09 16:02:05] CRON FALLBACK: Pushed cached local backup (25 actions) to Playbook API
[2026-08-09 16:02:05] Playbook API response: status=ok, count=25, stored_at=2026-08-09T20:02:08.006Z
[2026-08-09 16:02:05] Result: 25 actions synced to Playbook
[2026-08-09 16:02:05] ============================================================
[2026-08-09 16:18:04] ============================================================
[2026-08-09 16:18:04] MFP Cron Sync starting (fallback mode)
[2026-08-09 16:18:04] Cache: flagged-local.json (modified 2026-06-12 07:04:49), 25 actions
[2026-08-09 16:18:04] Posting 25 actions to Playbook API...
[2026-08-09 16:18:05] CRON FALLBACK: Pushed cached local backup (25 actions) to Playbook API
[2026-08-09 16:18:05] Playbook API response: status=ok, count=25, stored_at=2026-08-09T20:18:05.446Z
[2026-08-09 16:18:05] Result: 25 actions synced to Playbook
[2026-08-09 16:18:05] ============================================================
[2026-08-09 16:34:09] ============================================================
[2026-08-09 16:34:09] MFP Cron Sync starting (fallback mode)
[2026-08-09 16:34:09] Cache: flagged-local.json (modified 2026-06-12 07:04:49), 25 actions
[2026-08-09 16:34:09] Posting 25 actions to Playbook API...
[2026-08-09 16:34:10] CRON FALLBACK: Pushed cached local backup (25 actions) to Playbook API
[2026-08-09 16:34:10] Playbook API response: status=ok, count=25, stored_at=2026-08-09T20:34:10.281Z
[2026-08-09 16:34:10] Result: 25 actions synced to Playbook
[2026-08-09 16:34:10] ============================================================
[2026-08-09 16:50:23] ============================================================
[2026-08-09 16:50:23] MFP Cron Sync starting (fallback mode)
[2026-08-09 16:50:23] Cache: flagged-local.json (modified 2026-06-12 07:04:49), 25 actions
[2026-08-09 16:50:23] Posting 25 actions to Playbook API...
[2026-08-09 16:50:24] CRON FALLBACK: Pushed cached local backup (25 actions) to Playbook API
[2026-08-09 16:50:24] Playbook API response: status=ok, count=25, stored_at=2026-08-09T20:50:24.628Z
[2026-08-09 16:50:24] Result: 25 actions synced to Playbook
[2026-08-09 16:50:24] ============================================================
[2026-08-09 17:07:07] ============================================================
[2026-08-09 17:07:07] MFP Cron Sync starting (fallback mode)
[2026-08-09 17:07:07] Cache: flagged-local.json (modified 2026-06-12 07:04:49), 25 actions
[2026-08-09 17:07:07] Posting 25 actions to Playbook API...
[2026-08-09 17:07:08] CRON FALLBACK: Pushed cached local backup (25 actions) to Playbook API
[2026-08-09 17:07:08] Playbook API response: status=ok, count=25, stored_at=2026-08-09T21:07:08.104Z
[2026-08-09 17:07:08] Result: 25 actions synced to Playbook
[2026-08-09 17:07:08] ============================================================
[2026-08-09 17:23:20] ============================================================
[2026-08-09 17:23:20] MFP Cron Sync starting (fallback mode)
[2026-08-09 17:23:20] Cache: flagged-local.json (modified 2026-06-12 07:04:49), 25 actions
[2026-08-09 17:23:20] Posting 25 actions to Playbook API...
[2026-08-09 17:23:20] CRON FALLBACK: Pushed cached local backup (25 actions) to Playbook API
[2026-08-09 17:23:20] Playbook API response: status=ok, count=25, stored_at=2026-08-09T21:23:20.859Z
[2026-08-09 17:23:20] Result: 25 actions synced to Playbook
[2026-08-09 17:23:20] ============================================================
[2026-08-09 17:39:13] ============================================================
[2026-08-09 17:39:13] MFP Cron Sync starting (fallback mode)
[2026-08-09 17:39:13] Cache: flagged-local.json (modified 2026-06-12 07:04:49), 25 actions
[2026-08-09 17:39:13] Posting 25 actions to Playbook API...
[2026-08-09 17:39:14] CRON FALLBACK: Pushed cached local backup (25 actions) to Playbook API
[2026-08-09 17:39:14] Playbook API response: status=ok, count=25, stored_at=2026-08-09T21:39:14.251Z
[2026-08-09 17:39:14] Result: 25 actions synced to Playbook
[2026-08-09 17:39:14] ============================================================
[2026-08-09 17:55:10] ============================================================
[2026-08-09 17:55:10] MFP Cron Sync starting (fallback mode)
[2026-08-09 17:55:10] Cache: flagged-local.json (modified 2026-06-12 07:04:49), 25 actions
[2026-08-09 17:55:10] Posting 25 actions to Playbook API...
[2026-08-09 17:55:11] CRON FALLBACK: Pushed cached local backup (25 actions) to Playbook API
[2026-08-09 17:55:11] Playbook API response: status=ok, count=25, stored_at=2026-08-09T21:55:11.190Z
[2026-08-09 17:55:11] Result: 25 actions synced to Playbook
[2026-08-09 17:55:11] ============================================================
[2026-08-09 18:11:25] ============================================================
[2026-08-09 18:11:25] MFP Cron Sync starting (fallback mode)
[2026-08-09 18:11:25] Cache: flagged-local.json (modified 2026-06-12 07:04:49), 25 actions
[2026-08-09 18:11:25] Posting 25 actions to Playbook API...
[2026-08-09 18:11:26] CRON FALLBACK: Pushed cached local backup (25 actions) to Playbook API
[2026-08-09 18:11:26] Playbook API response: status=ok, count=25, stored_at=2026-08-09T22:11:26.478Z
[2026-08-09 18:11:26] Result: 25 actions synced to Playbook
[2026-08-09 18:11:26] ============================================================
[2026-08-09 18:27:12] ============================================================
[2026-08-09 18:27:12] MFP Cron Sync starting (fallback mode)
[2026-08-09 18:27:12] Cache: flagged-local.json (modified 2026-06-12 07:04:49), 25 actions
[2026-08-09 18:27:12] Posting 25 actions to Playbook API...
[2026-08-09 18:27:12] CRON FALLBACK: Pushed cached local backup (25 actions) to Playbook API
[2026-08-09 18:27:12] Playbook API response: status=ok, count=25, stored_at=2026-08-09T22:27:12.891Z
[2026-08-09 18:27:12] Result: 25 actions synced to Playbook
[2026-08-09 18:27:12] ============================================================
[2026-08-09 18:43:17] ============================================================
[2026-08-09 18:43:17] MFP Cron Sync starting (fallback mode)
[2026-08-09 18:43:17] Cache: flagged-local.json (modified 2026-06-12 07:04:49), 25 actions
[2026-08-09 18:43:17] Posting 25 actions to Playbook API...
[2026-08-09 18:43:17] CRON FALLBACK: Pushed cached local backup (25 actions) to Playbook API
[2026-08-09 18:43:17] Playbook API response: status=ok, count=25, stored_at=2026-08-09T22:43:17.840Z
[2026-08-09 18:43:17] Result: 25 actions synced to Playbook
[2026-08-09 18:43:17] ============================================================
[2026-08-09 18:59:24] ============================================================
[2026-08-09 18:59:24] MFP Cron Sync starting (fallback mode)
[2026-08-09 18:59:24] Cache: flagged-local.json (modified 2026-06-12 07:04:49), 25 actions
[2026-08-09 18:59:24] Posting 25 actions to Playbook API...
[2026-08-09 18:59:24] CRON FALLBACK: Pushed cached local backup (25 actions) to Playbook API
[2026-08-09 18:59:24] Playbook API response: status=ok, count=25, stored_at=2026-08-09T22:59:24.547Z
[2026-08-09 18:59:24] Result: 25 actions synced to Playbook
[2026-08-09 18:59:24] ============================================================
[2026-08-09 19:15:29] ============================================================
[2026-08-09 19:15:29] MFP Cron Sync starting (fallback mode)
[2026-08-09 19:15:29] Cache: flagged-local.json (modified 2026-06-12 07:04:49), 25 actions
[2026-08-09 19:15:29] Posting 25 actions to Playbook API...
[2026-08-09 19:15:29] CRON FALLBACK: Pushed cached local backup (25 actions) to Playbook API
[2026-08-09 19:15:29] Playbook API response: status=ok, count=25, stored_at=2026-08-09T23:15:29.838Z
[2026-08-09 19:15:29] Result: 25 actions synced to Playbook
[2026-08-09 19:15:29] ============================================================
[2026-08-09 19:31:17] ============================================================
[2026-08-09 19:31:17] MFP Cron Sync starting (fallback mode)
[2026-08-09 19:31:17] Cache: flagged-local.json (modified 2026-06-12 07:04:49), 25 actions
[2026-08-09 19:31:17] Posting 25 actions to Playbook API...
[2026-08-09 19:31:17] CRON FALLBACK: Pushed cached local backup (25 actions) to Playbook API
[2026-08-09 19:31:17] Playbook API response: status=ok, count=25, stored_at=2026-08-09T23:31:17.564Z
[2026-08-09 19:31:17] Result: 25 actions synced to Playbook
[2026-08-09 19:31:17] ============================================================
[2026-08-09 19:47:17] ============================================================
[2026-08-09 19:47:17] MFP Cron Sync starting (fallback mode)
[2026-08-09 19:47:17] Cache: flagged-local.json (modified 2026-06-12 07:04:49), 25 actions
[2026-08-09 19:47:17] Posting 25 actions to Playbook API...
[2026-08-09 19:47:18] CRON FALLBACK: Pushed cached local backup (25 actions) to Playbook API
[2026-08-09 19:47:18] Playbook API response: status=ok, count=25, stored_at=2026-08-09T23:47:18.432Z
[2026-08-09 19:47:18] Result: 25 actions synced to Playbook
[2026-08-09 19:47:18] ============================================================
[2026-08-09 20:03:28] ============================================================
[2026-08-09 20:03:28] MFP Cron Sync starting (fallback mode)
[2026-08-09 20:03:28] Cache: flagged-local.json (modified 2026-06-12 07:04:49), 25 actions
[2026-08-09 20:03:28] Posting 25 actions to Playbook API...
[2026-08-09 20:03:29] CRON FALLBACK: Pushed cached local backup (25 actions) to Playbook API
[2026-08-09 20:03:29] Playbook API response: status=ok, count=25, stored_at=2026-08-10T00:03:29.246Z
[2026-08-09 20:03:29] Result: 25 actions synced to Playbook
[2026-08-09 20:03:29] ============================================================
[2026-08-09 20:19:16] ============================================================
[2026-08-09 20:19:16] MFP Cron Sync starting (fallback mode)
[2026-08-09 20:19:16] Cache: flagged-local.json (modified 2026-06-12 07:04:49), 25 actions
[2026-08-09 20:19:16] Posting 25 actions to Playbook API...
[2026-08-09 20:19:17] CRON FALLBACK: Pushed cached local backup (25 actions) to Playbook API
[2026-08-09 20:19:17] Playbook API response: status=ok, count=25, stored_at=2026-08-10T00:19:17.441Z
[2026-08-09 20:19:17] Result: 25 actions synced to Playbook
[2026-08-09 20:19:17] ============================================================
[2026-08-09 20:35:22] ============================================================
[2026-08-09 20:35:22] MFP Cron Sync starting (fallback mode)
[2026-08-09 20:35:22] Cache: flagged-local.json (modified 2026-06-12 07:04:49), 25 actions
[2026-08-09 20:35:22] Posting 25 actions to Playbook API...
[2026-08-09 20:35:22] CRON FALLBACK: Pushed cached local backup (25 actions) to Playbook API
[2026-08-09 20:35:22] Playbook API response: status=ok, count=25, stored_at=2026-08-10T00:35:22.712Z
[2026-08-09 20:35:22] Result: 25 actions synced to Playbook
[2026-08-09 20:35:22] ============================================================
[2026-08-09 20:51:28] ============================================================
[2026-08-09 20:51:28] MFP Cron Sync starting (fallback mode)
[2026-08-09 20:51:28] Cache: flagged-local.json (modified 2026-06-12 07:04:49), 25 actions
[2026-08-09 20:51:28] Posting 25 actions to Playbook API...
[2026-08-09 20:51:29] CRON FALLBACK: Pushed cached local backup (25 actions) to Playbook API
[2026-08-09 20:51:29] Playbook API response: status=ok, count=25, stored_at=2026-08-10T00:51:29.681Z
[2026-08-09 20:51:29] Result: 25 actions synced to Playbook
[2026-08-09 20:51:29] ============================================================
[2026-08-09 21:07:25] ============================================================
[2026-08-09 21:07:25] MFP Cron Sync starting (fallback mode)
[2026-08-09 21:07:25] Cache: flagged-local.json (modified 2026-06-12 07:04:49), 25 actions
[2026-08-09 21:07:25] Posting 25 actions to Playbook API...
[2026-08-09 21:07:26] CRON FALLBACK: Pushed cached local backup (25 actions) to Playbook API
[2026-08-09 21:07:26] Playbook API response: status=ok, count=25, stored_at=2026-08-10T01:07:26.294Z
[2026-08-09 21:07:26] Result: 25 actions synced to Playbook
[2026-08-09 21:07:26] ============================================================
[2026-08-09 21:23:24] ============================================================
[2026-08-09 21:23:24] MFP Cron Sync starting (fallback mode)
[2026-08-09 21:23:24] Cache: flagged-local.json (modified 2026-06-12 07:04:49), 25 actions
[2026-08-09 21:23:24] Posting 25 actions to Playbook API...
[2026-08-09 21:23:25] CRON FALLBACK: Pushed cached local backup (25 actions) to Playbook API
[2026-08-09 21:23:25] Playbook API response: status=ok, count=25, stored_at=2026-08-10T01:23:25.445Z
[2026-08-09 21:23:25] Result: 25 actions synced to Playbook
[2026-08-09 21:23:25] ============================================================
[2026-08-09 21:39:34] ============================================================
[2026-08-09 21:39:34] MFP Cron Sync starting (fallback mode)
[2026-08-09 21:39:34] Cache: flagged-local.json (modified 2026-06-12 07:04:49), 25 actions
[2026-08-09 21:39:34] Posting 25 actions to Playbook API...
[2026-08-09 21:39:35] CRON FALLBACK: Pushed cached local backup (25 actions) to Playbook API
[2026-08-09 21:39:35] Playbook API response: status=ok, count=25, stored_at=2026-08-10T01:39:35.492Z
[2026-08-09 21:39:35] Result: 25 actions synced to Playbook
[2026-08-09 21:39:35] ============================================================
[2026-08-09 21:55:15] ============================================================
[2026-08-09 21:55:15] MFP Cron Sync starting (fallback mode)
[2026-08-09 21:55:15] Cache: flagged-local.json (modified 2026-06-12 07:04:49), 25 actions
[2026-08-09 21:55:15] Posting 25 actions to Playbook API...
[2026-08-09 21:55:16] CRON FALLBACK: Pushed cached local backup (25 actions) to Playbook API
[2026-08-09 21:55:16] Playbook API response: status=ok, count=25, stored_at=2026-08-10T01:55:16.684Z
[2026-08-09 21:55:16] Result: 25 actions synced to Playbook
[2026-08-09 21:55:16] ============================================================
[2026-08-09 22:12:00] ============================================================
[2026-08-09 22:12:00] MFP Cron Sync starting (fallback mode)
[2026-08-09 22:12:00] Cache: flagged-local.json (modified 2026-06-12 07:04:49), 25 actions
[2026-08-09 22:12:00] Posting 25 actions to Playbook API...
[2026-08-09 22:12:00] CRON FALLBACK: Pushed cached local backup (25 actions) to Playbook API
[2026-08-09 22:12:00] Playbook API response: status=ok, count=25, stored_at=2026-08-10T02:12:00.866Z
[2026-08-09 22:12:00] Result: 25 actions synced to Playbook
[2026-08-09 22:12:00] ============================================================
[2026-08-09 22:28:32] ============================================================
[2026-08-09 22:28:32] MFP Cron Sync starting (fallback mode)
[2026-08-09 22:28:32] Cache: flagged-local.json (modified 2026-06-12 07:04:49), 25 actions
[2026-08-09 22:28:32] Posting 25 actions to Playbook API...
[2026-08-09 22:28:33] CRON FALLBACK: Pushed cached local backup (25 actions) to Playbook API
[2026-08-09 22:28:33] Playbook API response: status=ok, count=25, stored_at=2026-08-10T02:28:33.102Z
[2026-08-09 22:28:33] Result: 25 actions synced to Playbook
[2026-08-09 22:28:33] ============================================================
[2026-08-09 22:45:15] ============================================================
[2026-08-09 22:45:15] MFP Cron Sync starting (fallback mode)
[2026-08-09 22:45:15] Cache: flagged-local.json (modified 2026-06-12 07:04:49), 25 actions
[2026-08-09 22:45:15] Posting 25 actions to Playbook API...
[2026-08-09 22:45:15] CRON FALLBACK: Pushed cached local backup (25 actions) to Playbook API
[2026-08-09 22:45:15] Playbook API response: status=ok, count=25, stored_at=2026-08-10T02:45:15.853Z
[2026-08-09 22:45:15] Result: 25 actions synced to Playbook
[2026-08-09 22:45:15] ============================================================
[2026-08-09 23:01:26] ============================================================
[2026-08-09 23:01:26] MFP Cron Sync starting (fallback mode)
[2026-08-09 23:01:26] Cache: flagged-local.json (modified 2026-06-12 07:04:49), 25 actions
[2026-08-09 23:01:26] Posting 25 actions to Playbook API...
[2026-08-09 23:01:26] CRON FALLBACK: Pushed cached local backup (25 actions) to Playbook API
[2026-08-09 23:01:26] Playbook API response: status=ok, count=25, stored_at=2026-08-10T03:01:26.741Z
[2026-08-09 23:01:26] Result: 25 actions synced to Playbook
[2026-08-09 23:01:26] ============================================================
[2026-08-09 23:17:38] ============================================================
[2026-08-09 23:17:38] MFP Cron Sync starting (fallback mode)
[2026-08-09 23:17:38] Cache: flagged-local.json (modified 2026-06-12 07:04:49), 25 actions
[2026-08-09 23:17:38] Posting 25 actions to Playbook API...
[2026-08-09 23:17:39] CRON FALLBACK: Pushed cached local backup (25 actions) to Playbook API
[2026-08-09 23:17:39] Playbook API response: status=ok, count=25, stored_at=2026-08-10T03:17:39.451Z
[2026-08-09 23:17:39] Result: 25 actions synced to Playbook
[2026-08-09 23:17:39] ============================================================
[2026-08-09 23:33:28] ============================================================
[2026-08-09 23:33:28] MFP Cron Sync starting (fallback mode)
[2026-08-09 23:33:28] Cache: flagged-local.json (modified 2026-06-12 07:04:49), 25 actions
[2026-08-09 23:33:28] Posting 25 actions to Playbook API...
[2026-08-09 23:33:29] CRON FALLBACK: Pushed cached local backup (25 actions) to Playbook API
[2026-08-09 23:33:29] Playbook API response: status=ok, count=25, stored_at=2026-08-10T03:33:28.929Z
[2026-08-09 23:33:29] Result: 25 actions synced to Playbook
[2026-08-09 23:33:29] ============================================================
[2026-08-09 23:49:41] ============================================================
[2026-08-09 23:49:41] MFP Cron Sync starting (fallback mode)
[2026-08-09 23:49:41] Cache: flagged-local.json (modified 2026-06-12 07:04:49), 25 actions
[2026-08-09 23:49:41] Posting 25 actions to Playbook API...
[2026-08-09 23:49:41] CRON FALLBACK: Pushed cached local backup (25 actions) to Playbook API
[2026-08-09 23:49:41] Playbook API response: status=ok, count=25, stored_at=2026-08-10T03:49:41.867Z
[2026-08-09 23:49:41] Result: 25 actions synced to Playbook
[2026-08-09 23:49:41] ============================================================
[2026-08-10 00:06:06] ============================================================
[2026-08-10 00:06:06] MFP Cron Sync starting (fallback mode)
[2026-08-10 00:06:06] Cache: flagged-local.json (modified 2026-06-12 07:04:49), 25 actions
[2026-08-10 00:06:06] Posting 25 actions to Playbook API...
[2026-08-10 00:06:06] CRON FALLBACK: Pushed cached local backup (25 actions) to Playbook API
[2026-08-10 00:06:06] Playbook API response: status=ok, count=25, stored_at=2026-08-10T04:06:06.876Z
[2026-08-10 00:06:06] Result: 25 actions synced to Playbook
[2026-08-10 00:06:06] ============================================================
[2026-08-10 00:22:28] ============================================================
[2026-08-10 00:22:28] MFP Cron Sync starting (fallback mode)
[2026-08-10 00:22:28] Cache: flagged-local.json (modified 2026-06-12 07:04:49), 25 actions
[2026-08-10 00:22:28] Posting 25 actions to Playbook API...
[2026-08-10 00:22:28] CRON FALLBACK: Pushed cached local backup (25 actions) to Playbook API
[2026-08-10 00:22:28] Playbook API response: status=ok, count=25, stored_at=2026-08-10T04:22:28.509Z
[2026-08-10 00:22:28] Result: 25 actions synced to Playbook
[2026-08-10 00:22:28] ============================================================
[2026-08-10 00:38:28] ============================================================
[2026-08-10 00:38:28] MFP Cron Sync starting (fallback mode)
[2026-08-10 00:38:28] Cache: flagged-local.json (modified 2026-06-12 07:04:49), 25 actions
[2026-08-10 00:38:28] Posting 25 actions to Playbook API...
[2026-08-10 00:38:29] CRON FALLBACK: Pushed cached local backup (25 actions) to Playbook API
[2026-08-10 00:38:29] Playbook API response: status=ok, count=25, stored_at=2026-08-10T04:38:29.430Z
[2026-08-10 00:38:29] Result: 25 actions synced to Playbook
[2026-08-10 00:38:29] ============================================================
[2026-08-10 00:54:21] ============================================================
[2026-08-10 00:54:21] MFP Cron Sync starting (fallback mode)
[2026-08-10 00:54:21] Cache: flagged-local.json (modified 2026-06-12 07:04:49), 25 actions
[2026-08-10 00:54:21] Posting 25 actions to Playbook API...
[2026-08-10 00:54:21] CRON FALLBACK: Pushed cached local backup (25 actions) to Playbook API
[2026-08-10 00:54:21] Playbook API response: status=ok, count=25, stored_at=2026-08-10T04:54:21.859Z
[2026-08-10 00:54:21] Result: 25 actions synced to Playbook
[2026-08-10 00:54:21] ============================================================
[2026-08-10 01:10:23] ============================================================
[2026-08-10 01:10:23] MFP Cron Sync starting (fallback mode)
[2026-08-10 01:10:23] Cache: flagged-local.json (modified 2026-06-12 07:04:49), 25 actions
[2026-08-10 01:10:23] Posting 25 actions to Playbook API...
[2026-08-10 01:10:23] CRON FALLBACK: Pushed cached local backup (25 actions) to Playbook API
[2026-08-10 01:10:23] Playbook API response: status=ok, count=25, stored_at=2026-08-10T05:10:23.807Z
[2026-08-10 01:10:23] Result: 25 actions synced to Playbook
[2026-08-10 01:10:23] ============================================================
[2026-08-10 01:26:29] ============================================================
[2026-08-10 01:26:29] MFP Cron Sync starting (fallback mode)
[2026-08-10 01:26:29] Cache: flagged-local.json (modified 2026-06-12 07:04:49), 25 actions
[2026-08-10 01:26:29] Posting 25 actions to Playbook API...
[2026-08-10 01:26:29] CRON FALLBACK: Pushed cached local backup (25 actions) to Playbook API
[2026-08-10 01:26:29] Playbook API response: status=ok, count=25, stored_at=2026-08-10T05:26:29.694Z
[2026-08-10 01:26:29] Result: 25 actions synced to Playbook
[2026-08-10 01:26:29] ============================================================
[2026-08-10 01:42:26] ============================================================
[2026-08-10 01:42:26] MFP Cron Sync starting (fallback mode)
[2026-08-10 01:42:26] Cache: flagged-local.json (modified 2026-06-12 07:04:49), 25 actions
[2026-08-10 01:42:26] Posting 25 actions to Playbook API...
[2026-08-10 01:42:27] CRON FALLBACK: Pushed cached local backup (25 actions) to Playbook API
[2026-08-10 01:42:27] Playbook API response: status=ok, count=25, stored_at=2026-08-10T05:42:27.169Z
[2026-08-10 01:42:27] Result: 25 actions synced to Playbook
[2026-08-10 01:42:27] ============================================================
[2026-08-10 01:58:28] ============================================================
[2026-08-10 01:58:28] MFP Cron Sync starting (fallback mode)
[2026-08-10 01:58:28] Cache: flagged-local.json (modified 2026-06-12 07:04:49), 25 actions
[2026-08-10 01:58:28] Posting 25 actions to Playbook API...
[2026-08-10 01:58:28] CRON FALLBACK: Pushed cached local backup (25 actions) to Playbook API
[2026-08-10 01:58:28] Playbook API response: status=ok, count=25, stored_at=2026-08-10T05:58:28.683Z
[2026-08-10 01:58:28] Result: 25 actions synced to Playbook
[2026-08-10 01:58:28] ============================================================
[2026-08-10 02:14:47] ============================================================
[2026-08-10 02:14:47] MFP Cron Sync starting (fallback mode)
[2026-08-10 02:14:47] Cache: flagged-local.json (modified 2026-06-12 07:04:49), 25 actions
[2026-08-10 02:14:47] Posting 25 actions to Playbook API...
[2026-08-10 02:14:48] CRON FALLBACK: Pushed cached local backup (25 actions) to Playbook API
[2026-08-10 02:14:48] Playbook API response: status=ok, count=25, stored_at=2026-08-10T06:14:47.919Z
[2026-08-10 02:14:48] Result: 25 actions synced to Playbook
[2026-08-10 02:14:48] ============================================================
[2026-08-10 02:30:48] ============================================================
[2026-08-10 02:30:48] MFP Cron Sync starting (fallback mode)
[2026-08-10 02:30:48] Cache: flagged-local.json (modified 2026-06-12 07:04:49), 25 actions
[2026-08-10 02:30:48] Posting 25 actions to Playbook API...
[2026-08-10 02:30:49] CRON FALLBACK: Pushed cached local backup (25 actions) to Playbook API
[2026-08-10 02:30:49] Playbook API response: status=ok, count=25, stored_at=2026-08-10T06:30:49.296Z
[2026-08-10 02:30:49] Result: 25 actions synced to Playbook
[2026-08-10 02:30:49] ============================================================
[2026-08-10 02:47:10] ============================================================
[2026-08-10 02:47:10] MFP Cron Sync starting (fallback mode)
[2026-08-10 02:47:10] Cache: flagged-local.json (modified 2026-06-12 07:04:49), 25 actions
[2026-08-10 02:47:10] Posting 25 actions to Playbook API...
[2026-08-10 02:47:11] CRON FALLBACK: Pushed cached local backup (25 actions) to Playbook API
[2026-08-10 02:47:11] Playbook API response: status=ok, count=25, stored_at=2026-08-10T06:47:11.080Z
[2026-08-10 02:47:11] Result: 25 actions synced to Playbook
[2026-08-10 02:47:11] ============================================================
[2026-08-10 03:03:26] ============================================================
[2026-08-10 03:03:26] MFP Cron Sync starting (fallback mode)
[2026-08-10 03:03:26] Cache: flagged-local.json (modified 2026-06-12 07:04:49), 25 actions
[2026-08-10 03:03:26] Posting 25 actions to Playbook API...
[2026-08-10 03:03:27] CRON FALLBACK: Pushed cached local backup (25 actions) to Playbook API
[2026-08-10 03:03:27] Playbook API response: status=ok, count=25, stored_at=2026-08-10T07:03:26.930Z
[2026-08-10 03:03:27] Result: 25 actions synced to Playbook
[2026-08-10 03:03:27] ============================================================
[2026-08-10 03:19:39] ============================================================
[2026-08-10 03:19:39] MFP Cron Sync starting (fallback mode)
[2026-08-10 03:19:39] Cache: flagged-local.json (modified 2026-06-12 07:04:49), 25 actions
[2026-08-10 03:19:39] Posting 25 actions to Playbook API...
[2026-08-10 03:19:39] CRON FALLBACK: Pushed cached local backup (25 actions) to Playbook API
[2026-08-10 03:19:39] Playbook API response: status=ok, count=25, stored_at=2026-08-10T07:19:39.735Z
[2026-08-10 03:19:39] Result: 25 actions synced to Playbook
[2026-08-10 03:19:39] ============================================================
[2026-08-10 03:35:50] ============================================================
[2026-08-10 03:35:50] MFP Cron Sync starting (fallback mode)
[2026-08-10 03:35:50] Cache: flagged-local.json (modified 2026-06-12 07:04:49), 25 actions
[2026-08-10 03:35:50] Posting 25 actions to Playbook API...
[2026-08-10 03:35:51] CRON FALLBACK: Pushed cached local backup (25 actions) to Playbook API
[2026-08-10 03:35:51] Playbook API response: status=ok, count=25, stored_at=2026-08-10T07:35:51.293Z
[2026-08-10 03:35:51] Result: 25 actions synced to Playbook
[2026-08-10 03:35:51] ============================================================
[2026-08-10 03:52:14] ============================================================
[2026-08-10 03:52:14] MFP Cron Sync starting (fallback mode)
[2026-08-10 03:52:14] Cache: flagged-local.json (modified 2026-06-12 07:04:49), 25 actions
[2026-08-10 03:52:14] Posting 25 actions to Playbook API...
[2026-08-10 03:52:14] CRON FALLBACK: Pushed cached local backup (25 actions) to Playbook API
[2026-08-10 03:52:14] Playbook API response: status=ok, count=25, stored_at=2026-08-10T07:52:14.802Z
[2026-08-10 03:52:14] Result: 25 actions synced to Playbook
[2026-08-10 03:52:14] ============================================================
[2026-08-10 04:08:29] ============================================================
[2026-08-10 04:08:29] MFP Cron Sync starting (fallback mode)
[2026-08-10 04:08:29] Cache: flagged-local.json (modified 2026-06-12 07:04:49), 25 actions
[2026-08-10 04:08:29] Posting 25 actions to Playbook API...
[2026-08-10 04:08:29] CRON FALLBACK: Pushed cached local backup (25 actions) to Playbook API
[2026-08-10 04:08:29] Playbook API response: status=ok, count=25, stored_at=2026-08-10T08:08:29.709Z
[2026-08-10 04:08:29] Result: 25 actions synced to Playbook
[2026-08-10 04:08:29] ============================================================
[2026-08-10 04:24:26] ============================================================
[2026-08-10 04:24:26] MFP Cron Sync starting (fallback mode)
[2026-08-10 04:24:26] Cache: flagged-local.json (modified 2026-06-12 07:04:49), 25 actions
[2026-08-10 04:24:26] Posting 25 actions to Playbook API...
[2026-08-10 04:24:27] CRON FALLBACK: Pushed cached local backup (25 actions) to Playbook API
[2026-08-10 04:24:27] Playbook API response: status=ok, count=25, stored_at=2026-08-10T08:24:27.302Z
[2026-08-10 04:24:27] Result: 25 actions synced to Playbook
[2026-08-10 04:24:27] ============================================================
[2026-08-10 04:40:40] ============================================================
[2026-08-10 04:40:40] MFP Cron Sync starting (fallback mode)
[2026-08-10 04:40:40] Cache: flagged-local.json (modified 2026-06-12 07:04:49), 25 actions
[2026-08-10 04:40:40] Posting 25 actions to Playbook API...
[2026-08-10 04:40:41] CRON FALLBACK: Pushed cached local backup (25 actions) to Playbook API
[2026-08-10 04:40:41] Playbook API response: status=ok, count=25, stored_at=2026-08-10T08:40:41.672Z
[2026-08-10 04:40:41] Result: 25 actions synced to Playbook
[2026-08-10 04:40:41] ============================================================
[2026-08-10 04:56:37] ============================================================
[2026-08-10 04:56:37] MFP Cron Sync starting (fallback mode)
[2026-08-10 04:56:37] Cache: flagged-local.json (modified 2026-06-12 07:04:49), 25 actions
[2026-08-10 04:56:37] Posting 25 actions to Playbook API...
[2026-08-10 04:56:38] CRON FALLBACK: Pushed cached local backup (25 actions) to Playbook API
[2026-08-10 04:56:38] Playbook API response: status=ok, count=25, stored_at=2026-08-10T08:56:38.353Z
[2026-08-10 04:56:38] Result: 25 actions synced to Playbook
[2026-08-10 04:56:38] ============================================================
[2026-08-10 05:12:36] ============================================================
[2026-08-10 05:12:36] MFP Cron Sync starting (fallback mode)
[2026-08-10 05:12:36] Cache: flagged-local.json (modified 2026-06-12 07:04:49), 25 actions
[2026-08-10 05:12:36] Posting 25 actions to Playbook API...
[2026-08-10 05:12:37] CRON FALLBACK: Pushed cached local backup (25 actions) to Playbook API
[2026-08-10 05:12:37] Playbook API response: status=ok, count=25, stored_at=2026-08-10T09:12:37.263Z
[2026-08-10 05:12:37] Result: 25 actions synced to Playbook
[2026-08-10 05:12:37] ============================================================
[2026-08-10 05:28:49] ============================================================
[2026-08-10 05:28:49] MFP Cron Sync starting (fallback mode)
[2026-08-10 05:28:49] Cache: flagged-local.json (modified 2026-06-12 07:04:49), 25 actions
[2026-08-10 05:28:49] Posting 25 actions to Playbook API...
[2026-08-10 05:28:50] CRON FALLBACK: Pushed cached local backup (25 actions) to Playbook API
[2026-08-10 05:28:50] Playbook API response: status=ok, count=25, stored_at=2026-08-10T09:28:50.387Z
[2026-08-10 05:28:50] Result: 25 actions synced to Playbook
[2026-08-10 05:28:50] ============================================================
[2026-08-10 05:44:53] ============================================================
[2026-08-10 05:44:53] MFP Cron Sync starting (fallback mode)
[2026-08-10 05:44:53] Cache: flagged-local.json (modified 2026-06-12 07:04:49), 25 actions
[2026-08-10 05:44:53] Posting 25 actions to Playbook API...
[2026-08-10 05:44:53] CRON FALLBACK: Pushed cached local backup (25 actions) to Playbook API
[2026-08-10 05:44:53] Playbook API response: status=ok, count=25, stored_at=2026-08-10T09:44:53.662Z
[2026-08-10 05:44:53] Result: 25 actions synced to Playbook
[2026-08-10 05:44:53] ============================================================
[2026-08-10 06:00:37] ============================================================
[2026-08-10 06:00:37] MFP Cron Sync starting (fallback mode)
[2026-08-10 06:00:37] Cache: flagged-local.json (modified 2026-06-12 07:04:49), 25 actions
[2026-08-10 06:00:37] Posting 25 actions to Playbook API...
[2026-08-10 06:00:37] CRON FALLBACK: Pushed cached local backup (25 actions) to Playbook API
[2026-08-10 06:00:37] Playbook API response: status=ok, count=25, stored_at=2026-08-10T10:00:37.614Z
[2026-08-10 06:00:37] Result: 25 actions synced to Playbook
[2026-08-10 06:00:37] ============================================================
[2026-08-10 06:17:52] ============================================================
[2026-08-10 06:17:52] MFP Cron Sync starting (fallback mode)
[2026-08-10 06:17:52] Cache: flagged-local.json (modified 2026-06-12 07:04:49), 25 actions
[2026-08-10 06:17:52] Posting 25 actions to Playbook API...
[2026-08-10 06:17:53] CRON FALLBACK: Pushed cached local backup (25 actions) to Playbook API
[2026-08-10 06:17:53] Playbook API response: status=ok, count=25, stored_at=2026-08-10T10:17:53.501Z
[2026-08-10 06:17:53] Result: 25 actions synced to Playbook
[2026-08-10 06:17:53] ============================================================
[2026-08-10 06:34:10] ============================================================
[2026-08-10 06:34:10] MFP Cron Sync starting (fallback mode)
[2026-08-10 06:34:10] Cache: flagged-local.json (modified 2026-06-12 07:04:49), 25 actions
[2026-08-10 06:34:10] Posting 25 actions to Playbook API...
[2026-08-10 06:34:11] CRON FALLBACK: Pushed cached local backup (25 actions) to Playbook API
[2026-08-10 06:34:11] Playbook API response: status=ok, count=25, stored_at=2026-08-10T10:34:11.333Z
[2026-08-10 06:34:11] Result: 25 actions synced to Playbook
[2026-08-10 06:34:11] ============================================================
[2026-08-10 06:50:41] ============================================================
[2026-08-10 06:50:41] MFP Cron Sync starting (fallback mode)
[2026-08-10 06:50:41] Cache: flagged-local.json (modified 2026-06-12 07:04:49), 25 actions
[2026-08-10 06:50:41] Posting 25 actions to Playbook API...
[2026-08-10 06:50:42] CRON FALLBACK: Pushed cached local backup (25 actions) to Playbook API
[2026-08-10 06:50:42] Playbook API response: status=ok, count=25, stored_at=2026-08-10T10:50:42.319Z
[2026-08-10 06:50:42] Result: 25 actions synced to Playbook
[2026-08-10 06:50:42] ============================================================
[2026-08-10 07:07:02] ============================================================
[2026-08-10 07:07:02] MFP Cron Sync starting (fallback mode)
[2026-08-10 07:07:02] Cache: flagged-local.json (modified 2026-06-12 07:04:49), 25 actions
[2026-08-10 07:07:02] Posting 25 actions to Playbook API...
[2026-08-10 07:07:02] CRON FALLBACK: Pushed cached local backup (25 actions) to Playbook API
[2026-08-10 07:07:02] Playbook API response: status=ok, count=25, stored_at=2026-08-10T11:07:02.775Z
[2026-08-10 07:07:02] Result: 25 actions synced to Playbook
[2026-08-10 07:07:02] ============================================================
[2026-08-10 07:22:49] ============================================================
[2026-08-10 07:22:49] MFP Cron Sync starting (fallback mode)
[2026-08-10 07:22:49] Cache: flagged-local.json (modified 2026-06-12 07:04:49), 25 actions
[2026-08-10 07:22:49] Posting 25 actions to Playbook API...
[2026-08-10 07:22:50] CRON FALLBACK: Pushed cached local backup (25 actions) to Playbook API
[2026-08-10 07:22:50] Playbook API response: status=ok, count=25, stored_at=2026-08-10T11:22:50.100Z
[2026-08-10 07:22:50] Result: 25 actions synced to Playbook
[2026-08-10 07:22:50] ============================================================
[2026-08-10 07:38:34] ============================================================
[2026-08-10 07:38:34] MFP Cron Sync starting (fallback mode)
[2026-08-10 07:38:34] Cache: flagged-local.json (modified 2026-06-12 07:04:49), 25 actions
[2026-08-10 07:38:34] Posting 25 actions to Playbook API...
[2026-08-10 07:38:35] CRON FALLBACK: Pushed cached local backup (25 actions) to Playbook API
[2026-08-10 07:38:35] Playbook API response: status=ok, count=25, stored_at=2026-08-10T11:38:35.299Z
[2026-08-10 07:38:35] Result: 25 actions synced to Playbook
[2026-08-10 07:38:35] ============================================================
[2026-08-10 07:54:43] ============================================================
[2026-08-10 07:54:43] MFP Cron Sync starting (fallback mode)
[2026-08-10 07:54:43] Cache: flagged-local.json (modified 2026-06-12 07:04:49), 25 actions
[2026-08-10 07:54:43] Posting 25 actions to Playbook API...
[2026-08-10 07:54:44] CRON FALLBACK: Pushed cached local backup (25 actions) to Playbook API
[2026-08-10 07:54:44] Playbook API response: status=ok, count=25, stored_at=2026-08-10T11:54:44.053Z
[2026-08-10 07:54:44] Result: 25 actions synced to Playbook
[2026-08-10 07:54:44] ============================================================
[2026-08-10 08:10:43] ============================================================
[2026-08-10 08:10:43] MFP Cron Sync starting (fallback mode)
[2026-08-10 08:10:43] Cache: flagged-local.json (modified 2026-06-12 07:04:49), 25 actions
[2026-08-10 08:10:43] Posting 25 actions to Playbook API...
[2026-08-10 08:10:44] CRON FALLBACK: Pushed cached local backup (25 actions) to Playbook API
[2026-08-10 08:10:44] Playbook API response: status=ok, count=25, stored_at=2026-08-10T12:10:44.327Z
[2026-08-10 08:10:44] Result: 25 actions synced to Playbook
[2026-08-10 08:10:44] ============================================================
[2026-08-10 08:27:27] ============================================================
[2026-08-10 08:27:27] MFP Cron Sync starting (fallback mode)
[2026-08-10 08:27:27] Cache: flagged-local.json (modified 2026-06-12 07:04:49), 25 actions
[2026-08-10 08:27:27] Posting 25 actions to Playbook API...
[2026-08-10 08:27:28] CRON FALLBACK: Pushed cached local backup (25 actions) to Playbook API
[2026-08-10 08:27:28] Playbook API response: status=ok, count=25, stored_at=2026-08-10T12:27:28.094Z
[2026-08-10 08:27:28] Result: 25 actions synced to Playbook
[2026-08-10 08:27:28] ============================================================
[2026-08-10 08:44:11] ============================================================
[2026-08-10 08:44:11] MFP Cron Sync starting (fallback mode)
[2026-08-10 08:44:11] Cache: flagged-local.json (modified 2026-06-12 07:04:49), 25 actions
[2026-08-10 08:44:11] Posting 25 actions to Playbook API...
[2026-08-10 08:44:11] CRON FALLBACK: Pushed cached local backup (25 actions) to Playbook API
[2026-08-10 08:44:11] Playbook API response: status=ok, count=25, stored_at=2026-08-10T12:44:11.660Z
[2026-08-10 08:44:11] Result: 25 actions synced to Playbook
[2026-08-10 08:44:11] ============================================================
[2026-08-10 09:01:23] ============================================================
[2026-08-10 09:01:23] MFP Cron Sync starting (fallback mode)
[2026-08-10 09:01:23] Cache: flagged-local.json (modified 2026-06-12 07:04:49), 25 actions
[2026-08-10 09:01:23] Posting 25 actions to Playbook API...
[2026-08-10 09:01:24] CRON FALLBACK: Pushed cached local backup (25 actions) to Playbook API
[2026-08-10 09:01:24] Playbook API response: status=ok, count=25, stored_at=2026-08-10T13:01:24.245Z
[2026-08-10 09:01:24] Result: 25 actions synced to Playbook
[2026-08-10 09:01:24] ============================================================
[2026-08-10 09:18:01] ============================================================
[2026-08-10 09:18:01] MFP Cron Sync starting (fallback mode)
[2026-08-10 09:18:01] Cache: flagged-local.json (modified 2026-06-12 07:04:49), 25 actions
[2026-08-10 09:18:01] Posting 25 actions to Playbook API...
[2026-08-10 09:18:02] CRON FALLBACK: Pushed cached local backup (25 actions) to Playbook API
[2026-08-10 09:18:02] Playbook API response: status=ok, count=25, stored_at=2026-08-10T13:18:02.323Z
[2026-08-10 09:18:02] Result: 25 actions synced to Playbook
[2026-08-10 09:18:02] ============================================================
[2026-08-10 09:33:44] ============================================================
[2026-08-10 09:33:44] MFP Cron Sync starting (fallback mode)
[2026-08-10 09:33:44] Cache: flagged-local.json (modified 2026-06-12 07:04:49), 25 actions
[2026-08-10 09:33:44] Posting 25 actions to Playbook API...
[2026-08-10 09:33:45] CRON FALLBACK: Pushed cached local backup (25 actions) to Playbook API
[2026-08-10 09:33:45] Playbook API response: status=ok, count=25, stored_at=2026-08-10T13:33:44.914Z
[2026-08-10 09:33:45] Result: 25 actions synced to Playbook
[2026-08-10 09:33:45] ============================================================
[2026-08-10 09:50:07] ============================================================
[2026-08-10 09:50:07] MFP Cron Sync starting (fallback mode)
[2026-08-10 09:50:07] Cache: flagged-local.json (modified 2026-06-12 07:04:49), 25 actions
[2026-08-10 09:50:07] Posting 25 actions to Playbook API...
[2026-08-10 09:50:08] CRON FALLBACK: Pushed cached local backup (25 actions) to Playbook API
[2026-08-10 09:50:08] Playbook API response: status=ok, count=25, stored_at=2026-08-10T13:50:08.399Z
[2026-08-10 09:50:08] Result: 25 actions synced to Playbook
[2026-08-10 09:50:08] ============================================================
[2026-08-10 10:06:13] ============================================================
[2026-08-10 10:06:13] MFP Cron Sync starting (fallback mode)
[2026-08-10 10:06:13] Cache: flagged-local.json (modified 2026-06-12 07:04:49), 25 actions
[2026-08-10 10:06:13] Posting 25 actions to Playbook API...
[2026-08-10 10:06:14] CRON FALLBACK: Pushed cached local backup (25 actions) to Playbook API
[2026-08-10 10:06:14] Playbook API response: status=ok, count=25, stored_at=2026-08-10T14:06:14.108Z
[2026-08-10 10:06:14] Result: 25 actions synced to Playbook
[2026-08-10 10:06:14] ============================================================
[2026-08-10 10:22:07] ============================================================
[2026-08-10 10:22:07] MFP Cron Sync starting (fallback mode)
[2026-08-10 10:22:07] Cache: flagged-local.json (modified 2026-06-12 07:04:49), 25 actions
[2026-08-10 10:22:07] Posting 25 actions to Playbook API...
[2026-08-10 10:22:08] CRON FALLBACK: Pushed cached local backup (25 actions) to Playbook API
[2026-08-10 10:22:08] Playbook API response: status=ok, count=25, stored_at=2026-08-10T14:22:08.230Z
[2026-08-10 10:22:08] Result: 25 actions synced to Playbook
[2026-08-10 10:22:08] ============================================================
[2026-08-10 10:37:44] ============================================================
[2026-08-10 10:37:44] MFP Cron Sync starting (fallback mode)
[2026-08-10 10:37:44] Cache: flagged-local.json (modified 2026-06-12 07:04:49), 25 actions
[2026-08-10 10:37:44] Posting 25 actions to Playbook API...
[2026-08-10 10:37:45] CRON FALLBACK: Pushed cached local backup (25 actions) to Playbook API
[2026-08-10 10:37:45] Playbook API response: status=ok, count=25, stored_at=2026-08-10T14:37:45.302Z
[2026-08-10 10:37:45] Result: 25 actions synced to Playbook
[2026-08-10 10:37:45] ============================================================
[2026-08-10 10:53:58] ============================================================
[2026-08-10 10:53:58] MFP Cron Sync starting (fallback mode)
[2026-08-10 10:53:58] Cache: flagged-local.json (modified 2026-06-12 07:04:49), 25 actions
[2026-08-10 10:53:58] Posting 25 actions to Playbook API...
[2026-08-10 10:53:59] CRON FALLBACK: Pushed cached local backup (25 actions) to Playbook API
[2026-08-10 10:53:59] Playbook API response: status=ok, count=25, stored_at=2026-08-10T14:53:58.906Z
[2026-08-10 10:53:59] Result: 25 actions synced to Playbook
[2026-08-10 10:53:59] ============================================================
[2026-08-10 11:09:49] ============================================================
[2026-08-10 11:09:49] MFP Cron Sync starting (fallback mode)
[2026-08-10 11:09:49] Cache: flagged-local.json (modified 2026-06-12 07:04:49), 25 actions
[2026-08-10 11:09:49] Posting 25 actions to Playbook API...
[2026-08-10 11:09:50] CRON FALLBACK: Pushed cached local backup (25 actions) to Playbook API
[2026-08-10 11:09:50] Playbook API response: status=ok, count=25, stored_at=2026-08-10T15:09:50.140Z
[2026-08-10 11:09:50] Result: 25 actions synced to Playbook
[2026-08-10 11:09:50] ============================================================
[2026-08-10 11:26:05] ============================================================
[2026-08-10 11:26:05] MFP Cron Sync starting (fallback mode)
[2026-08-10 11:26:05] Cache: flagged-local.json (modified 2026-06-12 07:04:49), 25 actions
[2026-08-10 11:26:05] Posting 25 actions to Playbook API...
[2026-08-10 11:26:06] CRON FALLBACK: Pushed cached local backup (25 actions) to Playbook API
[2026-08-10 11:26:06] Playbook API response: status=ok, count=25, stored_at=2026-08-10T15:26:06.368Z
[2026-08-10 11:26:06] Result: 25 actions synced to Playbook
[2026-08-10 11:26:06] ============================================================
[2026-08-10 11:42:10] ============================================================
[2026-08-10 11:42:10] MFP Cron Sync starting (fallback mode)
[2026-08-10 11:42:10] Cache: flagged-local.json (modified 2026-06-12 07:04:49), 25 actions
[2026-08-10 11:42:10] Posting 25 actions to Playbook API...
[2026-08-10 11:42:10] CRON FALLBACK: Pushed cached local backup (25 actions) to Playbook API
[2026-08-10 11:42:10] Playbook API response: status=ok, count=25, stored_at=2026-08-10T15:42:10.722Z
[2026-08-10 11:42:10] Result: 25 actions synced to Playbook
[2026-08-10 11:42:10] ============================================================
[2026-08-10 11:57:40] ============================================================
[2026-08-10 11:57:40] MFP Cron Sync starting (fallback mode)
[2026-08-10 11:57:40] Cache: flagged-local.json (modified 2026-06-12 07:04:49), 25 actions
[2026-08-10 11:57:40] Posting 25 actions to Playbook API...
[2026-08-10 11:57:41] CRON FALLBACK: Pushed cached local backup (25 actions) to Playbook API
[2026-08-10 11:57:41] Playbook API response: status=ok, count=25, stored_at=2026-08-10T15:57:41.435Z
[2026-08-10 11:57:41] Result: 25 actions synced to Playbook
[2026-08-10 11:57:41] ============================================================
[2026-08-10 12:14:13] ============================================================
[2026-08-10 12:14:13] MFP Cron Sync starting (fallback mode)
[2026-08-10 12:14:13] Cache: flagged-local.json (modified 2026-06-12 07:04:49), 25 actions
[2026-08-10 12:14:13] Posting 25 actions to Playbook API...
[2026-08-10 12:14:14] CRON FALLBACK: Pushed cached local backup (25 actions) to Playbook API
[2026-08-10 12:14:14] Playbook API response: status=ok, count=25, stored_at=2026-08-10T16:14:14.324Z
[2026-08-10 12:14:14] Result: 25 actions synced to Playbook
[2026-08-10 12:14:14] ============================================================
[2026-08-10 12:30:00] ============================================================
[2026-08-10 12:30:00] MFP Cron Sync starting (fallback mode)
[2026-08-10 12:30:00] Cache: flagged-local.json (modified 2026-06-12 07:04:49), 25 actions
[2026-08-10 12:30:00] Posting 25 actions to Playbook API...
[2026-08-10 12:30:00] CRON FALLBACK: Pushed cached local backup (25 actions) to Playbook API
[2026-08-10 12:30:00] Playbook API response: status=ok, count=25, stored_at=2026-08-10T16:30:00.742Z
[2026-08-10 12:30:00] Result: 25 actions synced to Playbook
[2026-08-10 12:30:00] ============================================================
[2026-08-10 12:47:18] ============================================================
[2026-08-10 12:47:18] MFP Cron Sync starting (fallback mode)
[2026-08-10 12:47:18] Cache: flagged-local.json (modified 2026-06-12 07:04:49), 25 actions
[2026-08-10 12:47:18] Posting 25 actions to Playbook API...
[2026-08-10 12:47:19] CRON FALLBACK: Pushed cached local backup (25 actions) to Playbook API
[2026-08-10 12:47:19] Playbook API response: status=ok, count=25, stored_at=2026-08-10T16:47:19.139Z
[2026-08-10 12:47:19] Result: 25 actions synced to Playbook
[2026-08-10 12:47:19] ============================================================
[2026-08-10 13:03:41] ============================================================
[2026-08-10 13:03:41] MFP Cron Sync starting (fallback mode)
[2026-08-10 13:03:41] Cache: flagged-local.json (modified 2026-06-12 07:04:49), 25 actions
[2026-08-10 13:03:41] Posting 25 actions to Playbook API...
[2026-08-10 13:03:42] CRON FALLBACK: Pushed cached local backup (25 actions) to Playbook API
[2026-08-10 13:03:42] Playbook API response: status=ok, count=25, stored_at=2026-08-10T17:03:42.418Z
[2026-08-10 13:03:42] Result: 25 actions synced to Playbook
[2026-08-10 13:03:42] ============================================================
[2026-08-10 13:19:50] ============================================================
[2026-08-10 13:19:50] MFP Cron Sync starting (fallback mode)
[2026-08-10 13:19:50] Cache: flagged-local.json (modified 2026-06-12 07:04:49), 25 actions
[2026-08-10 13:19:50] Posting 25 actions to Playbook API...
[2026-08-10 13:19:51] CRON FALLBACK: Pushed cached local backup (25 actions) to Playbook API
[2026-08-10 13:19:51] Playbook API response: status=ok, count=25, stored_at=2026-08-10T17:19:51.274Z
[2026-08-10 13:19:51] Result: 25 actions synced to Playbook
[2026-08-10 13:19:51] ============================================================
[2026-08-10 13:35:56] ============================================================
[2026-08-10 13:35:56] MFP Cron Sync starting (fallback mode)
[2026-08-10 13:35:56] Cache: flagged-local.json (modified 2026-06-12 07:04:49), 25 actions
[2026-08-10 13:35:56] Posting 25 actions to Playbook API...
[2026-08-10 13:35:56] CRON FALLBACK: Pushed cached local backup (25 actions) to Playbook API
[2026-08-10 13:35:56] Playbook API response: status=ok, count=25, stored_at=2026-08-10T17:35:56.735Z
[2026-08-10 13:35:56] Result: 25 actions synced to Playbook
[2026-08-10 13:35:56] ============================================================
[2026-08-10 13:52:04] ============================================================
[2026-08-10 13:52:04] MFP Cron Sync starting (fallback mode)
[2026-08-10 13:52:04] Cache: flagged-local.json (modified 2026-06-12 07:04:49), 25 actions
[2026-08-10 13:52:04] Posting 25 actions to Playbook API...
[2026-08-10 13:52:05] CRON FALLBACK: Pushed cached local backup (25 actions) to Playbook API
[2026-08-10 13:52:05] Playbook API response: status=ok, count=25, stored_at=2026-08-10T17:52:05.051Z
[2026-08-10 13:52:05] Result: 25 actions synced to Playbook
[2026-08-10 13:52:05] ============================================================
[2026-08-10 14:08:38] ============================================================
[2026-08-10 14:08:38] MFP Cron Sync starting (fallback mode)
[2026-08-10 14:08:38] Cache: flagged-local.json (modified 2026-06-12 07:04:49), 25 actions
[2026-08-10 14:08:38] Posting 25 actions to Playbook API...
[2026-08-10 14:08:39] CRON FALLBACK: Pushed cached local backup (25 actions) to Playbook API
[2026-08-10 14:08:39] Playbook API response: status=ok, count=25, stored_at=2026-08-10T18:08:38.997Z
[2026-08-10 14:08:39] Result: 25 actions synced to Playbook
[2026-08-10 14:08:39] ============================================================
[2026-08-10 14:24:49] ============================================================
[2026-08-10 14:24:49] MFP Cron Sync starting (fallback mode)
[2026-08-10 14:24:49] Cache: flagged-local.json (modified 2026-06-12 07:04:49), 25 actions
[2026-08-10 14:24:49] Posting 25 actions to Playbook API...
[2026-08-10 14:24:49] CRON FALLBACK: Pushed cached local backup (25 actions) to Playbook API
[2026-08-10 14:24:49] Playbook API response: status=ok, count=25, stored_at=2026-08-10T18:24:49.806Z
[2026-08-10 14:24:49] Result: 25 actions synced to Playbook
[2026-08-10 14:24:50] ============================================================
[2026-08-10 14:40:48] ============================================================
[2026-08-10 14:40:48] MFP Cron Sync starting (fallback mode)
[2026-08-10 14:40:48] Cache: flagged-local.json (modified 2026-06-12 07:04:49), 25 actions
[2026-08-10 14:40:48] Posting 25 actions to Playbook API...
[2026-08-10 14:40:49] CRON FALLBACK: Pushed cached local backup (25 actions) to Playbook API
[2026-08-10 14:40:49] Playbook API response: status=ok, count=25, stored_at=2026-08-10T18:40:48.988Z
[2026-08-10 14:40:49] Result: 25 actions synced to Playbook
[2026-08-10 14:40:49] ============================================================
[2026-08-10 14:56:49] ============================================================
[2026-08-10 14:56:49] MFP Cron Sync starting (fallback mode)
[2026-08-10 14:56:49] Cache: flagged-local.json (modified 2026-06-12 07:04:49), 25 actions
[2026-08-10 14:56:49] Posting 25 actions to Playbook API...
[2026-08-10 14:56:50] CRON FALLBACK: Pushed cached local backup (25 actions) to Playbook API
[2026-08-10 14:56:50] Playbook API response: status=ok, count=25, stored_at=2026-08-10T18:56:49.835Z
[2026-08-10 14:56:50] Result: 25 actions synced to Playbook
[2026-08-10 14:56:50] ============================================================
[2026-08-10 15:13:50] ============================================================
[2026-08-10 15:13:50] MFP Cron Sync starting (fallback mode)
[2026-08-10 15:13:50] Cache: flagged-local.json (modified 2026-06-12 07:04:49), 25 actions
[2026-08-10 15:13:50] Posting 25 actions to Playbook API...
[2026-08-10 15:13:51] CRON FALLBACK: Pushed cached local backup (25 actions) to Playbook API
[2026-08-10 15:13:51] Playbook API response: status=ok, count=25, stored_at=2026-08-10T19:13:51.315Z
[2026-08-10 15:13:51] Result: 25 actions synced to Playbook
[2026-08-10 15:13:51] ============================================================
[2026-08-10 15:29:48] ============================================================
[2026-08-10 15:29:48] MFP Cron Sync starting (fallback mode)
[2026-08-10 15:29:48] Cache: flagged-local.json (modified 2026-06-12 07:04:49), 25 actions
[2026-08-10 15:29:48] Posting 25 actions to Playbook API...
[2026-08-10 15:29:48] CRON FALLBACK: Pushed cached local backup (25 actions) to Playbook API
[2026-08-10 15:29:48] Playbook API response: status=ok, count=25, stored_at=2026-08-10T19:29:48.498Z
[2026-08-10 15:29:48] Result: 25 actions synced to Playbook
[2026-08-10 15:29:48] ============================================================
[2026-08-12 10:53:46] ============================================================
[2026-08-12 10:53:46] MFP Cron Sync starting (fallback mode)
[2026-08-12 10:53:46] Cache: flagged-local.json (modified 2026-06-12 07:04:49), 25 actions
[2026-08-12 10:53:46] Posting 25 actions to Playbook API...
[2026-08-12 10:53:47] CRON FALLBACK: Pushed cached local backup (25 actions) to Playbook API
[2026-08-12 10:53:47] Playbook API response: status=ok, count=25, stored_at=2026-08-12T14:53:48.922Z
[2026-08-12 10:53:47] Result: 25 actions synced to Playbook
[2026-08-12 10:53:47] ============================================================
[2026-08-13 03:26:04] ============================================================
[2026-08-13 03:26:04] MFP Cron Sync starting (fallback mode)
[2026-08-13 03:26:04] Cache: flagged-local.json (modified 2026-06-12 07:04:49), 25 actions
[2026-08-13 03:26:04] Posting 25 actions to Playbook API...
[2026-08-13 03:26:07] CRON FALLBACK: Pushed cached local backup (25 actions) to Playbook API
[2026-08-13 03:26:07] Playbook API response: status=ok, count=25, stored_at=2026-08-13T07:26:10.819Z
[2026-08-13 03:26:07] Result: 25 actions synced to Playbook
[2026-08-13 03:26:07] ============================================================
[2026-08-17 00:29:50] ============================================================
[2026-08-17 00:29:50] MFP Cron Sync starting (fallback mode)
[2026-08-17 00:29:50] Cache: flagged-local.json (modified 2026-06-12 07:04:49), 25 actions
[2026-08-17 00:29:50] Posting 25 actions to Playbook API...
[2026-08-17 00:29:51] CRON FALLBACK: Pushed cached local backup (25 actions) to Playbook API
[2026-08-17 00:29:51] Playbook API response: status=ok, count=25, stored_at=2026-08-17T04:29:53.578Z
[2026-08-17 00:29:51] Result: 25 actions synced to Playbook
[2026-08-17 00:29:51] ============================================================
[2026-09-04 17:32:42] ============================================================
[2026-09-04 17:32:42] MFP Cron Sync starting (fallback mode)
[2026-09-04 17:32:42] Cache: flagged-local.json (modified 2026-06-12 07:04:49), 25 actions
[2026-09-04 17:32:42] Posting 25 actions to Playbook API...
[2026-09-04 17:32:43] CRON FALLBACK: Pushed cached local backup (25 actions) to Playbook API
[2026-09-04 17:32:43] Playbook API response: status=ok, count=25, stored_at=2026-09-04T21:32:44.020Z
[2026-09-04 17:32:43] Result: 25 actions synced to Playbook
[2026-09-04 17:32:43] ============================================================
[2026-09-11 00:03:04] ============================================================
[2026-09-11 00:03:04] MFP Cron Sync starting (fallback mode)
[2026-09-11 00:03:04] Cache: flagged-local.json (modified 2026-06-12 07:04:49), 25 actions
[2026-09-11 00:03:04] Posting 25 actions to Playbook API...
[2026-09-11 00:03:06] CRON FALLBACK: Pushed cached local backup (25 actions) to Playbook API
[2026-09-11 00:03:06] Playbook API response: status=ok, count=25, stored_at=2026-09-11T04:03:05.238Z
[2026-09-11 00:03:06] Result: 25 actions synced to Playbook
[2026-09-11 00:03:06] ============================================================
